

Microchip MPLAB XC8 Assembler V3.10 build 20250813170317 
                                                                                               Tue Apr 14 01:22:03 2026

Microchip MPLAB XC8 C Compiler v3.10 (Free license) build 20250813170317 Og1 
     1                           	processor	16F18426
     2                           	pagewidth 120
     3                           	opt	flic
     4                           	psect	idataCOMMON,global,class=CODE,space=0,delta=2,noexec
     5                           	psect	nvBANK0,global,class=BANK0,space=1,delta=1,noexec
     6                           	psect	stringtext1,global,class=STRCODE,space=0,delta=2,noexec
     7                           	psect	stringtext2,global,class=STRCODE,space=0,delta=2,noexec
     8                           	psect	stringtext3,global,class=STRCODE,space=0,delta=2,noexec
     9                           	psect	stringtext4,global,class=STRCODE,space=0,delta=2,noexec
    10                           	psect	stringtext5,global,class=STRCODE,space=0,delta=2,noexec
    11                           	psect	cinit,global,class=CODE,space=0,merge=1,delta=2
    12                           	psect	bssCOMMON,global,class=COMMON,space=1,delta=1,noexec
    13                           	psect	dataCOMMON,global,class=COMMON,space=1,delta=1,noexec
    14                           	psect	bssBANK0,global,class=BANK0,space=1,delta=1,noexec
    15                           	psect	bssBANK1,global,class=BANK1,space=1,delta=1,noexec
    16                           	psect	clrtext,global,class=CODE,space=0,delta=2
    17                           	psect	cstackCOMMON,global,class=COMMON,space=1,delta=1,noexec
    18                           	psect	cstackBANK0,global,class=BANK0,space=1,delta=1,noexec
    19                           	psect	maintext,global,class=CODE,space=0,merge=1,split=1,delta=2
    20                           	psect	text1,local,class=CODE,space=0,merge=1,delta=2
    21                           	psect	text2,local,class=CODE,space=0,merge=1,delta=2
    22                           	psect	text3,local,class=CODE,space=0,merge=1,delta=2
    23                           	psect	text4,local,class=CODE,space=0,merge=1,delta=2
    24                           	psect	text5,local,class=CODE,space=0,merge=1,delta=2
    25                           	psect	text6,local,class=CODE,space=0,merge=1,delta=2
    26                           	psect	text7,local,class=CODE,space=0,merge=1,delta=2
    27                           	psect	text8,local,class=CODE,space=0,merge=1,delta=2
    28                           	psect	text9,local,class=CODE,space=0,merge=1,delta=2
    29                           	psect	text10,local,class=CODE,space=0,merge=1,delta=2
    30                           	psect	text11,local,class=CODE,space=0,merge=1,delta=2
    31                           	psect	text12,local,class=CODE,space=0,merge=1,delta=2
    32                           	psect	text13,local,class=CODE,space=0,merge=1,delta=2
    33                           	psect	text14,local,class=CODE,space=0,merge=1,delta=2
    34                           	psect	intentry,global,class=CODE,space=0,delta=2
    35                           	psect	text16,local,class=CODE,space=0,merge=1,delta=2
    36                           	psect	text17,local,class=CODE,space=0,merge=1,delta=2
    37                           	psect	text18,local,class=CODE,space=0,merge=1,delta=2
    38                           	psect	text19,local,class=CODE,space=0,merge=1,delta=2
    39                           	psect	text20,local,class=CODE,space=0,merge=1,delta=2
    40                           	psect	text21,local,class=CODE,space=0,merge=1,delta=2
    41                           	psect	text22,local,class=CODE,space=0,merge=1,delta=2
    42                           	psect	text23,local,class=CODE,space=0,merge=1,delta=2
    43                           	psect	text24,local,class=CODE,space=0,merge=1,delta=2
    44                           	psect	text25,local,class=CODE,space=0,merge=1,delta=2
    45                           	psect	text26,local,class=CODE,space=0,merge=1,delta=2
    46                           	psect	text27,local,class=CODE,space=0,merge=1,delta=2
    47                           	psect	text28,local,class=CODE,space=0,merge=1,delta=2
    48                           	psect	config,global,abs,ovrld,class=CONFIG,space=4,delta=2,noexec
    49                           	dabs	1,0x7E,2
    50     0000                     
    51                           ; Generated 22/01/2025 GMT
    52                           ; 
    53                           ; Copyright © 2025, Microchip Technology Inc. and its subsidiaries ("Microchip")
    54                           ; All rights reserved.
    55                           ; 
    56                           ; This software is developed by Microchip Technology Inc. and its subsidiaries ("Microch
      +                          ip").
    57                           ; 
    58                           ; Redistribution and use in source and binary forms, with or without modification, are
    59                           ; permitted provided that the following conditions are met:
    60                           ; 
    61                           ;     1. Redistributions of source code must retain the above copyright notice, this lis
      +                          t of
    62                           ;        conditions and the following disclaimer.
    63                           ; 
    64                           ;     2. Redistributions in binary form must reproduce the above copyright notice, this 
      +                          list
    65                           ;        of conditions and the following disclaimer in the documentation and/or other
    66                           ;        materials provided with the distribution. Publication is not required when
    67                           ;        this file is used in an embedded application.
    68                           ; 
    69                           ;     3. Microchip's name may not be used to endorse or promote products derived from th
      +                          is
    70                           ;        software without specific prior written permission.
    71                           ; 
    72                           ; THIS SOFTWARE IS PROVIDED BY MICROCHIP "AS IS" AND ANY EXPRESS OR IMPLIED WARRANTIES,
    73                           ; INCLUDING, BUT NOT LIMITED TO, THE IMPLIED WARRANTIES OF MERCHANTABILITY AND FITNESS F
      +                          OR
    74                           ; PURPOSE ARE DISCLAIMED.  IN NO EVENT SHALL MICROCHIP BE LIABLE FOR ANY DIRECT, INDIREC
      +                          T,
    75                           ; INCIDENTAL, SPECIAL, EXEMPLARY, OR CONSEQUENTIAL DAMAGES (INCLUDING BUT NOT LIMITED TO
    76                           ; PROCUREMENT OF SUBSTITUTE GOODS OR SERVICES; LOSS OF USE, DATA OR PROFITS; OR BUSINESS
    77                           ; INTERRUPTION) HOWSOEVER CAUSED AND ON ANY THEORY OF LIABILITY, WHETHER IN CONTRACT, ST
      +                          RICT
    78                           ; LIABILITY, OR TORT (INCLUDING NEGLIGENCE OR OTHERWISE) ARISING IN ANY WAY OUT OF THE U
      +                          SE OF
    79                           ; THIS SOFTWARE, EVEN IF ADVISED OF THE POSSIBILITY OF SUCH DAMAGE.
    80                           ; 
    81                           ; 
    82                           ; Code-generator required, PIC16F18426 Definitions
    83                           ; 
    84                           ; SFR Addresses
    85     0008                     bsr             equ	8
    86     0005                     fsr0h           equ	5
    87     0004                     fsr0l           equ	4
    88     0007                     fsr1h           equ	7
    89     0006                     fsr1l           equ	6
    90     0000                     indf            equ	0
    91     0000                     indf0           equ	0
    92     0001                     indf1           equ	1
    93     000B                     intcon          equ	11
    94     0002                     pc              equ	2
    95     0002                     pcl             equ	2
    96     000A                     pclath          equ	10
    97     0003                     status          equ	3
    98     0009                     wreg            equ	9
    99     0000                     INDF0           equ	0	;# 
   100     0001                     INDF1           equ	1	;# 
   101     0002                     PCL             equ	2	;# 
   102     0003                     STATUS          equ	3	;# 
   103     0004                     FSR0L           equ	4	;# 
   104     0005                     FSR0H           equ	5	;# 
   105     0006                     FSR1L           equ	6	;# 
   106     0007                     FSR1H           equ	7	;# 
   107     0008                     BSR             equ	8	;# 
   108     0009                     WREG            equ	9	;# 
   109     000A                     PCLATH          equ	10	;# 
   110     000B                     INTCON          equ	11	;# 
   111     000C                     PORTA           equ	12	;# 
   112     000E                     PORTC           equ	14	;# 
   113     0012                     TRISA           equ	18	;# 
   114     0014                     TRISC           equ	20	;# 
   115     0018                     LATA            equ	24	;# 
   116     001A                     LATC            equ	26	;# 
   117     008C                     ADLTH           equ	140	;# 
   118     008C                     ADLTHL          equ	140	;# 
   119     008D                     ADLTHH          equ	141	;# 
   120     008E                     ADUTH           equ	142	;# 
   121     008E                     ADUTHL          equ	142	;# 
   122     008F                     ADUTHH          equ	143	;# 
   123     0090                     ADERR           equ	144	;# 
   124     0090                     ADERRL          equ	144	;# 
   125     0091                     ADERRH          equ	145	;# 
   126     0092                     ADSTPT          equ	146	;# 
   127     0092                     ADSTPTL         equ	146	;# 
   128     0093                     ADSTPTH         equ	147	;# 
   129     0094                     ADFLTR          equ	148	;# 
   130     0094                     ADFLTRL         equ	148	;# 
   131     0095                     ADFLTRH         equ	149	;# 
   132     0096                     ADACC           equ	150	;# 
   133     0096                     ADACCL          equ	150	;# 
   134     0097                     ADACCH          equ	151	;# 
   135     0098                     ADACCU          equ	152	;# 
   136     0099                     ADCNT           equ	153	;# 
   137     009A                     ADRPT           equ	154	;# 
   138     009B                     ADPREV          equ	155	;# 
   139     009B                     ADPREVL         equ	155	;# 
   140     009C                     ADPREVH         equ	156	;# 
   141     009D                     ADRES           equ	157	;# 
   142     009D                     ADRESL          equ	157	;# 
   143     009E                     ADRESH          equ	158	;# 
   144     009F                     ADPCH           equ	159	;# 
   145     010C                     ADACQ           equ	268	;# 
   146     010C                     ADACQL          equ	268	;# 
   147     010D                     ADACQH          equ	269	;# 
   148     010E                     ADCAP           equ	270	;# 
   149     010F                     ADPRE           equ	271	;# 
   150     010F                     ADPREL          equ	271	;# 
   151     0110                     ADPREH          equ	272	;# 
   152     0111                     ADCON0          equ	273	;# 
   153     0112                     ADCON1          equ	274	;# 
   154     0113                     ADCON2          equ	275	;# 
   155     0114                     ADCON3          equ	276	;# 
   156     0115                     ADSTAT          equ	277	;# 
   157     0116                     ADREF           equ	278	;# 
   158     0117                     ADACT           equ	279	;# 
   159     0118                     ADCLK           equ	280	;# 
   160     0119                     RC1REG          equ	281	;# 
   161     0119                     RCREG           equ	281	;# 
   162     0119                     RCREG1          equ	281	;# 
   163     011A                     TX1REG          equ	282	;# 
   164     011A                     TXREG1          equ	282	;# 
   165     011A                     TXREG           equ	282	;# 
   166     011B                     SP1BRG          equ	283	;# 
   167     011B                     SPBRG           equ	283	;# 
   168     011B                     SP1BRGL         equ	283	;# 
   169     011B                     SPBRG1          equ	283	;# 
   170     011B                     SPBRGL          equ	283	;# 
   171     011C                     SP1BRGH         equ	284	;# 
   172     011C                     SPBRGH          equ	284	;# 
   173     011C                     SPBRGH1         equ	284	;# 
   174     011D                     RC1STA          equ	285	;# 
   175     011D                     RCSTA1          equ	285	;# 
   176     011D                     RCSTA           equ	285	;# 
   177     011E                     TX1STA          equ	286	;# 
   178     011E                     TXSTA1          equ	286	;# 
   179     011E                     TXSTA           equ	286	;# 
   180     011F                     BAUD1CON        equ	287	;# 
   181     011F                     BAUDCON1        equ	287	;# 
   182     011F                     BAUDCTL1        equ	287	;# 
   183     011F                     BAUDCON         equ	287	;# 
   184     011F                     BAUDCTL         equ	287	;# 
   185     018C                     SSP1BUF         equ	396	;# 
   186     018D                     SSP1ADD         equ	397	;# 
   187     018E                     SSP1MSK         equ	398	;# 
   188     018F                     SSP1STAT        equ	399	;# 
   189     0190                     SSP1CON1        equ	400	;# 
   190     0191                     SSP1CON2        equ	401	;# 
   191     0192                     SSP1CON3        equ	402	;# 
   192     0196                     SSP2BUF         equ	406	;# 
   193     0197                     SSP2ADD         equ	407	;# 
   194     0198                     SSP2MSK         equ	408	;# 
   195     0199                     SSP2STAT        equ	409	;# 
   196     019A                     SSP2CON1        equ	410	;# 
   197     019B                     SSP2CON2        equ	411	;# 
   198     019C                     SSP2CON3        equ	412	;# 
   199     020C                     TMR1            equ	524	;# 
   200     020C                     TMR1L           equ	524	;# 
   201     020D                     TMR1H           equ	525	;# 
   202     020E                     T1CON           equ	526	;# 
   203     020E                     TMR1CON         equ	526	;# 
   204     020F                     T1GCON          equ	527	;# 
   205     020F                     TMR1GCON        equ	527	;# 
   206     0210                     T1GATE          equ	528	;# 
   207     0210                     TMR1GATE        equ	528	;# 
   208     0211                     T1CLK           equ	529	;# 
   209     0211                     TMR1CLK         equ	529	;# 
   210     0211                     PR1             equ	529	;# 
   211     0212                     TMR3            equ	530	;# 
   212     0212                     TMR3L           equ	530	;# 
   213     0213                     TMR3H           equ	531	;# 
   214     0214                     T3CON           equ	532	;# 
   215     0214                     TMR3CON         equ	532	;# 
   216     0215                     T3GCON          equ	533	;# 
   217     0215                     TMR3GCON        equ	533	;# 
   218     0216                     T3GATE          equ	534	;# 
   219     0216                     TMR3GATE        equ	534	;# 
   220     0217                     T3CLK           equ	535	;# 
   221     0217                     TMR3CLK         equ	535	;# 
   222     0217                     PR3             equ	535	;# 
   223     0218                     TMR5            equ	536	;# 
   224     0218                     TMR5L           equ	536	;# 
   225     0219                     TMR5H           equ	537	;# 
   226     021A                     T5CON           equ	538	;# 
   227     021A                     TMR5CON         equ	538	;# 
   228     021B                     T5GCON          equ	539	;# 
   229     021B                     TMR5GCON        equ	539	;# 
   230     021C                     T5GATE          equ	540	;# 
   231     021C                     TMR5GATE        equ	540	;# 
   232     021D                     T5CLK           equ	541	;# 
   233     021D                     TMR5CLK         equ	541	;# 
   234     021D                     PR5             equ	541	;# 
   235     021E                     CCPTMRS0        equ	542	;# 
   236     021F                     CCPTMRS1        equ	543	;# 
   237     028C                     T2TMR           equ	652	;# 
   238     028C                     TMR2            equ	652	;# 
   239     028D                     T2PR            equ	653	;# 
   240     028D                     PR2             equ	653	;# 
   241     028E                     T2CON           equ	654	;# 
   242     028F                     T2HLT           equ	655	;# 
   243     0290                     T2CLKCON        equ	656	;# 
   244     0291                     T2RST           equ	657	;# 
   245     0292                     T4TMR           equ	658	;# 
   246     0292                     TMR4            equ	658	;# 
   247     0293                     T4PR            equ	659	;# 
   248     0293                     PR4             equ	659	;# 
   249     0294                     T4CON           equ	660	;# 
   250     0295                     T4HLT           equ	661	;# 
   251     0296                     T4CLKCON        equ	662	;# 
   252     0297                     T4RST           equ	663	;# 
   253     0298                     T6TMR           equ	664	;# 
   254     0298                     TMR6            equ	664	;# 
   255     0299                     T6PR            equ	665	;# 
   256     0299                     PR6             equ	665	;# 
   257     029A                     T6CON           equ	666	;# 
   258     029B                     T6HLT           equ	667	;# 
   259     029C                     T6CLKCON        equ	668	;# 
   260     029D                     T6RST           equ	669	;# 
   261     029F                     ADCPCON0        equ	671	;# 
   262     030C                     CCPR1           equ	780	;# 
   263     030C                     CCPR1L          equ	780	;# 
   264     030D                     CCPR1H          equ	781	;# 
   265     030E                     CCP1CON         equ	782	;# 
   266     030F                     CCP1CAP         equ	783	;# 
   267     0310                     CCPR2           equ	784	;# 
   268     0310                     CCPR2L          equ	784	;# 
   269     0311                     CCPR2H          equ	785	;# 
   270     0312                     CCP2CON         equ	786	;# 
   271     0313                     CCP2CAP         equ	787	;# 
   272     0314                     CCPR3           equ	788	;# 
   273     0314                     CCPR3L          equ	788	;# 
   274     0315                     CCPR3H          equ	789	;# 
   275     0316                     CCP3CON         equ	790	;# 
   276     0317                     CCP3CAP         equ	791	;# 
   277     0318                     CCPR4           equ	792	;# 
   278     0318                     CCPR4L          equ	792	;# 
   279     0319                     CCPR4H          equ	793	;# 
   280     031A                     CCP4CON         equ	794	;# 
   281     031B                     CCP4CAP         equ	795	;# 
   282     038C                     PWM6DC          equ	908	;# 
   283     038C                     PWM6DCL         equ	908	;# 
   284     038D                     PWM6DCH         equ	909	;# 
   285     038E                     PWM6CON         equ	910	;# 
   286     0390                     PWM7DC          equ	912	;# 
   287     0390                     PWM7DCL         equ	912	;# 
   288     0391                     PWM7DCH         equ	913	;# 
   289     0392                     PWM7CON         equ	914	;# 
   290     048C                     SMT1TMR         equ	1164	;# 
   291     048C                     SMT1TMRL        equ	1164	;# 
   292     048D                     SMT1TMRH        equ	1165	;# 
   293     048E                     SMT1TMRU        equ	1166	;# 
   294     048F                     SMT1CPR         equ	1167	;# 
   295     048F                     SMT1CPRL        equ	1167	;# 
   296     0490                     SMT1CPRH        equ	1168	;# 
   297     0491                     SMT1CPRU        equ	1169	;# 
   298     0492                     SMT1CPW         equ	1170	;# 
   299     0492                     SMT1CPWL        equ	1170	;# 
   300     0493                     SMT1CPWH        equ	1171	;# 
   301     0494                     SMT1CPWU        equ	1172	;# 
   302     0495                     SMT1PR          equ	1173	;# 
   303     0495                     SMT1PRL         equ	1173	;# 
   304     0496                     SMT1PRH         equ	1174	;# 
   305     0497                     SMT1PRU         equ	1175	;# 
   306     0498                     SMT1CON0        equ	1176	;# 
   307     0499                     SMT1CON1        equ	1177	;# 
   308     049A                     SMT1STAT        equ	1178	;# 
   309     049B                     SMT1CLK         equ	1179	;# 
   310     049C                     SMT1SIG         equ	1180	;# 
   311     049D                     SMT1WIN         equ	1181	;# 
   312     058C                     NCO1ACC         equ	1420	;# 
   313     058C                     NCO1ACCL        equ	1420	;# 
   314     058D                     NCO1ACCH        equ	1421	;# 
   315     058E                     NCO1ACCU        equ	1422	;# 
   316     058F                     NCO1INC         equ	1423	;# 
   317     058F                     NCO1INCL        equ	1423	;# 
   318     0590                     NCO1INCH        equ	1424	;# 
   319     0591                     NCO1INCU        equ	1425	;# 
   320     0592                     NCO1CON         equ	1426	;# 
   321     0593                     NCO1CLK         equ	1427	;# 
   322     059C                     TMR0L           equ	1436	;# 
   323     059C                     TMR0            equ	1436	;# 
   324     059D                     TMR0H           equ	1437	;# 
   325     059D                     PR0             equ	1437	;# 
   326     059E                     T0CON0          equ	1438	;# 
   327     059F                     T0CON1          equ	1439	;# 
   328     060C                     CWG1CLK         equ	1548	;# 
   329     060C                     CWG1CLKCON      equ	1548	;# 
   330     060D                     CWG1ISM         equ	1549	;# 
   331     060D                     CWG1DAT         equ	1549	;# 
   332     060E                     CWG1DBR         equ	1550	;# 
   333     060F                     CWG1DBF         equ	1551	;# 
   334     0610                     CWG1CON0        equ	1552	;# 
   335     0611                     CWG1CON1        equ	1553	;# 
   336     0612                     CWG1AS0         equ	1554	;# 
   337     0613                     CWG1AS1         equ	1555	;# 
   338     0614                     CWG1STR         equ	1556	;# 
   339     0616                     CWG2CLK         equ	1558	;# 
   340     0616                     CWG2CLKCON      equ	1558	;# 
   341     0617                     CWG2ISM         equ	1559	;# 
   342     0617                     CWG2DAT         equ	1559	;# 
   343     0618                     CWG2DBR         equ	1560	;# 
   344     0619                     CWG2DBF         equ	1561	;# 
   345     061A                     CWG2CON0        equ	1562	;# 
   346     061B                     CWG2CON1        equ	1563	;# 
   347     061C                     CWG2AS0         equ	1564	;# 
   348     061D                     CWG2AS1         equ	1565	;# 
   349     061E                     CWG2STR         equ	1566	;# 
   350     070C                     PIR0            equ	1804	;# 
   351     070D                     PIR1            equ	1805	;# 
   352     070E                     PIR2            equ	1806	;# 
   353     070F                     PIR3            equ	1807	;# 
   354     0710                     PIR4            equ	1808	;# 
   355     0711                     PIR5            equ	1809	;# 
   356     0712                     PIR6            equ	1810	;# 
   357     0713                     PIR7            equ	1811	;# 
   358     0714                     PIR8            equ	1812	;# 
   359     0716                     PIE0            equ	1814	;# 
   360     0717                     PIE1            equ	1815	;# 
   361     0718                     PIE2            equ	1816	;# 
   362     0719                     PIE3            equ	1817	;# 
   363     071A                     PIE4            equ	1818	;# 
   364     071B                     PIE5            equ	1819	;# 
   365     071C                     PIE6            equ	1820	;# 
   366     071D                     PIE7            equ	1821	;# 
   367     071E                     PIE8            equ	1822	;# 
   368     0796                     PMD0            equ	1942	;# 
   369     0797                     PMD1            equ	1943	;# 
   370     0798                     PMD2            equ	1944	;# 
   371     0799                     PMD3            equ	1945	;# 
   372     079A                     PMD4            equ	1946	;# 
   373     079B                     PMD5            equ	1947	;# 
   374     079C                     PMD6            equ	1948	;# 
   375     079D                     PMD7            equ	1949	;# 
   376     080C                     WDTCON0         equ	2060	;# 
   377     080D                     WDTCON1         equ	2061	;# 
   378     080E                     WDTPSL          equ	2062	;# 
   379     080F                     WDTPSH          equ	2063	;# 
   380     0810                     WDTTMR          equ	2064	;# 
   381     0811                     BORCON          equ	2065	;# 
   382     0812                     VREGCON         equ	2066	;# 
   383     0813                     PCON0           equ	2067	;# 
   384     0814                     PCON1           equ	2068	;# 
   385     081A                     NVMADR          equ	2074	;# 
   386     081A                     NVMADRL         equ	2074	;# 
   387     081B                     NVMADRH         equ	2075	;# 
   388     081C                     NVMDAT          equ	2076	;# 
   389     081C                     NVMDATL         equ	2076	;# 
   390     081D                     NVMDATH         equ	2077	;# 
   391     081E                     NVMCON1         equ	2078	;# 
   392     081F                     NVMCON2         equ	2079	;# 
   393     088C                     CPUDOZE         equ	2188	;# 
   394     088D                     OSCCON1         equ	2189	;# 
   395     088E                     OSCCON2         equ	2190	;# 
   396     088F                     OSCCON3         equ	2191	;# 
   397     0890                     OSCSTAT         equ	2192	;# 
   398     0891                     OSCEN           equ	2193	;# 
   399     0892                     OSCTUNE         equ	2194	;# 
   400     0893                     OSCFRQ          equ	2195	;# 
   401     0895                     CLKRCON         equ	2197	;# 
   402     0896                     CLKRCLK         equ	2198	;# 
   403     0897                     MD1CON0         equ	2199	;# 
   404     0898                     MD1CON1         equ	2200	;# 
   405     0899                     MD1SRC          equ	2201	;# 
   406     089A                     MD1CARL         equ	2202	;# 
   407     089B                     MD1CARH         equ	2203	;# 
   408     090C                     FVRCON          equ	2316	;# 
   409     090E                     DAC1CON0        equ	2318	;# 
   410     090F                     DAC1CON1        equ	2319	;# 
   411     091F                     ZCDCON          equ	2335	;# 
   412     098F                     CMOUT           equ	2447	;# 
   413     098F                     CMSTAT          equ	2447	;# 
   414     0990                     CM1CON0         equ	2448	;# 
   415     0991                     CM1CON1         equ	2449	;# 
   416     0992                     CM1NCH          equ	2450	;# 
   417     0993                     CM1PCH          equ	2451	;# 
   418     0994                     CM2CON0         equ	2452	;# 
   419     0995                     CM2CON1         equ	2453	;# 
   420     0996                     CM2NCH          equ	2454	;# 
   421     0997                     CM2PCH          equ	2455	;# 
   422     1E0F                     CLCDATA         equ	7695	;# 
   423     1E10                     CLC1CON         equ	7696	;# 
   424     1E11                     CLC1POL         equ	7697	;# 
   425     1E12                     CLC1SEL0        equ	7698	;# 
   426     1E13                     CLC1SEL1        equ	7699	;# 
   427     1E14                     CLC1SEL2        equ	7700	;# 
   428     1E15                     CLC1SEL3        equ	7701	;# 
   429     1E16                     CLC1GLS0        equ	7702	;# 
   430     1E17                     CLC1GLS1        equ	7703	;# 
   431     1E18                     CLC1GLS2        equ	7704	;# 
   432     1E19                     CLC1GLS3        equ	7705	;# 
   433     1E1A                     CLC2CON         equ	7706	;# 
   434     1E1B                     CLC2POL         equ	7707	;# 
   435     1E1C                     CLC2SEL0        equ	7708	;# 
   436     1E1D                     CLC2SEL1        equ	7709	;# 
   437     1E1E                     CLC2SEL2        equ	7710	;# 
   438     1E1F                     CLC2SEL3        equ	7711	;# 
   439     1E20                     CLC2GLS0        equ	7712	;# 
   440     1E21                     CLC2GLS1        equ	7713	;# 
   441     1E22                     CLC2GLS2        equ	7714	;# 
   442     1E23                     CLC2GLS3        equ	7715	;# 
   443     1E24                     CLC3CON         equ	7716	;# 
   444     1E25                     CLC3POL         equ	7717	;# 
   445     1E26                     CLC3SEL0        equ	7718	;# 
   446     1E27                     CLC3SEL1        equ	7719	;# 
   447     1E28                     CLC3SEL2        equ	7720	;# 
   448     1E29                     CLC3SEL3        equ	7721	;# 
   449     1E2A                     CLC3GLS0        equ	7722	;# 
   450     1E2B                     CLC3GLS1        equ	7723	;# 
   451     1E2C                     CLC3GLS2        equ	7724	;# 
   452     1E2D                     CLC3GLS3        equ	7725	;# 
   453     1E2E                     CLC4CON         equ	7726	;# 
   454     1E2F                     CLC4POL         equ	7727	;# 
   455     1E30                     CLC4SEL0        equ	7728	;# 
   456     1E31                     CLC4SEL1        equ	7729	;# 
   457     1E32                     CLC4SEL2        equ	7730	;# 
   458     1E33                     CLC4SEL3        equ	7731	;# 
   459     1E34                     CLC4GLS0        equ	7732	;# 
   460     1E35                     CLC4GLS1        equ	7733	;# 
   461     1E36                     CLC4GLS2        equ	7734	;# 
   462     1E37                     CLC4GLS3        equ	7735	;# 
   463     1E8F                     PPSLOCK         equ	7823	;# 
   464     1E90                     INTPPS          equ	7824	;# 
   465     1E91                     T0CKIPPS        equ	7825	;# 
   466     1E92                     T1CKIPPS        equ	7826	;# 
   467     1E93                     T1GPPS          equ	7827	;# 
   468     1E94                     T3CKIPPS        equ	7828	;# 
   469     1E95                     T3GPPS          equ	7829	;# 
   470     1E96                     T5CKIPPS        equ	7830	;# 
   471     1E97                     T5GPPS          equ	7831	;# 
   472     1E9C                     T2INPPS         equ	7836	;# 
   473     1E9D                     T4INPPS         equ	7837	;# 
   474     1E9E                     T6INPPS         equ	7838	;# 
   475     1EA1                     CCP1PPS         equ	7841	;# 
   476     1EA2                     CCP2PPS         equ	7842	;# 
   477     1EA3                     CCP3PPS         equ	7843	;# 
   478     1EA4                     CCP4PPS         equ	7844	;# 
   479     1EA9                     SMT1WINPPS      equ	7849	;# 
   480     1EAA                     SMT1SIGPPS      equ	7850	;# 
   481     1EB1                     CWG1PPS         equ	7857	;# 
   482     1EB2                     CWG2PPS         equ	7858	;# 
   483     1EB8                     MDCARLPPS       equ	7864	;# 
   484     1EB9                     MDCARHPPS       equ	7865	;# 
   485     1EBA                     MDSRCPPS        equ	7866	;# 
   486     1EBB                     CLCIN0PPS       equ	7867	;# 
   487     1EBC                     CLCIN1PPS       equ	7868	;# 
   488     1EBD                     CLCIN2PPS       equ	7869	;# 
   489     1EBE                     CLCIN3PPS       equ	7870	;# 
   490     1EC3                     ADACTPPS        equ	7875	;# 
   491     1EC5                     SSP1CLKPPS      equ	7877	;# 
   492     1EC6                     SSP1DATPPS      equ	7878	;# 
   493     1EC7                     SSP1SSPPS       equ	7879	;# 
   494     1EC8                     SSP2CLKPPS      equ	7880	;# 
   495     1EC9                     SSP2DATPPS      equ	7881	;# 
   496     1ECA                     SSP2SSPPS       equ	7882	;# 
   497     1ECB                     RX1PPS          equ	7883	;# 
   498     1ECC                     CK1PPS          equ	7884	;# 
   499     1F10                     RA0PPS          equ	7952	;# 
   500     1F11                     RA1PPS          equ	7953	;# 
   501     1F12                     RA2PPS          equ	7954	;# 
   502     1F14                     RA4PPS          equ	7956	;# 
   503     1F15                     RA5PPS          equ	7957	;# 
   504     1F20                     RC0PPS          equ	7968	;# 
   505     1F21                     RC1PPS          equ	7969	;# 
   506     1F22                     RC2PPS          equ	7970	;# 
   507     1F23                     RC3PPS          equ	7971	;# 
   508     1F24                     RC4PPS          equ	7972	;# 
   509     1F25                     RC5PPS          equ	7973	;# 
   510     1F38                     ANSELA          equ	7992	;# 
   511     1F39                     WPUA            equ	7993	;# 
   512     1F3A                     ODCONA          equ	7994	;# 
   513     1F3B                     SLRCONA         equ	7995	;# 
   514     1F3C                     INLVLA          equ	7996	;# 
   515     1F3D                     IOCAP           equ	7997	;# 
   516     1F3E                     IOCAN           equ	7998	;# 
   517     1F3F                     IOCAF           equ	7999	;# 
   518     1F4E                     ANSELC          equ	8014	;# 
   519     1F4F                     WPUC            equ	8015	;# 
   520     1F50                     ODCONC          equ	8016	;# 
   521     1F51                     SLRCONC         equ	8017	;# 
   522     1F52                     INLVLC          equ	8018	;# 
   523     1F53                     IOCCP           equ	8019	;# 
   524     1F54                     IOCCN           equ	8020	;# 
   525     1F55                     IOCCF           equ	8021	;# 
   526     1FE4                     STATUS_SHAD     equ	8164	;# 
   527     1FE5                     WREG_SHAD       equ	8165	;# 
   528     1FE6                     BSR_SHAD        equ	8166	;# 
   529     1FE7                     PCLATH_SHAD     equ	8167	;# 
   530     1FE8                     FSR0_SHAD       equ	8168	;# 
   531     1FE8                     FSR0L_SHAD      equ	8168	;# 
   532     1FE9                     FSR0H_SHAD      equ	8169	;# 
   533     1FEA                     FSR1L_SHAD      equ	8170	;# 
   534     1FEB                     FSR1H_SHAD      equ	8171	;# 
   535     1FED                     STKPTR          equ	8173	;# 
   536     1FEE                     TOSL            equ	8174	;# 
   537     1FEF                     TOSH            equ	8175	;# 
   538     0000                     INDF0           equ	0	;# 
   539     0001                     INDF1           equ	1	;# 
   540     0002                     PCL             equ	2	;# 
   541     0003                     STATUS          equ	3	;# 
   542     0004                     FSR0L           equ	4	;# 
   543     0005                     FSR0H           equ	5	;# 
   544     0006                     FSR1L           equ	6	;# 
   545     0007                     FSR1H           equ	7	;# 
   546     0008                     BSR             equ	8	;# 
   547     0009                     WREG            equ	9	;# 
   548     000A                     PCLATH          equ	10	;# 
   549     000B                     INTCON          equ	11	;# 
   550     000C                     PORTA           equ	12	;# 
   551     000E                     PORTC           equ	14	;# 
   552     0012                     TRISA           equ	18	;# 
   553     0014                     TRISC           equ	20	;# 
   554     0018                     LATA            equ	24	;# 
   555     001A                     LATC            equ	26	;# 
   556     008C                     ADLTH           equ	140	;# 
   557     008C                     ADLTHL          equ	140	;# 
   558     008D                     ADLTHH          equ	141	;# 
   559     008E                     ADUTH           equ	142	;# 
   560     008E                     ADUTHL          equ	142	;# 
   561     008F                     ADUTHH          equ	143	;# 
   562     0090                     ADERR           equ	144	;# 
   563     0090                     ADERRL          equ	144	;# 
   564     0091                     ADERRH          equ	145	;# 
   565     0092                     ADSTPT          equ	146	;# 
   566     0092                     ADSTPTL         equ	146	;# 
   567     0093                     ADSTPTH         equ	147	;# 
   568     0094                     ADFLTR          equ	148	;# 
   569     0094                     ADFLTRL         equ	148	;# 
   570     0095                     ADFLTRH         equ	149	;# 
   571     0096                     ADACC           equ	150	;# 
   572     0096                     ADACCL          equ	150	;# 
   573     0097                     ADACCH          equ	151	;# 
   574     0098                     ADACCU          equ	152	;# 
   575     0099                     ADCNT           equ	153	;# 
   576     009A                     ADRPT           equ	154	;# 
   577     009B                     ADPREV          equ	155	;# 
   578     009B                     ADPREVL         equ	155	;# 
   579     009C                     ADPREVH         equ	156	;# 
   580     009D                     ADRES           equ	157	;# 
   581     009D                     ADRESL          equ	157	;# 
   582     009E                     ADRESH          equ	158	;# 
   583     009F                     ADPCH           equ	159	;# 
   584     010C                     ADACQ           equ	268	;# 
   585     010C                     ADACQL          equ	268	;# 
   586     010D                     ADACQH          equ	269	;# 
   587     010E                     ADCAP           equ	270	;# 
   588     010F                     ADPRE           equ	271	;# 
   589     010F                     ADPREL          equ	271	;# 
   590     0110                     ADPREH          equ	272	;# 
   591     0111                     ADCON0          equ	273	;# 
   592     0112                     ADCON1          equ	274	;# 
   593     0113                     ADCON2          equ	275	;# 
   594     0114                     ADCON3          equ	276	;# 
   595     0115                     ADSTAT          equ	277	;# 
   596     0116                     ADREF           equ	278	;# 
   597     0117                     ADACT           equ	279	;# 
   598     0118                     ADCLK           equ	280	;# 
   599     0119                     RC1REG          equ	281	;# 
   600     0119                     RCREG           equ	281	;# 
   601     0119                     RCREG1          equ	281	;# 
   602     011A                     TX1REG          equ	282	;# 
   603     011A                     TXREG1          equ	282	;# 
   604     011A                     TXREG           equ	282	;# 
   605     011B                     SP1BRG          equ	283	;# 
   606     011B                     SPBRG           equ	283	;# 
   607     011B                     SP1BRGL         equ	283	;# 
   608     011B                     SPBRG1          equ	283	;# 
   609     011B                     SPBRGL          equ	283	;# 
   610     011C                     SP1BRGH         equ	284	;# 
   611     011C                     SPBRGH          equ	284	;# 
   612     011C                     SPBRGH1         equ	284	;# 
   613     011D                     RC1STA          equ	285	;# 
   614     011D                     RCSTA1          equ	285	;# 
   615     011D                     RCSTA           equ	285	;# 
   616     011E                     TX1STA          equ	286	;# 
   617     011E                     TXSTA1          equ	286	;# 
   618     011E                     TXSTA           equ	286	;# 
   619     011F                     BAUD1CON        equ	287	;# 
   620     011F                     BAUDCON1        equ	287	;# 
   621     011F                     BAUDCTL1        equ	287	;# 
   622     011F                     BAUDCON         equ	287	;# 
   623     011F                     BAUDCTL         equ	287	;# 
   624     018C                     SSP1BUF         equ	396	;# 
   625     018D                     SSP1ADD         equ	397	;# 
   626     018E                     SSP1MSK         equ	398	;# 
   627     018F                     SSP1STAT        equ	399	;# 
   628     0190                     SSP1CON1        equ	400	;# 
   629     0191                     SSP1CON2        equ	401	;# 
   630     0192                     SSP1CON3        equ	402	;# 
   631     0196                     SSP2BUF         equ	406	;# 
   632     0197                     SSP2ADD         equ	407	;# 
   633     0198                     SSP2MSK         equ	408	;# 
   634     0199                     SSP2STAT        equ	409	;# 
   635     019A                     SSP2CON1        equ	410	;# 
   636     019B                     SSP2CON2        equ	411	;# 
   637     019C                     SSP2CON3        equ	412	;# 
   638     020C                     TMR1            equ	524	;# 
   639     020C                     TMR1L           equ	524	;# 
   640     020D                     TMR1H           equ	525	;# 
   641     020E                     T1CON           equ	526	;# 
   642     020E                     TMR1CON         equ	526	;# 
   643     020F                     T1GCON          equ	527	;# 
   644     020F                     TMR1GCON        equ	527	;# 
   645     0210                     T1GATE          equ	528	;# 
   646     0210                     TMR1GATE        equ	528	;# 
   647     0211                     T1CLK           equ	529	;# 
   648     0211                     TMR1CLK         equ	529	;# 
   649     0211                     PR1             equ	529	;# 
   650     0212                     TMR3            equ	530	;# 
   651     0212                     TMR3L           equ	530	;# 
   652     0213                     TMR3H           equ	531	;# 
   653     0214                     T3CON           equ	532	;# 
   654     0214                     TMR3CON         equ	532	;# 
   655     0215                     T3GCON          equ	533	;# 
   656     0215                     TMR3GCON        equ	533	;# 
   657     0216                     T3GATE          equ	534	;# 
   658     0216                     TMR3GATE        equ	534	;# 
   659     0217                     T3CLK           equ	535	;# 
   660     0217                     TMR3CLK         equ	535	;# 
   661     0217                     PR3             equ	535	;# 
   662     0218                     TMR5            equ	536	;# 
   663     0218                     TMR5L           equ	536	;# 
   664     0219                     TMR5H           equ	537	;# 
   665     021A                     T5CON           equ	538	;# 
   666     021A                     TMR5CON         equ	538	;# 
   667     021B                     T5GCON          equ	539	;# 
   668     021B                     TMR5GCON        equ	539	;# 
   669     021C                     T5GATE          equ	540	;# 
   670     021C                     TMR5GATE        equ	540	;# 
   671     021D                     T5CLK           equ	541	;# 
   672     021D                     TMR5CLK         equ	541	;# 
   673     021D                     PR5             equ	541	;# 
   674     021E                     CCPTMRS0        equ	542	;# 
   675     021F                     CCPTMRS1        equ	543	;# 
   676     028C                     T2TMR           equ	652	;# 
   677     028C                     TMR2            equ	652	;# 
   678     028D                     T2PR            equ	653	;# 
   679     028D                     PR2             equ	653	;# 
   680     028E                     T2CON           equ	654	;# 
   681     028F                     T2HLT           equ	655	;# 
   682     0290                     T2CLKCON        equ	656	;# 
   683     0291                     T2RST           equ	657	;# 
   684     0292                     T4TMR           equ	658	;# 
   685     0292                     TMR4            equ	658	;# 
   686     0293                     T4PR            equ	659	;# 
   687     0293                     PR4             equ	659	;# 
   688     0294                     T4CON           equ	660	;# 
   689     0295                     T4HLT           equ	661	;# 
   690     0296                     T4CLKCON        equ	662	;# 
   691     0297                     T4RST           equ	663	;# 
   692     0298                     T6TMR           equ	664	;# 
   693     0298                     TMR6            equ	664	;# 
   694     0299                     T6PR            equ	665	;# 
   695     0299                     PR6             equ	665	;# 
   696     029A                     T6CON           equ	666	;# 
   697     029B                     T6HLT           equ	667	;# 
   698     029C                     T6CLKCON        equ	668	;# 
   699     029D                     T6RST           equ	669	;# 
   700     029F                     ADCPCON0        equ	671	;# 
   701     030C                     CCPR1           equ	780	;# 
   702     030C                     CCPR1L          equ	780	;# 
   703     030D                     CCPR1H          equ	781	;# 
   704     030E                     CCP1CON         equ	782	;# 
   705     030F                     CCP1CAP         equ	783	;# 
   706     0310                     CCPR2           equ	784	;# 
   707     0310                     CCPR2L          equ	784	;# 
   708     0311                     CCPR2H          equ	785	;# 
   709     0312                     CCP2CON         equ	786	;# 
   710     0313                     CCP2CAP         equ	787	;# 
   711     0314                     CCPR3           equ	788	;# 
   712     0314                     CCPR3L          equ	788	;# 
   713     0315                     CCPR3H          equ	789	;# 
   714     0316                     CCP3CON         equ	790	;# 
   715     0317                     CCP3CAP         equ	791	;# 
   716     0318                     CCPR4           equ	792	;# 
   717     0318                     CCPR4L          equ	792	;# 
   718     0319                     CCPR4H          equ	793	;# 
   719     031A                     CCP4CON         equ	794	;# 
   720     031B                     CCP4CAP         equ	795	;# 
   721     038C                     PWM6DC          equ	908	;# 
   722     038C                     PWM6DCL         equ	908	;# 
   723     038D                     PWM6DCH         equ	909	;# 
   724     038E                     PWM6CON         equ	910	;# 
   725     0390                     PWM7DC          equ	912	;# 
   726     0390                     PWM7DCL         equ	912	;# 
   727     0391                     PWM7DCH         equ	913	;# 
   728     0392                     PWM7CON         equ	914	;# 
   729     048C                     SMT1TMR         equ	1164	;# 
   730     048C                     SMT1TMRL        equ	1164	;# 
   731     048D                     SMT1TMRH        equ	1165	;# 
   732     048E                     SMT1TMRU        equ	1166	;# 
   733     048F                     SMT1CPR         equ	1167	;# 
   734     048F                     SMT1CPRL        equ	1167	;# 
   735     0490                     SMT1CPRH        equ	1168	;# 
   736     0491                     SMT1CPRU        equ	1169	;# 
   737     0492                     SMT1CPW         equ	1170	;# 
   738     0492                     SMT1CPWL        equ	1170	;# 
   739     0493                     SMT1CPWH        equ	1171	;# 
   740     0494                     SMT1CPWU        equ	1172	;# 
   741     0495                     SMT1PR          equ	1173	;# 
   742     0495                     SMT1PRL         equ	1173	;# 
   743     0496                     SMT1PRH         equ	1174	;# 
   744     0497                     SMT1PRU         equ	1175	;# 
   745     0498                     SMT1CON0        equ	1176	;# 
   746     0499                     SMT1CON1        equ	1177	;# 
   747     049A                     SMT1STAT        equ	1178	;# 
   748     049B                     SMT1CLK         equ	1179	;# 
   749     049C                     SMT1SIG         equ	1180	;# 
   750     049D                     SMT1WIN         equ	1181	;# 
   751     058C                     NCO1ACC         equ	1420	;# 
   752     058C                     NCO1ACCL        equ	1420	;# 
   753     058D                     NCO1ACCH        equ	1421	;# 
   754     058E                     NCO1ACCU        equ	1422	;# 
   755     058F                     NCO1INC         equ	1423	;# 
   756     058F                     NCO1INCL        equ	1423	;# 
   757     0590                     NCO1INCH        equ	1424	;# 
   758     0591                     NCO1INCU        equ	1425	;# 
   759     0592                     NCO1CON         equ	1426	;# 
   760     0593                     NCO1CLK         equ	1427	;# 
   761     059C                     TMR0L           equ	1436	;# 
   762     059C                     TMR0            equ	1436	;# 
   763     059D                     TMR0H           equ	1437	;# 
   764     059D                     PR0             equ	1437	;# 
   765     059E                     T0CON0          equ	1438	;# 
   766     059F                     T0CON1          equ	1439	;# 
   767     060C                     CWG1CLK         equ	1548	;# 
   768     060C                     CWG1CLKCON      equ	1548	;# 
   769     060D                     CWG1ISM         equ	1549	;# 
   770     060D                     CWG1DAT         equ	1549	;# 
   771     060E                     CWG1DBR         equ	1550	;# 
   772     060F                     CWG1DBF         equ	1551	;# 
   773     0610                     CWG1CON0        equ	1552	;# 
   774     0611                     CWG1CON1        equ	1553	;# 
   775     0612                     CWG1AS0         equ	1554	;# 
   776     0613                     CWG1AS1         equ	1555	;# 
   777     0614                     CWG1STR         equ	1556	;# 
   778     0616                     CWG2CLK         equ	1558	;# 
   779     0616                     CWG2CLKCON      equ	1558	;# 
   780     0617                     CWG2ISM         equ	1559	;# 
   781     0617                     CWG2DAT         equ	1559	;# 
   782     0618                     CWG2DBR         equ	1560	;# 
   783     0619                     CWG2DBF         equ	1561	;# 
   784     061A                     CWG2CON0        equ	1562	;# 
   785     061B                     CWG2CON1        equ	1563	;# 
   786     061C                     CWG2AS0         equ	1564	;# 
   787     061D                     CWG2AS1         equ	1565	;# 
   788     061E                     CWG2STR         equ	1566	;# 
   789     070C                     PIR0            equ	1804	;# 
   790     070D                     PIR1            equ	1805	;# 
   791     070E                     PIR2            equ	1806	;# 
   792     070F                     PIR3            equ	1807	;# 
   793     0710                     PIR4            equ	1808	;# 
   794     0711                     PIR5            equ	1809	;# 
   795     0712                     PIR6            equ	1810	;# 
   796     0713                     PIR7            equ	1811	;# 
   797     0714                     PIR8            equ	1812	;# 
   798     0716                     PIE0            equ	1814	;# 
   799     0717                     PIE1            equ	1815	;# 
   800     0718                     PIE2            equ	1816	;# 
   801     0719                     PIE3            equ	1817	;# 
   802     071A                     PIE4            equ	1818	;# 
   803     071B                     PIE5            equ	1819	;# 
   804     071C                     PIE6            equ	1820	;# 
   805     071D                     PIE7            equ	1821	;# 
   806     071E                     PIE8            equ	1822	;# 
   807     0796                     PMD0            equ	1942	;# 
   808     0797                     PMD1            equ	1943	;# 
   809     0798                     PMD2            equ	1944	;# 
   810     0799                     PMD3            equ	1945	;# 
   811     079A                     PMD4            equ	1946	;# 
   812     079B                     PMD5            equ	1947	;# 
   813     079C                     PMD6            equ	1948	;# 
   814     079D                     PMD7            equ	1949	;# 
   815     080C                     WDTCON0         equ	2060	;# 
   816     080D                     WDTCON1         equ	2061	;# 
   817     080E                     WDTPSL          equ	2062	;# 
   818     080F                     WDTPSH          equ	2063	;# 
   819     0810                     WDTTMR          equ	2064	;# 
   820     0811                     BORCON          equ	2065	;# 
   821     0812                     VREGCON         equ	2066	;# 
   822     0813                     PCON0           equ	2067	;# 
   823     0814                     PCON1           equ	2068	;# 
   824     081A                     NVMADR          equ	2074	;# 
   825     081A                     NVMADRL         equ	2074	;# 
   826     081B                     NVMADRH         equ	2075	;# 
   827     081C                     NVMDAT          equ	2076	;# 
   828     081C                     NVMDATL         equ	2076	;# 
   829     081D                     NVMDATH         equ	2077	;# 
   830     081E                     NVMCON1         equ	2078	;# 
   831     081F                     NVMCON2         equ	2079	;# 
   832     088C                     CPUDOZE         equ	2188	;# 
   833     088D                     OSCCON1         equ	2189	;# 
   834     088E                     OSCCON2         equ	2190	;# 
   835     088F                     OSCCON3         equ	2191	;# 
   836     0890                     OSCSTAT         equ	2192	;# 
   837     0891                     OSCEN           equ	2193	;# 
   838     0892                     OSCTUNE         equ	2194	;# 
   839     0893                     OSCFRQ          equ	2195	;# 
   840     0895                     CLKRCON         equ	2197	;# 
   841     0896                     CLKRCLK         equ	2198	;# 
   842     0897                     MD1CON0         equ	2199	;# 
   843     0898                     MD1CON1         equ	2200	;# 
   844     0899                     MD1SRC          equ	2201	;# 
   845     089A                     MD1CARL         equ	2202	;# 
   846     089B                     MD1CARH         equ	2203	;# 
   847     090C                     FVRCON          equ	2316	;# 
   848     090E                     DAC1CON0        equ	2318	;# 
   849     090F                     DAC1CON1        equ	2319	;# 
   850     091F                     ZCDCON          equ	2335	;# 
   851     098F                     CMOUT           equ	2447	;# 
   852     098F                     CMSTAT          equ	2447	;# 
   853     0990                     CM1CON0         equ	2448	;# 
   854     0991                     CM1CON1         equ	2449	;# 
   855     0992                     CM1NCH          equ	2450	;# 
   856     0993                     CM1PCH          equ	2451	;# 
   857     0994                     CM2CON0         equ	2452	;# 
   858     0995                     CM2CON1         equ	2453	;# 
   859     0996                     CM2NCH          equ	2454	;# 
   860     0997                     CM2PCH          equ	2455	;# 
   861     1E0F                     CLCDATA         equ	7695	;# 
   862     1E10                     CLC1CON         equ	7696	;# 
   863     1E11                     CLC1POL         equ	7697	;# 
   864     1E12                     CLC1SEL0        equ	7698	;# 
   865     1E13                     CLC1SEL1        equ	7699	;# 
   866     1E14                     CLC1SEL2        equ	7700	;# 
   867     1E15                     CLC1SEL3        equ	7701	;# 
   868     1E16                     CLC1GLS0        equ	7702	;# 
   869     1E17                     CLC1GLS1        equ	7703	;# 
   870     1E18                     CLC1GLS2        equ	7704	;# 
   871     1E19                     CLC1GLS3        equ	7705	;# 
   872     1E1A                     CLC2CON         equ	7706	;# 
   873     1E1B                     CLC2POL         equ	7707	;# 
   874     1E1C                     CLC2SEL0        equ	7708	;# 
   875     1E1D                     CLC2SEL1        equ	7709	;# 
   876     1E1E                     CLC2SEL2        equ	7710	;# 
   877     1E1F                     CLC2SEL3        equ	7711	;# 
   878     1E20                     CLC2GLS0        equ	7712	;# 
   879     1E21                     CLC2GLS1        equ	7713	;# 
   880     1E22                     CLC2GLS2        equ	7714	;# 
   881     1E23                     CLC2GLS3        equ	7715	;# 
   882     1E24                     CLC3CON         equ	7716	;# 
   883     1E25                     CLC3POL         equ	7717	;# 
   884     1E26                     CLC3SEL0        equ	7718	;# 
   885     1E27                     CLC3SEL1        equ	7719	;# 
   886     1E28                     CLC3SEL2        equ	7720	;# 
   887     1E29                     CLC3SEL3        equ	7721	;# 
   888     1E2A                     CLC3GLS0        equ	7722	;# 
   889     1E2B                     CLC3GLS1        equ	7723	;# 
   890     1E2C                     CLC3GLS2        equ	7724	;# 
   891     1E2D                     CLC3GLS3        equ	7725	;# 
   892     1E2E                     CLC4CON         equ	7726	;# 
   893     1E2F                     CLC4POL         equ	7727	;# 
   894     1E30                     CLC4SEL0        equ	7728	;# 
   895     1E31                     CLC4SEL1        equ	7729	;# 
   896     1E32                     CLC4SEL2        equ	7730	;# 
   897     1E33                     CLC4SEL3        equ	7731	;# 
   898     1E34                     CLC4GLS0        equ	7732	;# 
   899     1E35                     CLC4GLS1        equ	7733	;# 
   900     1E36                     CLC4GLS2        equ	7734	;# 
   901     1E37                     CLC4GLS3        equ	7735	;# 
   902     1E8F                     PPSLOCK         equ	7823	;# 
   903     1E90                     INTPPS          equ	7824	;# 
   904     1E91                     T0CKIPPS        equ	7825	;# 
   905     1E92                     T1CKIPPS        equ	7826	;# 
   906     1E93                     T1GPPS          equ	7827	;# 
   907     1E94                     T3CKIPPS        equ	7828	;# 
   908     1E95                     T3GPPS          equ	7829	;# 
   909     1E96                     T5CKIPPS        equ	7830	;# 
   910     1E97                     T5GPPS          equ	7831	;# 
   911     1E9C                     T2INPPS         equ	7836	;# 
   912     1E9D                     T4INPPS         equ	7837	;# 
   913     1E9E                     T6INPPS         equ	7838	;# 
   914     1EA1                     CCP1PPS         equ	7841	;# 
   915     1EA2                     CCP2PPS         equ	7842	;# 
   916     1EA3                     CCP3PPS         equ	7843	;# 
   917     1EA4                     CCP4PPS         equ	7844	;# 
   918     1EA9                     SMT1WINPPS      equ	7849	;# 
   919     1EAA                     SMT1SIGPPS      equ	7850	;# 
   920     1EB1                     CWG1PPS         equ	7857	;# 
   921     1EB2                     CWG2PPS         equ	7858	;# 
   922     1EB8                     MDCARLPPS       equ	7864	;# 
   923     1EB9                     MDCARHPPS       equ	7865	;# 
   924     1EBA                     MDSRCPPS        equ	7866	;# 
   925     1EBB                     CLCIN0PPS       equ	7867	;# 
   926     1EBC                     CLCIN1PPS       equ	7868	;# 
   927     1EBD                     CLCIN2PPS       equ	7869	;# 
   928     1EBE                     CLCIN3PPS       equ	7870	;# 
   929     1EC3                     ADACTPPS        equ	7875	;# 
   930     1EC5                     SSP1CLKPPS      equ	7877	;# 
   931     1EC6                     SSP1DATPPS      equ	7878	;# 
   932     1EC7                     SSP1SSPPS       equ	7879	;# 
   933     1EC8                     SSP2CLKPPS      equ	7880	;# 
   934     1EC9                     SSP2DATPPS      equ	7881	;# 
   935     1ECA                     SSP2SSPPS       equ	7882	;# 
   936     1ECB                     RX1PPS          equ	7883	;# 
   937     1ECC                     CK1PPS          equ	7884	;# 
   938     1F10                     RA0PPS          equ	7952	;# 
   939     1F11                     RA1PPS          equ	7953	;# 
   940     1F12                     RA2PPS          equ	7954	;# 
   941     1F14                     RA4PPS          equ	7956	;# 
   942     1F15                     RA5PPS          equ	7957	;# 
   943     1F20                     RC0PPS          equ	7968	;# 
   944     1F21                     RC1PPS          equ	7969	;# 
   945     1F22                     RC2PPS          equ	7970	;# 
   946     1F23                     RC3PPS          equ	7971	;# 
   947     1F24                     RC4PPS          equ	7972	;# 
   948     1F25                     RC5PPS          equ	7973	;# 
   949     1F38                     ANSELA          equ	7992	;# 
   950     1F39                     WPUA            equ	7993	;# 
   951     1F3A                     ODCONA          equ	7994	;# 
   952     1F3B                     SLRCONA         equ	7995	;# 
   953     1F3C                     INLVLA          equ	7996	;# 
   954     1F3D                     IOCAP           equ	7997	;# 
   955     1F3E                     IOCAN           equ	7998	;# 
   956     1F3F                     IOCAF           equ	7999	;# 
   957     1F4E                     ANSELC          equ	8014	;# 
   958     1F4F                     WPUC            equ	8015	;# 
   959     1F50                     ODCONC          equ	8016	;# 
   960     1F51                     SLRCONC         equ	8017	;# 
   961     1F52                     INLVLC          equ	8018	;# 
   962     1F53                     IOCCP           equ	8019	;# 
   963     1F54                     IOCCN           equ	8020	;# 
   964     1F55                     IOCCF           equ	8021	;# 
   965     1FE4                     STATUS_SHAD     equ	8164	;# 
   966     1FE5                     WREG_SHAD       equ	8165	;# 
   967     1FE6                     BSR_SHAD        equ	8166	;# 
   968     1FE7                     PCLATH_SHAD     equ	8167	;# 
   969     1FE8                     FSR0_SHAD       equ	8168	;# 
   970     1FE8                     FSR0L_SHAD      equ	8168	;# 
   971     1FE9                     FSR0H_SHAD      equ	8169	;# 
   972     1FEA                     FSR1L_SHAD      equ	8170	;# 
   973     1FEB                     FSR1H_SHAD      equ	8171	;# 
   974     1FED                     STKPTR          equ	8173	;# 
   975     1FEE                     TOSL            equ	8174	;# 
   976     1FEF                     TOSH            equ	8175	;# 
   977     0000                     INDF0           equ	0	;# 
   978     0001                     INDF1           equ	1	;# 
   979     0002                     PCL             equ	2	;# 
   980     0003                     STATUS          equ	3	;# 
   981     0004                     FSR0L           equ	4	;# 
   982     0005                     FSR0H           equ	5	;# 
   983     0006                     FSR1L           equ	6	;# 
   984     0007                     FSR1H           equ	7	;# 
   985     0008                     BSR             equ	8	;# 
   986     0009                     WREG            equ	9	;# 
   987     000A                     PCLATH          equ	10	;# 
   988     000B                     INTCON          equ	11	;# 
   989     000C                     PORTA           equ	12	;# 
   990     000E                     PORTC           equ	14	;# 
   991     0012                     TRISA           equ	18	;# 
   992     0014                     TRISC           equ	20	;# 
   993     0018                     LATA            equ	24	;# 
   994     001A                     LATC            equ	26	;# 
   995     008C                     ADLTH           equ	140	;# 
   996     008C                     ADLTHL          equ	140	;# 
   997     008D                     ADLTHH          equ	141	;# 
   998     008E                     ADUTH           equ	142	;# 
   999     008E                     ADUTHL          equ	142	;# 
  1000     008F                     ADUTHH          equ	143	;# 
  1001     0090                     ADERR           equ	144	;# 
  1002     0090                     ADERRL          equ	144	;# 
  1003     0091                     ADERRH          equ	145	;# 
  1004     0092                     ADSTPT          equ	146	;# 
  1005     0092                     ADSTPTL         equ	146	;# 
  1006     0093                     ADSTPTH         equ	147	;# 
  1007     0094                     ADFLTR          equ	148	;# 
  1008     0094                     ADFLTRL         equ	148	;# 
  1009     0095                     ADFLTRH         equ	149	;# 
  1010     0096                     ADACC           equ	150	;# 
  1011     0096                     ADACCL          equ	150	;# 
  1012     0097                     ADACCH          equ	151	;# 
  1013     0098                     ADACCU          equ	152	;# 
  1014     0099                     ADCNT           equ	153	;# 
  1015     009A                     ADRPT           equ	154	;# 
  1016     009B                     ADPREV          equ	155	;# 
  1017     009B                     ADPREVL         equ	155	;# 
  1018     009C                     ADPREVH         equ	156	;# 
  1019     009D                     ADRES           equ	157	;# 
  1020     009D                     ADRESL          equ	157	;# 
  1021     009E                     ADRESH          equ	158	;# 
  1022     009F                     ADPCH           equ	159	;# 
  1023     010C                     ADACQ           equ	268	;# 
  1024     010C                     ADACQL          equ	268	;# 
  1025     010D                     ADACQH          equ	269	;# 
  1026     010E                     ADCAP           equ	270	;# 
  1027     010F                     ADPRE           equ	271	;# 
  1028     010F                     ADPREL          equ	271	;# 
  1029     0110                     ADPREH          equ	272	;# 
  1030     0111                     ADCON0          equ	273	;# 
  1031     0112                     ADCON1          equ	274	;# 
  1032     0113                     ADCON2          equ	275	;# 
  1033     0114                     ADCON3          equ	276	;# 
  1034     0115                     ADSTAT          equ	277	;# 
  1035     0116                     ADREF           equ	278	;# 
  1036     0117                     ADACT           equ	279	;# 
  1037     0118                     ADCLK           equ	280	;# 
  1038     0119                     RC1REG          equ	281	;# 
  1039     0119                     RCREG           equ	281	;# 
  1040     0119                     RCREG1          equ	281	;# 
  1041     011A                     TX1REG          equ	282	;# 
  1042     011A                     TXREG1          equ	282	;# 
  1043     011A                     TXREG           equ	282	;# 
  1044     011B                     SP1BRG          equ	283	;# 
  1045     011B                     SPBRG           equ	283	;# 
  1046     011B                     SP1BRGL         equ	283	;# 
  1047     011B                     SPBRG1          equ	283	;# 
  1048     011B                     SPBRGL          equ	283	;# 
  1049     011C                     SP1BRGH         equ	284	;# 
  1050     011C                     SPBRGH          equ	284	;# 
  1051     011C                     SPBRGH1         equ	284	;# 
  1052     011D                     RC1STA          equ	285	;# 
  1053     011D                     RCSTA1          equ	285	;# 
  1054     011D                     RCSTA           equ	285	;# 
  1055     011E                     TX1STA          equ	286	;# 
  1056     011E                     TXSTA1          equ	286	;# 
  1057     011E                     TXSTA           equ	286	;# 
  1058     011F                     BAUD1CON        equ	287	;# 
  1059     011F                     BAUDCON1        equ	287	;# 
  1060     011F                     BAUDCTL1        equ	287	;# 
  1061     011F                     BAUDCON         equ	287	;# 
  1062     011F                     BAUDCTL         equ	287	;# 
  1063     018C                     SSP1BUF         equ	396	;# 
  1064     018D                     SSP1ADD         equ	397	;# 
  1065     018E                     SSP1MSK         equ	398	;# 
  1066     018F                     SSP1STAT        equ	399	;# 
  1067     0190                     SSP1CON1        equ	400	;# 
  1068     0191                     SSP1CON2        equ	401	;# 
  1069     0192                     SSP1CON3        equ	402	;# 
  1070     0196                     SSP2BUF         equ	406	;# 
  1071     0197                     SSP2ADD         equ	407	;# 
  1072     0198                     SSP2MSK         equ	408	;# 
  1073     0199                     SSP2STAT        equ	409	;# 
  1074     019A                     SSP2CON1        equ	410	;# 
  1075     019B                     SSP2CON2        equ	411	;# 
  1076     019C                     SSP2CON3        equ	412	;# 
  1077     020C                     TMR1            equ	524	;# 
  1078     020C                     TMR1L           equ	524	;# 
  1079     020D                     TMR1H           equ	525	;# 
  1080     020E                     T1CON           equ	526	;# 
  1081     020E                     TMR1CON         equ	526	;# 
  1082     020F                     T1GCON          equ	527	;# 
  1083     020F                     TMR1GCON        equ	527	;# 
  1084     0210                     T1GATE          equ	528	;# 
  1085     0210                     TMR1GATE        equ	528	;# 
  1086     0211                     T1CLK           equ	529	;# 
  1087     0211                     TMR1CLK         equ	529	;# 
  1088     0211                     PR1             equ	529	;# 
  1089     0212                     TMR3            equ	530	;# 
  1090     0212                     TMR3L           equ	530	;# 
  1091     0213                     TMR3H           equ	531	;# 
  1092     0214                     T3CON           equ	532	;# 
  1093     0214                     TMR3CON         equ	532	;# 
  1094     0215                     T3GCON          equ	533	;# 
  1095     0215                     TMR3GCON        equ	533	;# 
  1096     0216                     T3GATE          equ	534	;# 
  1097     0216                     TMR3GATE        equ	534	;# 
  1098     0217                     T3CLK           equ	535	;# 
  1099     0217                     TMR3CLK         equ	535	;# 
  1100     0217                     PR3             equ	535	;# 
  1101     0218                     TMR5            equ	536	;# 
  1102     0218                     TMR5L           equ	536	;# 
  1103     0219                     TMR5H           equ	537	;# 
  1104     021A                     T5CON           equ	538	;# 
  1105     021A                     TMR5CON         equ	538	;# 
  1106     021B                     T5GCON          equ	539	;# 
  1107     021B                     TMR5GCON        equ	539	;# 
  1108     021C                     T5GATE          equ	540	;# 
  1109     021C                     TMR5GATE        equ	540	;# 
  1110     021D                     T5CLK           equ	541	;# 
  1111     021D                     TMR5CLK         equ	541	;# 
  1112     021D                     PR5             equ	541	;# 
  1113     021E                     CCPTMRS0        equ	542	;# 
  1114     021F                     CCPTMRS1        equ	543	;# 
  1115     028C                     T2TMR           equ	652	;# 
  1116     028C                     TMR2            equ	652	;# 
  1117     028D                     T2PR            equ	653	;# 
  1118     028D                     PR2             equ	653	;# 
  1119     028E                     T2CON           equ	654	;# 
  1120     028F                     T2HLT           equ	655	;# 
  1121     0290                     T2CLKCON        equ	656	;# 
  1122     0291                     T2RST           equ	657	;# 
  1123     0292                     T4TMR           equ	658	;# 
  1124     0292                     TMR4            equ	658	;# 
  1125     0293                     T4PR            equ	659	;# 
  1126     0293                     PR4             equ	659	;# 
  1127     0294                     T4CON           equ	660	;# 
  1128     0295                     T4HLT           equ	661	;# 
  1129     0296                     T4CLKCON        equ	662	;# 
  1130     0297                     T4RST           equ	663	;# 
  1131     0298                     T6TMR           equ	664	;# 
  1132     0298                     TMR6            equ	664	;# 
  1133     0299                     T6PR            equ	665	;# 
  1134     0299                     PR6             equ	665	;# 
  1135     029A                     T6CON           equ	666	;# 
  1136     029B                     T6HLT           equ	667	;# 
  1137     029C                     T6CLKCON        equ	668	;# 
  1138     029D                     T6RST           equ	669	;# 
  1139     029F                     ADCPCON0        equ	671	;# 
  1140     030C                     CCPR1           equ	780	;# 
  1141     030C                     CCPR1L          equ	780	;# 
  1142     030D                     CCPR1H          equ	781	;# 
  1143     030E                     CCP1CON         equ	782	;# 
  1144     030F                     CCP1CAP         equ	783	;# 
  1145     0310                     CCPR2           equ	784	;# 
  1146     0310                     CCPR2L          equ	784	;# 
  1147     0311                     CCPR2H          equ	785	;# 
  1148     0312                     CCP2CON         equ	786	;# 
  1149     0313                     CCP2CAP         equ	787	;# 
  1150     0314                     CCPR3           equ	788	;# 
  1151     0314                     CCPR3L          equ	788	;# 
  1152     0315                     CCPR3H          equ	789	;# 
  1153     0316                     CCP3CON         equ	790	;# 
  1154     0317                     CCP3CAP         equ	791	;# 
  1155     0318                     CCPR4           equ	792	;# 
  1156     0318                     CCPR4L          equ	792	;# 
  1157     0319                     CCPR4H          equ	793	;# 
  1158     031A                     CCP4CON         equ	794	;# 
  1159     031B                     CCP4CAP         equ	795	;# 
  1160     038C                     PWM6DC          equ	908	;# 
  1161     038C                     PWM6DCL         equ	908	;# 
  1162     038D                     PWM6DCH         equ	909	;# 
  1163     038E                     PWM6CON         equ	910	;# 
  1164     0390                     PWM7DC          equ	912	;# 
  1165     0390                     PWM7DCL         equ	912	;# 
  1166     0391                     PWM7DCH         equ	913	;# 
  1167     0392                     PWM7CON         equ	914	;# 
  1168     048C                     SMT1TMR         equ	1164	;# 
  1169     048C                     SMT1TMRL        equ	1164	;# 
  1170     048D                     SMT1TMRH        equ	1165	;# 
  1171     048E                     SMT1TMRU        equ	1166	;# 
  1172     048F                     SMT1CPR         equ	1167	;# 
  1173     048F                     SMT1CPRL        equ	1167	;# 
  1174     0490                     SMT1CPRH        equ	1168	;# 
  1175     0491                     SMT1CPRU        equ	1169	;# 
  1176     0492                     SMT1CPW         equ	1170	;# 
  1177     0492                     SMT1CPWL        equ	1170	;# 
  1178     0493                     SMT1CPWH        equ	1171	;# 
  1179     0494                     SMT1CPWU        equ	1172	;# 
  1180     0495                     SMT1PR          equ	1173	;# 
  1181     0495                     SMT1PRL         equ	1173	;# 
  1182     0496                     SMT1PRH         equ	1174	;# 
  1183     0497                     SMT1PRU         equ	1175	;# 
  1184     0498                     SMT1CON0        equ	1176	;# 
  1185     0499                     SMT1CON1        equ	1177	;# 
  1186     049A                     SMT1STAT        equ	1178	;# 
  1187     049B                     SMT1CLK         equ	1179	;# 
  1188     049C                     SMT1SIG         equ	1180	;# 
  1189     049D                     SMT1WIN         equ	1181	;# 
  1190     058C                     NCO1ACC         equ	1420	;# 
  1191     058C                     NCO1ACCL        equ	1420	;# 
  1192     058D                     NCO1ACCH        equ	1421	;# 
  1193     058E                     NCO1ACCU        equ	1422	;# 
  1194     058F                     NCO1INC         equ	1423	;# 
  1195     058F                     NCO1INCL        equ	1423	;# 
  1196     0590                     NCO1INCH        equ	1424	;# 
  1197     0591                     NCO1INCU        equ	1425	;# 
  1198     0592                     NCO1CON         equ	1426	;# 
  1199     0593                     NCO1CLK         equ	1427	;# 
  1200     059C                     TMR0L           equ	1436	;# 
  1201     059C                     TMR0            equ	1436	;# 
  1202     059D                     TMR0H           equ	1437	;# 
  1203     059D                     PR0             equ	1437	;# 
  1204     059E                     T0CON0          equ	1438	;# 
  1205     059F                     T0CON1          equ	1439	;# 
  1206     060C                     CWG1CLK         equ	1548	;# 
  1207     060C                     CWG1CLKCON      equ	1548	;# 
  1208     060D                     CWG1ISM         equ	1549	;# 
  1209     060D                     CWG1DAT         equ	1549	;# 
  1210     060E                     CWG1DBR         equ	1550	;# 
  1211     060F                     CWG1DBF         equ	1551	;# 
  1212     0610                     CWG1CON0        equ	1552	;# 
  1213     0611                     CWG1CON1        equ	1553	;# 
  1214     0612                     CWG1AS0         equ	1554	;# 
  1215     0613                     CWG1AS1         equ	1555	;# 
  1216     0614                     CWG1STR         equ	1556	;# 
  1217     0616                     CWG2CLK         equ	1558	;# 
  1218     0616                     CWG2CLKCON      equ	1558	;# 
  1219     0617                     CWG2ISM         equ	1559	;# 
  1220     0617                     CWG2DAT         equ	1559	;# 
  1221     0618                     CWG2DBR         equ	1560	;# 
  1222     0619                     CWG2DBF         equ	1561	;# 
  1223     061A                     CWG2CON0        equ	1562	;# 
  1224     061B                     CWG2CON1        equ	1563	;# 
  1225     061C                     CWG2AS0         equ	1564	;# 
  1226     061D                     CWG2AS1         equ	1565	;# 
  1227     061E                     CWG2STR         equ	1566	;# 
  1228     070C                     PIR0            equ	1804	;# 
  1229     070D                     PIR1            equ	1805	;# 
  1230     070E                     PIR2            equ	1806	;# 
  1231     070F                     PIR3            equ	1807	;# 
  1232     0710                     PIR4            equ	1808	;# 
  1233     0711                     PIR5            equ	1809	;# 
  1234     0712                     PIR6            equ	1810	;# 
  1235     0713                     PIR7            equ	1811	;# 
  1236     0714                     PIR8            equ	1812	;# 
  1237     0716                     PIE0            equ	1814	;# 
  1238     0717                     PIE1            equ	1815	;# 
  1239     0718                     PIE2            equ	1816	;# 
  1240     0719                     PIE3            equ	1817	;# 
  1241     071A                     PIE4            equ	1818	;# 
  1242     071B                     PIE5            equ	1819	;# 
  1243     071C                     PIE6            equ	1820	;# 
  1244     071D                     PIE7            equ	1821	;# 
  1245     071E                     PIE8            equ	1822	;# 
  1246     0796                     PMD0            equ	1942	;# 
  1247     0797                     PMD1            equ	1943	;# 
  1248     0798                     PMD2            equ	1944	;# 
  1249     0799                     PMD3            equ	1945	;# 
  1250     079A                     PMD4            equ	1946	;# 
  1251     079B                     PMD5            equ	1947	;# 
  1252     079C                     PMD6            equ	1948	;# 
  1253     079D                     PMD7            equ	1949	;# 
  1254     080C                     WDTCON0         equ	2060	;# 
  1255     080D                     WDTCON1         equ	2061	;# 
  1256     080E                     WDTPSL          equ	2062	;# 
  1257     080F                     WDTPSH          equ	2063	;# 
  1258     0810                     WDTTMR          equ	2064	;# 
  1259     0811                     BORCON          equ	2065	;# 
  1260     0812                     VREGCON         equ	2066	;# 
  1261     0813                     PCON0           equ	2067	;# 
  1262     0814                     PCON1           equ	2068	;# 
  1263     081A                     NVMADR          equ	2074	;# 
  1264     081A                     NVMADRL         equ	2074	;# 
  1265     081B                     NVMADRH         equ	2075	;# 
  1266     081C                     NVMDAT          equ	2076	;# 
  1267     081C                     NVMDATL         equ	2076	;# 
  1268     081D                     NVMDATH         equ	2077	;# 
  1269     081E                     NVMCON1         equ	2078	;# 
  1270     081F                     NVMCON2         equ	2079	;# 
  1271     088C                     CPUDOZE         equ	2188	;# 
  1272     088D                     OSCCON1         equ	2189	;# 
  1273     088E                     OSCCON2         equ	2190	;# 
  1274     088F                     OSCCON3         equ	2191	;# 
  1275     0890                     OSCSTAT         equ	2192	;# 
  1276     0891                     OSCEN           equ	2193	;# 
  1277     0892                     OSCTUNE         equ	2194	;# 
  1278     0893                     OSCFRQ          equ	2195	;# 
  1279     0895                     CLKRCON         equ	2197	;# 
  1280     0896                     CLKRCLK         equ	2198	;# 
  1281     0897                     MD1CON0         equ	2199	;# 
  1282     0898                     MD1CON1         equ	2200	;# 
  1283     0899                     MD1SRC          equ	2201	;# 
  1284     089A                     MD1CARL         equ	2202	;# 
  1285     089B                     MD1CARH         equ	2203	;# 
  1286     090C                     FVRCON          equ	2316	;# 
  1287     090E                     DAC1CON0        equ	2318	;# 
  1288     090F                     DAC1CON1        equ	2319	;# 
  1289     091F                     ZCDCON          equ	2335	;# 
  1290     098F                     CMOUT           equ	2447	;# 
  1291     098F                     CMSTAT          equ	2447	;# 
  1292     0990                     CM1CON0         equ	2448	;# 
  1293     0991                     CM1CON1         equ	2449	;# 
  1294     0992                     CM1NCH          equ	2450	;# 
  1295     0993                     CM1PCH          equ	2451	;# 
  1296     0994                     CM2CON0         equ	2452	;# 
  1297     0995                     CM2CON1         equ	2453	;# 
  1298     0996                     CM2NCH          equ	2454	;# 
  1299     0997                     CM2PCH          equ	2455	;# 
  1300     1E0F                     CLCDATA         equ	7695	;# 
  1301     1E10                     CLC1CON         equ	7696	;# 
  1302     1E11                     CLC1POL         equ	7697	;# 
  1303     1E12                     CLC1SEL0        equ	7698	;# 
  1304     1E13                     CLC1SEL1        equ	7699	;# 
  1305     1E14                     CLC1SEL2        equ	7700	;# 
  1306     1E15                     CLC1SEL3        equ	7701	;# 
  1307     1E16                     CLC1GLS0        equ	7702	;# 
  1308     1E17                     CLC1GLS1        equ	7703	;# 
  1309     1E18                     CLC1GLS2        equ	7704	;# 
  1310     1E19                     CLC1GLS3        equ	7705	;# 
  1311     1E1A                     CLC2CON         equ	7706	;# 
  1312     1E1B                     CLC2POL         equ	7707	;# 
  1313     1E1C                     CLC2SEL0        equ	7708	;# 
  1314     1E1D                     CLC2SEL1        equ	7709	;# 
  1315     1E1E                     CLC2SEL2        equ	7710	;# 
  1316     1E1F                     CLC2SEL3        equ	7711	;# 
  1317     1E20                     CLC2GLS0        equ	7712	;# 
  1318     1E21                     CLC2GLS1        equ	7713	;# 
  1319     1E22                     CLC2GLS2        equ	7714	;# 
  1320     1E23                     CLC2GLS3        equ	7715	;# 
  1321     1E24                     CLC3CON         equ	7716	;# 
  1322     1E25                     CLC3POL         equ	7717	;# 
  1323     1E26                     CLC3SEL0        equ	7718	;# 
  1324     1E27                     CLC3SEL1        equ	7719	;# 
  1325     1E28                     CLC3SEL2        equ	7720	;# 
  1326     1E29                     CLC3SEL3        equ	7721	;# 
  1327     1E2A                     CLC3GLS0        equ	7722	;# 
  1328     1E2B                     CLC3GLS1        equ	7723	;# 
  1329     1E2C                     CLC3GLS2        equ	7724	;# 
  1330     1E2D                     CLC3GLS3        equ	7725	;# 
  1331     1E2E                     CLC4CON         equ	7726	;# 
  1332     1E2F                     CLC4POL         equ	7727	;# 
  1333     1E30                     CLC4SEL0        equ	7728	;# 
  1334     1E31                     CLC4SEL1        equ	7729	;# 
  1335     1E32                     CLC4SEL2        equ	7730	;# 
  1336     1E33                     CLC4SEL3        equ	7731	;# 
  1337     1E34                     CLC4GLS0        equ	7732	;# 
  1338     1E35                     CLC4GLS1        equ	7733	;# 
  1339     1E36                     CLC4GLS2        equ	7734	;# 
  1340     1E37                     CLC4GLS3        equ	7735	;# 
  1341     1E8F                     PPSLOCK         equ	7823	;# 
  1342     1E90                     INTPPS          equ	7824	;# 
  1343     1E91                     T0CKIPPS        equ	7825	;# 
  1344     1E92                     T1CKIPPS        equ	7826	;# 
  1345     1E93                     T1GPPS          equ	7827	;# 
  1346     1E94                     T3CKIPPS        equ	7828	;# 
  1347     1E95                     T3GPPS          equ	7829	;# 
  1348     1E96                     T5CKIPPS        equ	7830	;# 
  1349     1E97                     T5GPPS          equ	7831	;# 
  1350     1E9C                     T2INPPS         equ	7836	;# 
  1351     1E9D                     T4INPPS         equ	7837	;# 
  1352     1E9E                     T6INPPS         equ	7838	;# 
  1353     1EA1                     CCP1PPS         equ	7841	;# 
  1354     1EA2                     CCP2PPS         equ	7842	;# 
  1355     1EA3                     CCP3PPS         equ	7843	;# 
  1356     1EA4                     CCP4PPS         equ	7844	;# 
  1357     1EA9                     SMT1WINPPS      equ	7849	;# 
  1358     1EAA                     SMT1SIGPPS      equ	7850	;# 
  1359     1EB1                     CWG1PPS         equ	7857	;# 
  1360     1EB2                     CWG2PPS         equ	7858	;# 
  1361     1EB8                     MDCARLPPS       equ	7864	;# 
  1362     1EB9                     MDCARHPPS       equ	7865	;# 
  1363     1EBA                     MDSRCPPS        equ	7866	;# 
  1364     1EBB                     CLCIN0PPS       equ	7867	;# 
  1365     1EBC                     CLCIN1PPS       equ	7868	;# 
  1366     1EBD                     CLCIN2PPS       equ	7869	;# 
  1367     1EBE                     CLCIN3PPS       equ	7870	;# 
  1368     1EC3                     ADACTPPS        equ	7875	;# 
  1369     1EC5                     SSP1CLKPPS      equ	7877	;# 
  1370     1EC6                     SSP1DATPPS      equ	7878	;# 
  1371     1EC7                     SSP1SSPPS       equ	7879	;# 
  1372     1EC8                     SSP2CLKPPS      equ	7880	;# 
  1373     1EC9                     SSP2DATPPS      equ	7881	;# 
  1374     1ECA                     SSP2SSPPS       equ	7882	;# 
  1375     1ECB                     RX1PPS          equ	7883	;# 
  1376     1ECC                     CK1PPS          equ	7884	;# 
  1377     1F10                     RA0PPS          equ	7952	;# 
  1378     1F11                     RA1PPS          equ	7953	;# 
  1379     1F12                     RA2PPS          equ	7954	;# 
  1380     1F14                     RA4PPS          equ	7956	;# 
  1381     1F15                     RA5PPS          equ	7957	;# 
  1382     1F20                     RC0PPS          equ	7968	;# 
  1383     1F21                     RC1PPS          equ	7969	;# 
  1384     1F22                     RC2PPS          equ	7970	;# 
  1385     1F23                     RC3PPS          equ	7971	;# 
  1386     1F24                     RC4PPS          equ	7972	;# 
  1387     1F25                     RC5PPS          equ	7973	;# 
  1388     1F38                     ANSELA          equ	7992	;# 
  1389     1F39                     WPUA            equ	7993	;# 
  1390     1F3A                     ODCONA          equ	7994	;# 
  1391     1F3B                     SLRCONA         equ	7995	;# 
  1392     1F3C                     INLVLA          equ	7996	;# 
  1393     1F3D                     IOCAP           equ	7997	;# 
  1394     1F3E                     IOCAN           equ	7998	;# 
  1395     1F3F                     IOCAF           equ	7999	;# 
  1396     1F4E                     ANSELC          equ	8014	;# 
  1397     1F4F                     WPUC            equ	8015	;# 
  1398     1F50                     ODCONC          equ	8016	;# 
  1399     1F51                     SLRCONC         equ	8017	;# 
  1400     1F52                     INLVLC          equ	8018	;# 
  1401     1F53                     IOCCP           equ	8019	;# 
  1402     1F54                     IOCCN           equ	8020	;# 
  1403     1F55                     IOCCF           equ	8021	;# 
  1404     1FE4                     STATUS_SHAD     equ	8164	;# 
  1405     1FE5                     WREG_SHAD       equ	8165	;# 
  1406     1FE6                     BSR_SHAD        equ	8166	;# 
  1407     1FE7                     PCLATH_SHAD     equ	8167	;# 
  1408     1FE8                     FSR0_SHAD       equ	8168	;# 
  1409     1FE8                     FSR0L_SHAD      equ	8168	;# 
  1410     1FE9                     FSR0H_SHAD      equ	8169	;# 
  1411     1FEA                     FSR1L_SHAD      equ	8170	;# 
  1412     1FEB                     FSR1H_SHAD      equ	8171	;# 
  1413     1FED                     STKPTR          equ	8173	;# 
  1414     1FEE                     TOSL            equ	8174	;# 
  1415     1FEF                     TOSH            equ	8175	;# 
  1416     0000                     INDF0           equ	0	;# 
  1417     0001                     INDF1           equ	1	;# 
  1418     0002                     PCL             equ	2	;# 
  1419     0003                     STATUS          equ	3	;# 
  1420     0004                     FSR0L           equ	4	;# 
  1421     0005                     FSR0H           equ	5	;# 
  1422     0006                     FSR1L           equ	6	;# 
  1423     0007                     FSR1H           equ	7	;# 
  1424     0008                     BSR             equ	8	;# 
  1425     0009                     WREG            equ	9	;# 
  1426     000A                     PCLATH          equ	10	;# 
  1427     000B                     INTCON          equ	11	;# 
  1428     000C                     PORTA           equ	12	;# 
  1429     000E                     PORTC           equ	14	;# 
  1430     0012                     TRISA           equ	18	;# 
  1431     0014                     TRISC           equ	20	;# 
  1432     0018                     LATA            equ	24	;# 
  1433     001A                     LATC            equ	26	;# 
  1434     008C                     ADLTH           equ	140	;# 
  1435     008C                     ADLTHL          equ	140	;# 
  1436     008D                     ADLTHH          equ	141	;# 
  1437     008E                     ADUTH           equ	142	;# 
  1438     008E                     ADUTHL          equ	142	;# 
  1439     008F                     ADUTHH          equ	143	;# 
  1440     0090                     ADERR           equ	144	;# 
  1441     0090                     ADERRL          equ	144	;# 
  1442     0091                     ADERRH          equ	145	;# 
  1443     0092                     ADSTPT          equ	146	;# 
  1444     0092                     ADSTPTL         equ	146	;# 
  1445     0093                     ADSTPTH         equ	147	;# 
  1446     0094                     ADFLTR          equ	148	;# 
  1447     0094                     ADFLTRL         equ	148	;# 
  1448     0095                     ADFLTRH         equ	149	;# 
  1449     0096                     ADACC           equ	150	;# 
  1450     0096                     ADACCL          equ	150	;# 
  1451     0097                     ADACCH          equ	151	;# 
  1452     0098                     ADACCU          equ	152	;# 
  1453     0099                     ADCNT           equ	153	;# 
  1454     009A                     ADRPT           equ	154	;# 
  1455     009B                     ADPREV          equ	155	;# 
  1456     009B                     ADPREVL         equ	155	;# 
  1457     009C                     ADPREVH         equ	156	;# 
  1458     009D                     ADRES           equ	157	;# 
  1459     009D                     ADRESL          equ	157	;# 
  1460     009E                     ADRESH          equ	158	;# 
  1461     009F                     ADPCH           equ	159	;# 
  1462     010C                     ADACQ           equ	268	;# 
  1463     010C                     ADACQL          equ	268	;# 
  1464     010D                     ADACQH          equ	269	;# 
  1465     010E                     ADCAP           equ	270	;# 
  1466     010F                     ADPRE           equ	271	;# 
  1467     010F                     ADPREL          equ	271	;# 
  1468     0110                     ADPREH          equ	272	;# 
  1469     0111                     ADCON0          equ	273	;# 
  1470     0112                     ADCON1          equ	274	;# 
  1471     0113                     ADCON2          equ	275	;# 
  1472     0114                     ADCON3          equ	276	;# 
  1473     0115                     ADSTAT          equ	277	;# 
  1474     0116                     ADREF           equ	278	;# 
  1475     0117                     ADACT           equ	279	;# 
  1476     0118                     ADCLK           equ	280	;# 
  1477     0119                     RC1REG          equ	281	;# 
  1478     0119                     RCREG           equ	281	;# 
  1479     0119                     RCREG1          equ	281	;# 
  1480     011A                     TX1REG          equ	282	;# 
  1481     011A                     TXREG1          equ	282	;# 
  1482     011A                     TXREG           equ	282	;# 
  1483     011B                     SP1BRG          equ	283	;# 
  1484     011B                     SPBRG           equ	283	;# 
  1485     011B                     SP1BRGL         equ	283	;# 
  1486     011B                     SPBRG1          equ	283	;# 
  1487     011B                     SPBRGL          equ	283	;# 
  1488     011C                     SP1BRGH         equ	284	;# 
  1489     011C                     SPBRGH          equ	284	;# 
  1490     011C                     SPBRGH1         equ	284	;# 
  1491     011D                     RC1STA          equ	285	;# 
  1492     011D                     RCSTA1          equ	285	;# 
  1493     011D                     RCSTA           equ	285	;# 
  1494     011E                     TX1STA          equ	286	;# 
  1495     011E                     TXSTA1          equ	286	;# 
  1496     011E                     TXSTA           equ	286	;# 
  1497     011F                     BAUD1CON        equ	287	;# 
  1498     011F                     BAUDCON1        equ	287	;# 
  1499     011F                     BAUDCTL1        equ	287	;# 
  1500     011F                     BAUDCON         equ	287	;# 
  1501     011F                     BAUDCTL         equ	287	;# 
  1502     018C                     SSP1BUF         equ	396	;# 
  1503     018D                     SSP1ADD         equ	397	;# 
  1504     018E                     SSP1MSK         equ	398	;# 
  1505     018F                     SSP1STAT        equ	399	;# 
  1506     0190                     SSP1CON1        equ	400	;# 
  1507     0191                     SSP1CON2        equ	401	;# 
  1508     0192                     SSP1CON3        equ	402	;# 
  1509     0196                     SSP2BUF         equ	406	;# 
  1510     0197                     SSP2ADD         equ	407	;# 
  1511     0198                     SSP2MSK         equ	408	;# 
  1512     0199                     SSP2STAT        equ	409	;# 
  1513     019A                     SSP2CON1        equ	410	;# 
  1514     019B                     SSP2CON2        equ	411	;# 
  1515     019C                     SSP2CON3        equ	412	;# 
  1516     020C                     TMR1            equ	524	;# 
  1517     020C                     TMR1L           equ	524	;# 
  1518     020D                     TMR1H           equ	525	;# 
  1519     020E                     T1CON           equ	526	;# 
  1520     020E                     TMR1CON         equ	526	;# 
  1521     020F                     T1GCON          equ	527	;# 
  1522     020F                     TMR1GCON        equ	527	;# 
  1523     0210                     T1GATE          equ	528	;# 
  1524     0210                     TMR1GATE        equ	528	;# 
  1525     0211                     T1CLK           equ	529	;# 
  1526     0211                     TMR1CLK         equ	529	;# 
  1527     0211                     PR1             equ	529	;# 
  1528     0212                     TMR3            equ	530	;# 
  1529     0212                     TMR3L           equ	530	;# 
  1530     0213                     TMR3H           equ	531	;# 
  1531     0214                     T3CON           equ	532	;# 
  1532     0214                     TMR3CON         equ	532	;# 
  1533     0215                     T3GCON          equ	533	;# 
  1534     0215                     TMR3GCON        equ	533	;# 
  1535     0216                     T3GATE          equ	534	;# 
  1536     0216                     TMR3GATE        equ	534	;# 
  1537     0217                     T3CLK           equ	535	;# 
  1538     0217                     TMR3CLK         equ	535	;# 
  1539     0217                     PR3             equ	535	;# 
  1540     0218                     TMR5            equ	536	;# 
  1541     0218                     TMR5L           equ	536	;# 
  1542     0219                     TMR5H           equ	537	;# 
  1543     021A                     T5CON           equ	538	;# 
  1544     021A                     TMR5CON         equ	538	;# 
  1545     021B                     T5GCON          equ	539	;# 
  1546     021B                     TMR5GCON        equ	539	;# 
  1547     021C                     T5GATE          equ	540	;# 
  1548     021C                     TMR5GATE        equ	540	;# 
  1549     021D                     T5CLK           equ	541	;# 
  1550     021D                     TMR5CLK         equ	541	;# 
  1551     021D                     PR5             equ	541	;# 
  1552     021E                     CCPTMRS0        equ	542	;# 
  1553     021F                     CCPTMRS1        equ	543	;# 
  1554     028C                     T2TMR           equ	652	;# 
  1555     028C                     TMR2            equ	652	;# 
  1556     028D                     T2PR            equ	653	;# 
  1557     028D                     PR2             equ	653	;# 
  1558     028E                     T2CON           equ	654	;# 
  1559     028F                     T2HLT           equ	655	;# 
  1560     0290                     T2CLKCON        equ	656	;# 
  1561     0291                     T2RST           equ	657	;# 
  1562     0292                     T4TMR           equ	658	;# 
  1563     0292                     TMR4            equ	658	;# 
  1564     0293                     T4PR            equ	659	;# 
  1565     0293                     PR4             equ	659	;# 
  1566     0294                     T4CON           equ	660	;# 
  1567     0295                     T4HLT           equ	661	;# 
  1568     0296                     T4CLKCON        equ	662	;# 
  1569     0297                     T4RST           equ	663	;# 
  1570     0298                     T6TMR           equ	664	;# 
  1571     0298                     TMR6            equ	664	;# 
  1572     0299                     T6PR            equ	665	;# 
  1573     0299                     PR6             equ	665	;# 
  1574     029A                     T6CON           equ	666	;# 
  1575     029B                     T6HLT           equ	667	;# 
  1576     029C                     T6CLKCON        equ	668	;# 
  1577     029D                     T6RST           equ	669	;# 
  1578     029F                     ADCPCON0        equ	671	;# 
  1579     030C                     CCPR1           equ	780	;# 
  1580     030C                     CCPR1L          equ	780	;# 
  1581     030D                     CCPR1H          equ	781	;# 
  1582     030E                     CCP1CON         equ	782	;# 
  1583     030F                     CCP1CAP         equ	783	;# 
  1584     0310                     CCPR2           equ	784	;# 
  1585     0310                     CCPR2L          equ	784	;# 
  1586     0311                     CCPR2H          equ	785	;# 
  1587     0312                     CCP2CON         equ	786	;# 
  1588     0313                     CCP2CAP         equ	787	;# 
  1589     0314                     CCPR3           equ	788	;# 
  1590     0314                     CCPR3L          equ	788	;# 
  1591     0315                     CCPR3H          equ	789	;# 
  1592     0316                     CCP3CON         equ	790	;# 
  1593     0317                     CCP3CAP         equ	791	;# 
  1594     0318                     CCPR4           equ	792	;# 
  1595     0318                     CCPR4L          equ	792	;# 
  1596     0319                     CCPR4H          equ	793	;# 
  1597     031A                     CCP4CON         equ	794	;# 
  1598     031B                     CCP4CAP         equ	795	;# 
  1599     038C                     PWM6DC          equ	908	;# 
  1600     038C                     PWM6DCL         equ	908	;# 
  1601     038D                     PWM6DCH         equ	909	;# 
  1602     038E                     PWM6CON         equ	910	;# 
  1603     0390                     PWM7DC          equ	912	;# 
  1604     0390                     PWM7DCL         equ	912	;# 
  1605     0391                     PWM7DCH         equ	913	;# 
  1606     0392                     PWM7CON         equ	914	;# 
  1607     048C                     SMT1TMR         equ	1164	;# 
  1608     048C                     SMT1TMRL        equ	1164	;# 
  1609     048D                     SMT1TMRH        equ	1165	;# 
  1610     048E                     SMT1TMRU        equ	1166	;# 
  1611     048F                     SMT1CPR         equ	1167	;# 
  1612     048F                     SMT1CPRL        equ	1167	;# 
  1613     0490                     SMT1CPRH        equ	1168	;# 
  1614     0491                     SMT1CPRU        equ	1169	;# 
  1615     0492                     SMT1CPW         equ	1170	;# 
  1616     0492                     SMT1CPWL        equ	1170	;# 
  1617     0493                     SMT1CPWH        equ	1171	;# 
  1618     0494                     SMT1CPWU        equ	1172	;# 
  1619     0495                     SMT1PR          equ	1173	;# 
  1620     0495                     SMT1PRL         equ	1173	;# 
  1621     0496                     SMT1PRH         equ	1174	;# 
  1622     0497                     SMT1PRU         equ	1175	;# 
  1623     0498                     SMT1CON0        equ	1176	;# 
  1624     0499                     SMT1CON1        equ	1177	;# 
  1625     049A                     SMT1STAT        equ	1178	;# 
  1626     049B                     SMT1CLK         equ	1179	;# 
  1627     049C                     SMT1SIG         equ	1180	;# 
  1628     049D                     SMT1WIN         equ	1181	;# 
  1629     058C                     NCO1ACC         equ	1420	;# 
  1630     058C                     NCO1ACCL        equ	1420	;# 
  1631     058D                     NCO1ACCH        equ	1421	;# 
  1632     058E                     NCO1ACCU        equ	1422	;# 
  1633     058F                     NCO1INC         equ	1423	;# 
  1634     058F                     NCO1INCL        equ	1423	;# 
  1635     0590                     NCO1INCH        equ	1424	;# 
  1636     0591                     NCO1INCU        equ	1425	;# 
  1637     0592                     NCO1CON         equ	1426	;# 
  1638     0593                     NCO1CLK         equ	1427	;# 
  1639     059C                     TMR0L           equ	1436	;# 
  1640     059C                     TMR0            equ	1436	;# 
  1641     059D                     TMR0H           equ	1437	;# 
  1642     059D                     PR0             equ	1437	;# 
  1643     059E                     T0CON0          equ	1438	;# 
  1644     059F                     T0CON1          equ	1439	;# 
  1645     060C                     CWG1CLK         equ	1548	;# 
  1646     060C                     CWG1CLKCON      equ	1548	;# 
  1647     060D                     CWG1ISM         equ	1549	;# 
  1648     060D                     CWG1DAT         equ	1549	;# 
  1649     060E                     CWG1DBR         equ	1550	;# 
  1650     060F                     CWG1DBF         equ	1551	;# 
  1651     0610                     CWG1CON0        equ	1552	;# 
  1652     0611                     CWG1CON1        equ	1553	;# 
  1653     0612                     CWG1AS0         equ	1554	;# 
  1654     0613                     CWG1AS1         equ	1555	;# 
  1655     0614                     CWG1STR         equ	1556	;# 
  1656     0616                     CWG2CLK         equ	1558	;# 
  1657     0616                     CWG2CLKCON      equ	1558	;# 
  1658     0617                     CWG2ISM         equ	1559	;# 
  1659     0617                     CWG2DAT         equ	1559	;# 
  1660     0618                     CWG2DBR         equ	1560	;# 
  1661     0619                     CWG2DBF         equ	1561	;# 
  1662     061A                     CWG2CON0        equ	1562	;# 
  1663     061B                     CWG2CON1        equ	1563	;# 
  1664     061C                     CWG2AS0         equ	1564	;# 
  1665     061D                     CWG2AS1         equ	1565	;# 
  1666     061E                     CWG2STR         equ	1566	;# 
  1667     070C                     PIR0            equ	1804	;# 
  1668     070D                     PIR1            equ	1805	;# 
  1669     070E                     PIR2            equ	1806	;# 
  1670     070F                     PIR3            equ	1807	;# 
  1671     0710                     PIR4            equ	1808	;# 
  1672     0711                     PIR5            equ	1809	;# 
  1673     0712                     PIR6            equ	1810	;# 
  1674     0713                     PIR7            equ	1811	;# 
  1675     0714                     PIR8            equ	1812	;# 
  1676     0716                     PIE0            equ	1814	;# 
  1677     0717                     PIE1            equ	1815	;# 
  1678     0718                     PIE2            equ	1816	;# 
  1679     0719                     PIE3            equ	1817	;# 
  1680     071A                     PIE4            equ	1818	;# 
  1681     071B                     PIE5            equ	1819	;# 
  1682     071C                     PIE6            equ	1820	;# 
  1683     071D                     PIE7            equ	1821	;# 
  1684     071E                     PIE8            equ	1822	;# 
  1685     0796                     PMD0            equ	1942	;# 
  1686     0797                     PMD1            equ	1943	;# 
  1687     0798                     PMD2            equ	1944	;# 
  1688     0799                     PMD3            equ	1945	;# 
  1689     079A                     PMD4            equ	1946	;# 
  1690     079B                     PMD5            equ	1947	;# 
  1691     079C                     PMD6            equ	1948	;# 
  1692     079D                     PMD7            equ	1949	;# 
  1693     080C                     WDTCON0         equ	2060	;# 
  1694     080D                     WDTCON1         equ	2061	;# 
  1695     080E                     WDTPSL          equ	2062	;# 
  1696     080F                     WDTPSH          equ	2063	;# 
  1697     0810                     WDTTMR          equ	2064	;# 
  1698     0811                     BORCON          equ	2065	;# 
  1699     0812                     VREGCON         equ	2066	;# 
  1700     0813                     PCON0           equ	2067	;# 
  1701     0814                     PCON1           equ	2068	;# 
  1702     081A                     NVMADR          equ	2074	;# 
  1703     081A                     NVMADRL         equ	2074	;# 
  1704     081B                     NVMADRH         equ	2075	;# 
  1705     081C                     NVMDAT          equ	2076	;# 
  1706     081C                     NVMDATL         equ	2076	;# 
  1707     081D                     NVMDATH         equ	2077	;# 
  1708     081E                     NVMCON1         equ	2078	;# 
  1709     081F                     NVMCON2         equ	2079	;# 
  1710     088C                     CPUDOZE         equ	2188	;# 
  1711     088D                     OSCCON1         equ	2189	;# 
  1712     088E                     OSCCON2         equ	2190	;# 
  1713     088F                     OSCCON3         equ	2191	;# 
  1714     0890                     OSCSTAT         equ	2192	;# 
  1715     0891                     OSCEN           equ	2193	;# 
  1716     0892                     OSCTUNE         equ	2194	;# 
  1717     0893                     OSCFRQ          equ	2195	;# 
  1718     0895                     CLKRCON         equ	2197	;# 
  1719     0896                     CLKRCLK         equ	2198	;# 
  1720     0897                     MD1CON0         equ	2199	;# 
  1721     0898                     MD1CON1         equ	2200	;# 
  1722     0899                     MD1SRC          equ	2201	;# 
  1723     089A                     MD1CARL         equ	2202	;# 
  1724     089B                     MD1CARH         equ	2203	;# 
  1725     090C                     FVRCON          equ	2316	;# 
  1726     090E                     DAC1CON0        equ	2318	;# 
  1727     090F                     DAC1CON1        equ	2319	;# 
  1728     091F                     ZCDCON          equ	2335	;# 
  1729     098F                     CMOUT           equ	2447	;# 
  1730     098F                     CMSTAT          equ	2447	;# 
  1731     0990                     CM1CON0         equ	2448	;# 
  1732     0991                     CM1CON1         equ	2449	;# 
  1733     0992                     CM1NCH          equ	2450	;# 
  1734     0993                     CM1PCH          equ	2451	;# 
  1735     0994                     CM2CON0         equ	2452	;# 
  1736     0995                     CM2CON1         equ	2453	;# 
  1737     0996                     CM2NCH          equ	2454	;# 
  1738     0997                     CM2PCH          equ	2455	;# 
  1739     1E0F                     CLCDATA         equ	7695	;# 
  1740     1E10                     CLC1CON         equ	7696	;# 
  1741     1E11                     CLC1POL         equ	7697	;# 
  1742     1E12                     CLC1SEL0        equ	7698	;# 
  1743     1E13                     CLC1SEL1        equ	7699	;# 
  1744     1E14                     CLC1SEL2        equ	7700	;# 
  1745     1E15                     CLC1SEL3        equ	7701	;# 
  1746     1E16                     CLC1GLS0        equ	7702	;# 
  1747     1E17                     CLC1GLS1        equ	7703	;# 
  1748     1E18                     CLC1GLS2        equ	7704	;# 
  1749     1E19                     CLC1GLS3        equ	7705	;# 
  1750     1E1A                     CLC2CON         equ	7706	;# 
  1751     1E1B                     CLC2POL         equ	7707	;# 
  1752     1E1C                     CLC2SEL0        equ	7708	;# 
  1753     1E1D                     CLC2SEL1        equ	7709	;# 
  1754     1E1E                     CLC2SEL2        equ	7710	;# 
  1755     1E1F                     CLC2SEL3        equ	7711	;# 
  1756     1E20                     CLC2GLS0        equ	7712	;# 
  1757     1E21                     CLC2GLS1        equ	7713	;# 
  1758     1E22                     CLC2GLS2        equ	7714	;# 
  1759     1E23                     CLC2GLS3        equ	7715	;# 
  1760     1E24                     CLC3CON         equ	7716	;# 
  1761     1E25                     CLC3POL         equ	7717	;# 
  1762     1E26                     CLC3SEL0        equ	7718	;# 
  1763     1E27                     CLC3SEL1        equ	7719	;# 
  1764     1E28                     CLC3SEL2        equ	7720	;# 
  1765     1E29                     CLC3SEL3        equ	7721	;# 
  1766     1E2A                     CLC3GLS0        equ	7722	;# 
  1767     1E2B                     CLC3GLS1        equ	7723	;# 
  1768     1E2C                     CLC3GLS2        equ	7724	;# 
  1769     1E2D                     CLC3GLS3        equ	7725	;# 
  1770     1E2E                     CLC4CON         equ	7726	;# 
  1771     1E2F                     CLC4POL         equ	7727	;# 
  1772     1E30                     CLC4SEL0        equ	7728	;# 
  1773     1E31                     CLC4SEL1        equ	7729	;# 
  1774     1E32                     CLC4SEL2        equ	7730	;# 
  1775     1E33                     CLC4SEL3        equ	7731	;# 
  1776     1E34                     CLC4GLS0        equ	7732	;# 
  1777     1E35                     CLC4GLS1        equ	7733	;# 
  1778     1E36                     CLC4GLS2        equ	7734	;# 
  1779     1E37                     CLC4GLS3        equ	7735	;# 
  1780     1E8F                     PPSLOCK         equ	7823	;# 
  1781     1E90                     INTPPS          equ	7824	;# 
  1782     1E91                     T0CKIPPS        equ	7825	;# 
  1783     1E92                     T1CKIPPS        equ	7826	;# 
  1784     1E93                     T1GPPS          equ	7827	;# 
  1785     1E94                     T3CKIPPS        equ	7828	;# 
  1786     1E95                     T3GPPS          equ	7829	;# 
  1787     1E96                     T5CKIPPS        equ	7830	;# 
  1788     1E97                     T5GPPS          equ	7831	;# 
  1789     1E9C                     T2INPPS         equ	7836	;# 
  1790     1E9D                     T4INPPS         equ	7837	;# 
  1791     1E9E                     T6INPPS         equ	7838	;# 
  1792     1EA1                     CCP1PPS         equ	7841	;# 
  1793     1EA2                     CCP2PPS         equ	7842	;# 
  1794     1EA3                     CCP3PPS         equ	7843	;# 
  1795     1EA4                     CCP4PPS         equ	7844	;# 
  1796     1EA9                     SMT1WINPPS      equ	7849	;# 
  1797     1EAA                     SMT1SIGPPS      equ	7850	;# 
  1798     1EB1                     CWG1PPS         equ	7857	;# 
  1799     1EB2                     CWG2PPS         equ	7858	;# 
  1800     1EB8                     MDCARLPPS       equ	7864	;# 
  1801     1EB9                     MDCARHPPS       equ	7865	;# 
  1802     1EBA                     MDSRCPPS        equ	7866	;# 
  1803     1EBB                     CLCIN0PPS       equ	7867	;# 
  1804     1EBC                     CLCIN1PPS       equ	7868	;# 
  1805     1EBD                     CLCIN2PPS       equ	7869	;# 
  1806     1EBE                     CLCIN3PPS       equ	7870	;# 
  1807     1EC3                     ADACTPPS        equ	7875	;# 
  1808     1EC5                     SSP1CLKPPS      equ	7877	;# 
  1809     1EC6                     SSP1DATPPS      equ	7878	;# 
  1810     1EC7                     SSP1SSPPS       equ	7879	;# 
  1811     1EC8                     SSP2CLKPPS      equ	7880	;# 
  1812     1EC9                     SSP2DATPPS      equ	7881	;# 
  1813     1ECA                     SSP2SSPPS       equ	7882	;# 
  1814     1ECB                     RX1PPS          equ	7883	;# 
  1815     1ECC                     CK1PPS          equ	7884	;# 
  1816     1F10                     RA0PPS          equ	7952	;# 
  1817     1F11                     RA1PPS          equ	7953	;# 
  1818     1F12                     RA2PPS          equ	7954	;# 
  1819     1F14                     RA4PPS          equ	7956	;# 
  1820     1F15                     RA5PPS          equ	7957	;# 
  1821     1F20                     RC0PPS          equ	7968	;# 
  1822     1F21                     RC1PPS          equ	7969	;# 
  1823     1F22                     RC2PPS          equ	7970	;# 
  1824     1F23                     RC3PPS          equ	7971	;# 
  1825     1F24                     RC4PPS          equ	7972	;# 
  1826     1F25                     RC5PPS          equ	7973	;# 
  1827     1F38                     ANSELA          equ	7992	;# 
  1828     1F39                     WPUA            equ	7993	;# 
  1829     1F3A                     ODCONA          equ	7994	;# 
  1830     1F3B                     SLRCONA         equ	7995	;# 
  1831     1F3C                     INLVLA          equ	7996	;# 
  1832     1F3D                     IOCAP           equ	7997	;# 
  1833     1F3E                     IOCAN           equ	7998	;# 
  1834     1F3F                     IOCAF           equ	7999	;# 
  1835     1F4E                     ANSELC          equ	8014	;# 
  1836     1F4F                     WPUC            equ	8015	;# 
  1837     1F50                     ODCONC          equ	8016	;# 
  1838     1F51                     SLRCONC         equ	8017	;# 
  1839     1F52                     INLVLC          equ	8018	;# 
  1840     1F53                     IOCCP           equ	8019	;# 
  1841     1F54                     IOCCN           equ	8020	;# 
  1842     1F55                     IOCCF           equ	8021	;# 
  1843     1FE4                     STATUS_SHAD     equ	8164	;# 
  1844     1FE5                     WREG_SHAD       equ	8165	;# 
  1845     1FE6                     BSR_SHAD        equ	8166	;# 
  1846     1FE7                     PCLATH_SHAD     equ	8167	;# 
  1847     1FE8                     FSR0_SHAD       equ	8168	;# 
  1848     1FE8                     FSR0L_SHAD      equ	8168	;# 
  1849     1FE9                     FSR0H_SHAD      equ	8169	;# 
  1850     1FEA                     FSR1L_SHAD      equ	8170	;# 
  1851     1FEB                     FSR1H_SHAD      equ	8171	;# 
  1852     1FED                     STKPTR          equ	8173	;# 
  1853     1FEE                     TOSL            equ	8174	;# 
  1854     1FEF                     TOSH            equ	8175	;# 
  1855     0000                     INDF0           equ	0	;# 
  1856     0001                     INDF1           equ	1	;# 
  1857     0002                     PCL             equ	2	;# 
  1858     0003                     STATUS          equ	3	;# 
  1859     0004                     FSR0L           equ	4	;# 
  1860     0005                     FSR0H           equ	5	;# 
  1861     0006                     FSR1L           equ	6	;# 
  1862     0007                     FSR1H           equ	7	;# 
  1863     0008                     BSR             equ	8	;# 
  1864     0009                     WREG            equ	9	;# 
  1865     000A                     PCLATH          equ	10	;# 
  1866     000B                     INTCON          equ	11	;# 
  1867     000C                     PORTA           equ	12	;# 
  1868     000E                     PORTC           equ	14	;# 
  1869     0012                     TRISA           equ	18	;# 
  1870     0014                     TRISC           equ	20	;# 
  1871     0018                     LATA            equ	24	;# 
  1872     001A                     LATC            equ	26	;# 
  1873     008C                     ADLTH           equ	140	;# 
  1874     008C                     ADLTHL          equ	140	;# 
  1875     008D                     ADLTHH          equ	141	;# 
  1876     008E                     ADUTH           equ	142	;# 
  1877     008E                     ADUTHL          equ	142	;# 
  1878     008F                     ADUTHH          equ	143	;# 
  1879     0090                     ADERR           equ	144	;# 
  1880     0090                     ADERRL          equ	144	;# 
  1881     0091                     ADERRH          equ	145	;# 
  1882     0092                     ADSTPT          equ	146	;# 
  1883     0092                     ADSTPTL         equ	146	;# 
  1884     0093                     ADSTPTH         equ	147	;# 
  1885     0094                     ADFLTR          equ	148	;# 
  1886     0094                     ADFLTRL         equ	148	;# 
  1887     0095                     ADFLTRH         equ	149	;# 
  1888     0096                     ADACC           equ	150	;# 
  1889     0096                     ADACCL          equ	150	;# 
  1890     0097                     ADACCH          equ	151	;# 
  1891     0098                     ADACCU          equ	152	;# 
  1892     0099                     ADCNT           equ	153	;# 
  1893     009A                     ADRPT           equ	154	;# 
  1894     009B                     ADPREV          equ	155	;# 
  1895     009B                     ADPREVL         equ	155	;# 
  1896     009C                     ADPREVH         equ	156	;# 
  1897     009D                     ADRES           equ	157	;# 
  1898     009D                     ADRESL          equ	157	;# 
  1899     009E                     ADRESH          equ	158	;# 
  1900     009F                     ADPCH           equ	159	;# 
  1901     010C                     ADACQ           equ	268	;# 
  1902     010C                     ADACQL          equ	268	;# 
  1903     010D                     ADACQH          equ	269	;# 
  1904     010E                     ADCAP           equ	270	;# 
  1905     010F                     ADPRE           equ	271	;# 
  1906     010F                     ADPREL          equ	271	;# 
  1907     0110                     ADPREH          equ	272	;# 
  1908     0111                     ADCON0          equ	273	;# 
  1909     0112                     ADCON1          equ	274	;# 
  1910     0113                     ADCON2          equ	275	;# 
  1911     0114                     ADCON3          equ	276	;# 
  1912     0115                     ADSTAT          equ	277	;# 
  1913     0116                     ADREF           equ	278	;# 
  1914     0117                     ADACT           equ	279	;# 
  1915     0118                     ADCLK           equ	280	;# 
  1916     0119                     RC1REG          equ	281	;# 
  1917     0119                     RCREG           equ	281	;# 
  1918     0119                     RCREG1          equ	281	;# 
  1919     011A                     TX1REG          equ	282	;# 
  1920     011A                     TXREG1          equ	282	;# 
  1921     011A                     TXREG           equ	282	;# 
  1922     011B                     SP1BRG          equ	283	;# 
  1923     011B                     SPBRG           equ	283	;# 
  1924     011B                     SP1BRGL         equ	283	;# 
  1925     011B                     SPBRG1          equ	283	;# 
  1926     011B                     SPBRGL          equ	283	;# 
  1927     011C                     SP1BRGH         equ	284	;# 
  1928     011C                     SPBRGH          equ	284	;# 
  1929     011C                     SPBRGH1         equ	284	;# 
  1930     011D                     RC1STA          equ	285	;# 
  1931     011D                     RCSTA1          equ	285	;# 
  1932     011D                     RCSTA           equ	285	;# 
  1933     011E                     TX1STA          equ	286	;# 
  1934     011E                     TXSTA1          equ	286	;# 
  1935     011E                     TXSTA           equ	286	;# 
  1936     011F                     BAUD1CON        equ	287	;# 
  1937     011F                     BAUDCON1        equ	287	;# 
  1938     011F                     BAUDCTL1        equ	287	;# 
  1939     011F                     BAUDCON         equ	287	;# 
  1940     011F                     BAUDCTL         equ	287	;# 
  1941     018C                     SSP1BUF         equ	396	;# 
  1942     018D                     SSP1ADD         equ	397	;# 
  1943     018E                     SSP1MSK         equ	398	;# 
  1944     018F                     SSP1STAT        equ	399	;# 
  1945     0190                     SSP1CON1        equ	400	;# 
  1946     0191                     SSP1CON2        equ	401	;# 
  1947     0192                     SSP1CON3        equ	402	;# 
  1948     0196                     SSP2BUF         equ	406	;# 
  1949     0197                     SSP2ADD         equ	407	;# 
  1950     0198                     SSP2MSK         equ	408	;# 
  1951     0199                     SSP2STAT        equ	409	;# 
  1952     019A                     SSP2CON1        equ	410	;# 
  1953     019B                     SSP2CON2        equ	411	;# 
  1954     019C                     SSP2CON3        equ	412	;# 
  1955     020C                     TMR1            equ	524	;# 
  1956     020C                     TMR1L           equ	524	;# 
  1957     020D                     TMR1H           equ	525	;# 
  1958     020E                     T1CON           equ	526	;# 
  1959     020E                     TMR1CON         equ	526	;# 
  1960     020F                     T1GCON          equ	527	;# 
  1961     020F                     TMR1GCON        equ	527	;# 
  1962     0210                     T1GATE          equ	528	;# 
  1963     0210                     TMR1GATE        equ	528	;# 
  1964     0211                     T1CLK           equ	529	;# 
  1965     0211                     TMR1CLK         equ	529	;# 
  1966     0211                     PR1             equ	529	;# 
  1967     0212                     TMR3            equ	530	;# 
  1968     0212                     TMR3L           equ	530	;# 
  1969     0213                     TMR3H           equ	531	;# 
  1970     0214                     T3CON           equ	532	;# 
  1971     0214                     TMR3CON         equ	532	;# 
  1972     0215                     T3GCON          equ	533	;# 
  1973     0215                     TMR3GCON        equ	533	;# 
  1974     0216                     T3GATE          equ	534	;# 
  1975     0216                     TMR3GATE        equ	534	;# 
  1976     0217                     T3CLK           equ	535	;# 
  1977     0217                     TMR3CLK         equ	535	;# 
  1978     0217                     PR3             equ	535	;# 
  1979     0218                     TMR5            equ	536	;# 
  1980     0218                     TMR5L           equ	536	;# 
  1981     0219                     TMR5H           equ	537	;# 
  1982     021A                     T5CON           equ	538	;# 
  1983     021A                     TMR5CON         equ	538	;# 
  1984     021B                     T5GCON          equ	539	;# 
  1985     021B                     TMR5GCON        equ	539	;# 
  1986     021C                     T5GATE          equ	540	;# 
  1987     021C                     TMR5GATE        equ	540	;# 
  1988     021D                     T5CLK           equ	541	;# 
  1989     021D                     TMR5CLK         equ	541	;# 
  1990     021D                     PR5             equ	541	;# 
  1991     021E                     CCPTMRS0        equ	542	;# 
  1992     021F                     CCPTMRS1        equ	543	;# 
  1993     028C                     T2TMR           equ	652	;# 
  1994     028C                     TMR2            equ	652	;# 
  1995     028D                     T2PR            equ	653	;# 
  1996     028D                     PR2             equ	653	;# 
  1997     028E                     T2CON           equ	654	;# 
  1998     028F                     T2HLT           equ	655	;# 
  1999     0290                     T2CLKCON        equ	656	;# 
  2000     0291                     T2RST           equ	657	;# 
  2001     0292                     T4TMR           equ	658	;# 
  2002     0292                     TMR4            equ	658	;# 
  2003     0293                     T4PR            equ	659	;# 
  2004     0293                     PR4             equ	659	;# 
  2005     0294                     T4CON           equ	660	;# 
  2006     0295                     T4HLT           equ	661	;# 
  2007     0296                     T4CLKCON        equ	662	;# 
  2008     0297                     T4RST           equ	663	;# 
  2009     0298                     T6TMR           equ	664	;# 
  2010     0298                     TMR6            equ	664	;# 
  2011     0299                     T6PR            equ	665	;# 
  2012     0299                     PR6             equ	665	;# 
  2013     029A                     T6CON           equ	666	;# 
  2014     029B                     T6HLT           equ	667	;# 
  2015     029C                     T6CLKCON        equ	668	;# 
  2016     029D                     T6RST           equ	669	;# 
  2017     029F                     ADCPCON0        equ	671	;# 
  2018     030C                     CCPR1           equ	780	;# 
  2019     030C                     CCPR1L          equ	780	;# 
  2020     030D                     CCPR1H          equ	781	;# 
  2021     030E                     CCP1CON         equ	782	;# 
  2022     030F                     CCP1CAP         equ	783	;# 
  2023     0310                     CCPR2           equ	784	;# 
  2024     0310                     CCPR2L          equ	784	;# 
  2025     0311                     CCPR2H          equ	785	;# 
  2026     0312                     CCP2CON         equ	786	;# 
  2027     0313                     CCP2CAP         equ	787	;# 
  2028     0314                     CCPR3           equ	788	;# 
  2029     0314                     CCPR3L          equ	788	;# 
  2030     0315                     CCPR3H          equ	789	;# 
  2031     0316                     CCP3CON         equ	790	;# 
  2032     0317                     CCP3CAP         equ	791	;# 
  2033     0318                     CCPR4           equ	792	;# 
  2034     0318                     CCPR4L          equ	792	;# 
  2035     0319                     CCPR4H          equ	793	;# 
  2036     031A                     CCP4CON         equ	794	;# 
  2037     031B                     CCP4CAP         equ	795	;# 
  2038     038C                     PWM6DC          equ	908	;# 
  2039     038C                     PWM6DCL         equ	908	;# 
  2040     038D                     PWM6DCH         equ	909	;# 
  2041     038E                     PWM6CON         equ	910	;# 
  2042     0390                     PWM7DC          equ	912	;# 
  2043     0390                     PWM7DCL         equ	912	;# 
  2044     0391                     PWM7DCH         equ	913	;# 
  2045     0392                     PWM7CON         equ	914	;# 
  2046     048C                     SMT1TMR         equ	1164	;# 
  2047     048C                     SMT1TMRL        equ	1164	;# 
  2048     048D                     SMT1TMRH        equ	1165	;# 
  2049     048E                     SMT1TMRU        equ	1166	;# 
  2050     048F                     SMT1CPR         equ	1167	;# 
  2051     048F                     SMT1CPRL        equ	1167	;# 
  2052     0490                     SMT1CPRH        equ	1168	;# 
  2053     0491                     SMT1CPRU        equ	1169	;# 
  2054     0492                     SMT1CPW         equ	1170	;# 
  2055     0492                     SMT1CPWL        equ	1170	;# 
  2056     0493                     SMT1CPWH        equ	1171	;# 
  2057     0494                     SMT1CPWU        equ	1172	;# 
  2058     0495                     SMT1PR          equ	1173	;# 
  2059     0495                     SMT1PRL         equ	1173	;# 
  2060     0496                     SMT1PRH         equ	1174	;# 
  2061     0497                     SMT1PRU         equ	1175	;# 
  2062     0498                     SMT1CON0        equ	1176	;# 
  2063     0499                     SMT1CON1        equ	1177	;# 
  2064     049A                     SMT1STAT        equ	1178	;# 
  2065     049B                     SMT1CLK         equ	1179	;# 
  2066     049C                     SMT1SIG         equ	1180	;# 
  2067     049D                     SMT1WIN         equ	1181	;# 
  2068     058C                     NCO1ACC         equ	1420	;# 
  2069     058C                     NCO1ACCL        equ	1420	;# 
  2070     058D                     NCO1ACCH        equ	1421	;# 
  2071     058E                     NCO1ACCU        equ	1422	;# 
  2072     058F                     NCO1INC         equ	1423	;# 
  2073     058F                     NCO1INCL        equ	1423	;# 
  2074     0590                     NCO1INCH        equ	1424	;# 
  2075     0591                     NCO1INCU        equ	1425	;# 
  2076     0592                     NCO1CON         equ	1426	;# 
  2077     0593                     NCO1CLK         equ	1427	;# 
  2078     059C                     TMR0L           equ	1436	;# 
  2079     059C                     TMR0            equ	1436	;# 
  2080     059D                     TMR0H           equ	1437	;# 
  2081     059D                     PR0             equ	1437	;# 
  2082     059E                     T0CON0          equ	1438	;# 
  2083     059F                     T0CON1          equ	1439	;# 
  2084     060C                     CWG1CLK         equ	1548	;# 
  2085     060C                     CWG1CLKCON      equ	1548	;# 
  2086     060D                     CWG1ISM         equ	1549	;# 
  2087     060D                     CWG1DAT         equ	1549	;# 
  2088     060E                     CWG1DBR         equ	1550	;# 
  2089     060F                     CWG1DBF         equ	1551	;# 
  2090     0610                     CWG1CON0        equ	1552	;# 
  2091     0611                     CWG1CON1        equ	1553	;# 
  2092     0612                     CWG1AS0         equ	1554	;# 
  2093     0613                     CWG1AS1         equ	1555	;# 
  2094     0614                     CWG1STR         equ	1556	;# 
  2095     0616                     CWG2CLK         equ	1558	;# 
  2096     0616                     CWG2CLKCON      equ	1558	;# 
  2097     0617                     CWG2ISM         equ	1559	;# 
  2098     0617                     CWG2DAT         equ	1559	;# 
  2099     0618                     CWG2DBR         equ	1560	;# 
  2100     0619                     CWG2DBF         equ	1561	;# 
  2101     061A                     CWG2CON0        equ	1562	;# 
  2102     061B                     CWG2CON1        equ	1563	;# 
  2103     061C                     CWG2AS0         equ	1564	;# 
  2104     061D                     CWG2AS1         equ	1565	;# 
  2105     061E                     CWG2STR         equ	1566	;# 
  2106     070C                     PIR0            equ	1804	;# 
  2107     070D                     PIR1            equ	1805	;# 
  2108     070E                     PIR2            equ	1806	;# 
  2109     070F                     PIR3            equ	1807	;# 
  2110     0710                     PIR4            equ	1808	;# 
  2111     0711                     PIR5            equ	1809	;# 
  2112     0712                     PIR6            equ	1810	;# 
  2113     0713                     PIR7            equ	1811	;# 
  2114     0714                     PIR8            equ	1812	;# 
  2115     0716                     PIE0            equ	1814	;# 
  2116     0717                     PIE1            equ	1815	;# 
  2117     0718                     PIE2            equ	1816	;# 
  2118     0719                     PIE3            equ	1817	;# 
  2119     071A                     PIE4            equ	1818	;# 
  2120     071B                     PIE5            equ	1819	;# 
  2121     071C                     PIE6            equ	1820	;# 
  2122     071D                     PIE7            equ	1821	;# 
  2123     071E                     PIE8            equ	1822	;# 
  2124     0796                     PMD0            equ	1942	;# 
  2125     0797                     PMD1            equ	1943	;# 
  2126     0798                     PMD2            equ	1944	;# 
  2127     0799                     PMD3            equ	1945	;# 
  2128     079A                     PMD4            equ	1946	;# 
  2129     079B                     PMD5            equ	1947	;# 
  2130     079C                     PMD6            equ	1948	;# 
  2131     079D                     PMD7            equ	1949	;# 
  2132     080C                     WDTCON0         equ	2060	;# 
  2133     080D                     WDTCON1         equ	2061	;# 
  2134     080E                     WDTPSL          equ	2062	;# 
  2135     080F                     WDTPSH          equ	2063	;# 
  2136     0810                     WDTTMR          equ	2064	;# 
  2137     0811                     BORCON          equ	2065	;# 
  2138     0812                     VREGCON         equ	2066	;# 
  2139     0813                     PCON0           equ	2067	;# 
  2140     0814                     PCON1           equ	2068	;# 
  2141     081A                     NVMADR          equ	2074	;# 
  2142     081A                     NVMADRL         equ	2074	;# 
  2143     081B                     NVMADRH         equ	2075	;# 
  2144     081C                     NVMDAT          equ	2076	;# 
  2145     081C                     NVMDATL         equ	2076	;# 
  2146     081D                     NVMDATH         equ	2077	;# 
  2147     081E                     NVMCON1         equ	2078	;# 
  2148     081F                     NVMCON2         equ	2079	;# 
  2149     088C                     CPUDOZE         equ	2188	;# 
  2150     088D                     OSCCON1         equ	2189	;# 
  2151     088E                     OSCCON2         equ	2190	;# 
  2152     088F                     OSCCON3         equ	2191	;# 
  2153     0890                     OSCSTAT         equ	2192	;# 
  2154     0891                     OSCEN           equ	2193	;# 
  2155     0892                     OSCTUNE         equ	2194	;# 
  2156     0893                     OSCFRQ          equ	2195	;# 
  2157     0895                     CLKRCON         equ	2197	;# 
  2158     0896                     CLKRCLK         equ	2198	;# 
  2159     0897                     MD1CON0         equ	2199	;# 
  2160     0898                     MD1CON1         equ	2200	;# 
  2161     0899                     MD1SRC          equ	2201	;# 
  2162     089A                     MD1CARL         equ	2202	;# 
  2163     089B                     MD1CARH         equ	2203	;# 
  2164     090C                     FVRCON          equ	2316	;# 
  2165     090E                     DAC1CON0        equ	2318	;# 
  2166     090F                     DAC1CON1        equ	2319	;# 
  2167     091F                     ZCDCON          equ	2335	;# 
  2168     098F                     CMOUT           equ	2447	;# 
  2169     098F                     CMSTAT          equ	2447	;# 
  2170     0990                     CM1CON0         equ	2448	;# 
  2171     0991                     CM1CON1         equ	2449	;# 
  2172     0992                     CM1NCH          equ	2450	;# 
  2173     0993                     CM1PCH          equ	2451	;# 
  2174     0994                     CM2CON0         equ	2452	;# 
  2175     0995                     CM2CON1         equ	2453	;# 
  2176     0996                     CM2NCH          equ	2454	;# 
  2177     0997                     CM2PCH          equ	2455	;# 
  2178     1E0F                     CLCDATA         equ	7695	;# 
  2179     1E10                     CLC1CON         equ	7696	;# 
  2180     1E11                     CLC1POL         equ	7697	;# 
  2181     1E12                     CLC1SEL0        equ	7698	;# 
  2182     1E13                     CLC1SEL1        equ	7699	;# 
  2183     1E14                     CLC1SEL2        equ	7700	;# 
  2184     1E15                     CLC1SEL3        equ	7701	;# 
  2185     1E16                     CLC1GLS0        equ	7702	;# 
  2186     1E17                     CLC1GLS1        equ	7703	;# 
  2187     1E18                     CLC1GLS2        equ	7704	;# 
  2188     1E19                     CLC1GLS3        equ	7705	;# 
  2189     1E1A                     CLC2CON         equ	7706	;# 
  2190     1E1B                     CLC2POL         equ	7707	;# 
  2191     1E1C                     CLC2SEL0        equ	7708	;# 
  2192     1E1D                     CLC2SEL1        equ	7709	;# 
  2193     1E1E                     CLC2SEL2        equ	7710	;# 
  2194     1E1F                     CLC2SEL3        equ	7711	;# 
  2195     1E20                     CLC2GLS0        equ	7712	;# 
  2196     1E21                     CLC2GLS1        equ	7713	;# 
  2197     1E22                     CLC2GLS2        equ	7714	;# 
  2198     1E23                     CLC2GLS3        equ	7715	;# 
  2199     1E24                     CLC3CON         equ	7716	;# 
  2200     1E25                     CLC3POL         equ	7717	;# 
  2201     1E26                     CLC3SEL0        equ	7718	;# 
  2202     1E27                     CLC3SEL1        equ	7719	;# 
  2203     1E28                     CLC3SEL2        equ	7720	;# 
  2204     1E29                     CLC3SEL3        equ	7721	;# 
  2205     1E2A                     CLC3GLS0        equ	7722	;# 
  2206     1E2B                     CLC3GLS1        equ	7723	;# 
  2207     1E2C                     CLC3GLS2        equ	7724	;# 
  2208     1E2D                     CLC3GLS3        equ	7725	;# 
  2209     1E2E                     CLC4CON         equ	7726	;# 
  2210     1E2F                     CLC4POL         equ	7727	;# 
  2211     1E30                     CLC4SEL0        equ	7728	;# 
  2212     1E31                     CLC4SEL1        equ	7729	;# 
  2213     1E32                     CLC4SEL2        equ	7730	;# 
  2214     1E33                     CLC4SEL3        equ	7731	;# 
  2215     1E34                     CLC4GLS0        equ	7732	;# 
  2216     1E35                     CLC4GLS1        equ	7733	;# 
  2217     1E36                     CLC4GLS2        equ	7734	;# 
  2218     1E37                     CLC4GLS3        equ	7735	;# 
  2219     1E8F                     PPSLOCK         equ	7823	;# 
  2220     1E90                     INTPPS          equ	7824	;# 
  2221     1E91                     T0CKIPPS        equ	7825	;# 
  2222     1E92                     T1CKIPPS        equ	7826	;# 
  2223     1E93                     T1GPPS          equ	7827	;# 
  2224     1E94                     T3CKIPPS        equ	7828	;# 
  2225     1E95                     T3GPPS          equ	7829	;# 
  2226     1E96                     T5CKIPPS        equ	7830	;# 
  2227     1E97                     T5GPPS          equ	7831	;# 
  2228     1E9C                     T2INPPS         equ	7836	;# 
  2229     1E9D                     T4INPPS         equ	7837	;# 
  2230     1E9E                     T6INPPS         equ	7838	;# 
  2231     1EA1                     CCP1PPS         equ	7841	;# 
  2232     1EA2                     CCP2PPS         equ	7842	;# 
  2233     1EA3                     CCP3PPS         equ	7843	;# 
  2234     1EA4                     CCP4PPS         equ	7844	;# 
  2235     1EA9                     SMT1WINPPS      equ	7849	;# 
  2236     1EAA                     SMT1SIGPPS      equ	7850	;# 
  2237     1EB1                     CWG1PPS         equ	7857	;# 
  2238     1EB2                     CWG2PPS         equ	7858	;# 
  2239     1EB8                     MDCARLPPS       equ	7864	;# 
  2240     1EB9                     MDCARHPPS       equ	7865	;# 
  2241     1EBA                     MDSRCPPS        equ	7866	;# 
  2242     1EBB                     CLCIN0PPS       equ	7867	;# 
  2243     1EBC                     CLCIN1PPS       equ	7868	;# 
  2244     1EBD                     CLCIN2PPS       equ	7869	;# 
  2245     1EBE                     CLCIN3PPS       equ	7870	;# 
  2246     1EC3                     ADACTPPS        equ	7875	;# 
  2247     1EC5                     SSP1CLKPPS      equ	7877	;# 
  2248     1EC6                     SSP1DATPPS      equ	7878	;# 
  2249     1EC7                     SSP1SSPPS       equ	7879	;# 
  2250     1EC8                     SSP2CLKPPS      equ	7880	;# 
  2251     1EC9                     SSP2DATPPS      equ	7881	;# 
  2252     1ECA                     SSP2SSPPS       equ	7882	;# 
  2253     1ECB                     RX1PPS          equ	7883	;# 
  2254     1ECC                     CK1PPS          equ	7884	;# 
  2255     1F10                     RA0PPS          equ	7952	;# 
  2256     1F11                     RA1PPS          equ	7953	;# 
  2257     1F12                     RA2PPS          equ	7954	;# 
  2258     1F14                     RA4PPS          equ	7956	;# 
  2259     1F15                     RA5PPS          equ	7957	;# 
  2260     1F20                     RC0PPS          equ	7968	;# 
  2261     1F21                     RC1PPS          equ	7969	;# 
  2262     1F22                     RC2PPS          equ	7970	;# 
  2263     1F23                     RC3PPS          equ	7971	;# 
  2264     1F24                     RC4PPS          equ	7972	;# 
  2265     1F25                     RC5PPS          equ	7973	;# 
  2266     1F38                     ANSELA          equ	7992	;# 
  2267     1F39                     WPUA            equ	7993	;# 
  2268     1F3A                     ODCONA          equ	7994	;# 
  2269     1F3B                     SLRCONA         equ	7995	;# 
  2270     1F3C                     INLVLA          equ	7996	;# 
  2271     1F3D                     IOCAP           equ	7997	;# 
  2272     1F3E                     IOCAN           equ	7998	;# 
  2273     1F3F                     IOCAF           equ	7999	;# 
  2274     1F4E                     ANSELC          equ	8014	;# 
  2275     1F4F                     WPUC            equ	8015	;# 
  2276     1F50                     ODCONC          equ	8016	;# 
  2277     1F51                     SLRCONC         equ	8017	;# 
  2278     1F52                     INLVLC          equ	8018	;# 
  2279     1F53                     IOCCP           equ	8019	;# 
  2280     1F54                     IOCCN           equ	8020	;# 
  2281     1F55                     IOCCF           equ	8021	;# 
  2282     1FE4                     STATUS_SHAD     equ	8164	;# 
  2283     1FE5                     WREG_SHAD       equ	8165	;# 
  2284     1FE6                     BSR_SHAD        equ	8166	;# 
  2285     1FE7                     PCLATH_SHAD     equ	8167	;# 
  2286     1FE8                     FSR0_SHAD       equ	8168	;# 
  2287     1FE8                     FSR0L_SHAD      equ	8168	;# 
  2288     1FE9                     FSR0H_SHAD      equ	8169	;# 
  2289     1FEA                     FSR1L_SHAD      equ	8170	;# 
  2290     1FEB                     FSR1H_SHAD      equ	8171	;# 
  2291     1FED                     STKPTR          equ	8173	;# 
  2292     1FEE                     TOSL            equ	8174	;# 
  2293     1FEF                     TOSH            equ	8175	;# 
  2294     0000                     INDF0           equ	0	;# 
  2295     0001                     INDF1           equ	1	;# 
  2296     0002                     PCL             equ	2	;# 
  2297     0003                     STATUS          equ	3	;# 
  2298     0004                     FSR0L           equ	4	;# 
  2299     0005                     FSR0H           equ	5	;# 
  2300     0006                     FSR1L           equ	6	;# 
  2301     0007                     FSR1H           equ	7	;# 
  2302     0008                     BSR             equ	8	;# 
  2303     0009                     WREG            equ	9	;# 
  2304     000A                     PCLATH          equ	10	;# 
  2305     000B                     INTCON          equ	11	;# 
  2306     000C                     PORTA           equ	12	;# 
  2307     000E                     PORTC           equ	14	;# 
  2308     0012                     TRISA           equ	18	;# 
  2309     0014                     TRISC           equ	20	;# 
  2310     0018                     LATA            equ	24	;# 
  2311     001A                     LATC            equ	26	;# 
  2312     008C                     ADLTH           equ	140	;# 
  2313     008C                     ADLTHL          equ	140	;# 
  2314     008D                     ADLTHH          equ	141	;# 
  2315     008E                     ADUTH           equ	142	;# 
  2316     008E                     ADUTHL          equ	142	;# 
  2317     008F                     ADUTHH          equ	143	;# 
  2318     0090                     ADERR           equ	144	;# 
  2319     0090                     ADERRL          equ	144	;# 
  2320     0091                     ADERRH          equ	145	;# 
  2321     0092                     ADSTPT          equ	146	;# 
  2322     0092                     ADSTPTL         equ	146	;# 
  2323     0093                     ADSTPTH         equ	147	;# 
  2324     0094                     ADFLTR          equ	148	;# 
  2325     0094                     ADFLTRL         equ	148	;# 
  2326     0095                     ADFLTRH         equ	149	;# 
  2327     0096                     ADACC           equ	150	;# 
  2328     0096                     ADACCL          equ	150	;# 
  2329     0097                     ADACCH          equ	151	;# 
  2330     0098                     ADACCU          equ	152	;# 
  2331     0099                     ADCNT           equ	153	;# 
  2332     009A                     ADRPT           equ	154	;# 
  2333     009B                     ADPREV          equ	155	;# 
  2334     009B                     ADPREVL         equ	155	;# 
  2335     009C                     ADPREVH         equ	156	;# 
  2336     009D                     ADRES           equ	157	;# 
  2337     009D                     ADRESL          equ	157	;# 
  2338     009E                     ADRESH          equ	158	;# 
  2339     009F                     ADPCH           equ	159	;# 
  2340     010C                     ADACQ           equ	268	;# 
  2341     010C                     ADACQL          equ	268	;# 
  2342     010D                     ADACQH          equ	269	;# 
  2343     010E                     ADCAP           equ	270	;# 
  2344     010F                     ADPRE           equ	271	;# 
  2345     010F                     ADPREL          equ	271	;# 
  2346     0110                     ADPREH          equ	272	;# 
  2347     0111                     ADCON0          equ	273	;# 
  2348     0112                     ADCON1          equ	274	;# 
  2349     0113                     ADCON2          equ	275	;# 
  2350     0114                     ADCON3          equ	276	;# 
  2351     0115                     ADSTAT          equ	277	;# 
  2352     0116                     ADREF           equ	278	;# 
  2353     0117                     ADACT           equ	279	;# 
  2354     0118                     ADCLK           equ	280	;# 
  2355     0119                     RC1REG          equ	281	;# 
  2356     0119                     RCREG           equ	281	;# 
  2357     0119                     RCREG1          equ	281	;# 
  2358     011A                     TX1REG          equ	282	;# 
  2359     011A                     TXREG1          equ	282	;# 
  2360     011A                     TXREG           equ	282	;# 
  2361     011B                     SP1BRG          equ	283	;# 
  2362     011B                     SPBRG           equ	283	;# 
  2363     011B                     SP1BRGL         equ	283	;# 
  2364     011B                     SPBRG1          equ	283	;# 
  2365     011B                     SPBRGL          equ	283	;# 
  2366     011C                     SP1BRGH         equ	284	;# 
  2367     011C                     SPBRGH          equ	284	;# 
  2368     011C                     SPBRGH1         equ	284	;# 
  2369     011D                     RC1STA          equ	285	;# 
  2370     011D                     RCSTA1          equ	285	;# 
  2371     011D                     RCSTA           equ	285	;# 
  2372     011E                     TX1STA          equ	286	;# 
  2373     011E                     TXSTA1          equ	286	;# 
  2374     011E                     TXSTA           equ	286	;# 
  2375     011F                     BAUD1CON        equ	287	;# 
  2376     011F                     BAUDCON1        equ	287	;# 
  2377     011F                     BAUDCTL1        equ	287	;# 
  2378     011F                     BAUDCON         equ	287	;# 
  2379     011F                     BAUDCTL         equ	287	;# 
  2380     018C                     SSP1BUF         equ	396	;# 
  2381     018D                     SSP1ADD         equ	397	;# 
  2382     018E                     SSP1MSK         equ	398	;# 
  2383     018F                     SSP1STAT        equ	399	;# 
  2384     0190                     SSP1CON1        equ	400	;# 
  2385     0191                     SSP1CON2        equ	401	;# 
  2386     0192                     SSP1CON3        equ	402	;# 
  2387     0196                     SSP2BUF         equ	406	;# 
  2388     0197                     SSP2ADD         equ	407	;# 
  2389     0198                     SSP2MSK         equ	408	;# 
  2390     0199                     SSP2STAT        equ	409	;# 
  2391     019A                     SSP2CON1        equ	410	;# 
  2392     019B                     SSP2CON2        equ	411	;# 
  2393     019C                     SSP2CON3        equ	412	;# 
  2394     020C                     TMR1            equ	524	;# 
  2395     020C                     TMR1L           equ	524	;# 
  2396     020D                     TMR1H           equ	525	;# 
  2397     020E                     T1CON           equ	526	;# 
  2398     020E                     TMR1CON         equ	526	;# 
  2399     020F                     T1GCON          equ	527	;# 
  2400     020F                     TMR1GCON        equ	527	;# 
  2401     0210                     T1GATE          equ	528	;# 
  2402     0210                     TMR1GATE        equ	528	;# 
  2403     0211                     T1CLK           equ	529	;# 
  2404     0211                     TMR1CLK         equ	529	;# 
  2405     0211                     PR1             equ	529	;# 
  2406     0212                     TMR3            equ	530	;# 
  2407     0212                     TMR3L           equ	530	;# 
  2408     0213                     TMR3H           equ	531	;# 
  2409     0214                     T3CON           equ	532	;# 
  2410     0214                     TMR3CON         equ	532	;# 
  2411     0215                     T3GCON          equ	533	;# 
  2412     0215                     TMR3GCON        equ	533	;# 
  2413     0216                     T3GATE          equ	534	;# 
  2414     0216                     TMR3GATE        equ	534	;# 
  2415     0217                     T3CLK           equ	535	;# 
  2416     0217                     TMR3CLK         equ	535	;# 
  2417     0217                     PR3             equ	535	;# 
  2418     0218                     TMR5            equ	536	;# 
  2419     0218                     TMR5L           equ	536	;# 
  2420     0219                     TMR5H           equ	537	;# 
  2421     021A                     T5CON           equ	538	;# 
  2422     021A                     TMR5CON         equ	538	;# 
  2423     021B                     T5GCON          equ	539	;# 
  2424     021B                     TMR5GCON        equ	539	;# 
  2425     021C                     T5GATE          equ	540	;# 
  2426     021C                     TMR5GATE        equ	540	;# 
  2427     021D                     T5CLK           equ	541	;# 
  2428     021D                     TMR5CLK         equ	541	;# 
  2429     021D                     PR5             equ	541	;# 
  2430     021E                     CCPTMRS0        equ	542	;# 
  2431     021F                     CCPTMRS1        equ	543	;# 
  2432     028C                     T2TMR           equ	652	;# 
  2433     028C                     TMR2            equ	652	;# 
  2434     028D                     T2PR            equ	653	;# 
  2435     028D                     PR2             equ	653	;# 
  2436     028E                     T2CON           equ	654	;# 
  2437     028F                     T2HLT           equ	655	;# 
  2438     0290                     T2CLKCON        equ	656	;# 
  2439     0291                     T2RST           equ	657	;# 
  2440     0292                     T4TMR           equ	658	;# 
  2441     0292                     TMR4            equ	658	;# 
  2442     0293                     T4PR            equ	659	;# 
  2443     0293                     PR4             equ	659	;# 
  2444     0294                     T4CON           equ	660	;# 
  2445     0295                     T4HLT           equ	661	;# 
  2446     0296                     T4CLKCON        equ	662	;# 
  2447     0297                     T4RST           equ	663	;# 
  2448     0298                     T6TMR           equ	664	;# 
  2449     0298                     TMR6            equ	664	;# 
  2450     0299                     T6PR            equ	665	;# 
  2451     0299                     PR6             equ	665	;# 
  2452     029A                     T6CON           equ	666	;# 
  2453     029B                     T6HLT           equ	667	;# 
  2454     029C                     T6CLKCON        equ	668	;# 
  2455     029D                     T6RST           equ	669	;# 
  2456     029F                     ADCPCON0        equ	671	;# 
  2457     030C                     CCPR1           equ	780	;# 
  2458     030C                     CCPR1L          equ	780	;# 
  2459     030D                     CCPR1H          equ	781	;# 
  2460     030E                     CCP1CON         equ	782	;# 
  2461     030F                     CCP1CAP         equ	783	;# 
  2462     0310                     CCPR2           equ	784	;# 
  2463     0310                     CCPR2L          equ	784	;# 
  2464     0311                     CCPR2H          equ	785	;# 
  2465     0312                     CCP2CON         equ	786	;# 
  2466     0313                     CCP2CAP         equ	787	;# 
  2467     0314                     CCPR3           equ	788	;# 
  2468     0314                     CCPR3L          equ	788	;# 
  2469     0315                     CCPR3H          equ	789	;# 
  2470     0316                     CCP3CON         equ	790	;# 
  2471     0317                     CCP3CAP         equ	791	;# 
  2472     0318                     CCPR4           equ	792	;# 
  2473     0318                     CCPR4L          equ	792	;# 
  2474     0319                     CCPR4H          equ	793	;# 
  2475     031A                     CCP4CON         equ	794	;# 
  2476     031B                     CCP4CAP         equ	795	;# 
  2477     038C                     PWM6DC          equ	908	;# 
  2478     038C                     PWM6DCL         equ	908	;# 
  2479     038D                     PWM6DCH         equ	909	;# 
  2480     038E                     PWM6CON         equ	910	;# 
  2481     0390                     PWM7DC          equ	912	;# 
  2482     0390                     PWM7DCL         equ	912	;# 
  2483     0391                     PWM7DCH         equ	913	;# 
  2484     0392                     PWM7CON         equ	914	;# 
  2485     048C                     SMT1TMR         equ	1164	;# 
  2486     048C                     SMT1TMRL        equ	1164	;# 
  2487     048D                     SMT1TMRH        equ	1165	;# 
  2488     048E                     SMT1TMRU        equ	1166	;# 
  2489     048F                     SMT1CPR         equ	1167	;# 
  2490     048F                     SMT1CPRL        equ	1167	;# 
  2491     0490                     SMT1CPRH        equ	1168	;# 
  2492     0491                     SMT1CPRU        equ	1169	;# 
  2493     0492                     SMT1CPW         equ	1170	;# 
  2494     0492                     SMT1CPWL        equ	1170	;# 
  2495     0493                     SMT1CPWH        equ	1171	;# 
  2496     0494                     SMT1CPWU        equ	1172	;# 
  2497     0495                     SMT1PR          equ	1173	;# 
  2498     0495                     SMT1PRL         equ	1173	;# 
  2499     0496                     SMT1PRH         equ	1174	;# 
  2500     0497                     SMT1PRU         equ	1175	;# 
  2501     0498                     SMT1CON0        equ	1176	;# 
  2502     0499                     SMT1CON1        equ	1177	;# 
  2503     049A                     SMT1STAT        equ	1178	;# 
  2504     049B                     SMT1CLK         equ	1179	;# 
  2505     049C                     SMT1SIG         equ	1180	;# 
  2506     049D                     SMT1WIN         equ	1181	;# 
  2507     058C                     NCO1ACC         equ	1420	;# 
  2508     058C                     NCO1ACCL        equ	1420	;# 
  2509     058D                     NCO1ACCH        equ	1421	;# 
  2510     058E                     NCO1ACCU        equ	1422	;# 
  2511     058F                     NCO1INC         equ	1423	;# 
  2512     058F                     NCO1INCL        equ	1423	;# 
  2513     0590                     NCO1INCH        equ	1424	;# 
  2514     0591                     NCO1INCU        equ	1425	;# 
  2515     0592                     NCO1CON         equ	1426	;# 
  2516     0593                     NCO1CLK         equ	1427	;# 
  2517     059C                     TMR0L           equ	1436	;# 
  2518     059C                     TMR0            equ	1436	;# 
  2519     059D                     TMR0H           equ	1437	;# 
  2520     059D                     PR0             equ	1437	;# 
  2521     059E                     T0CON0          equ	1438	;# 
  2522     059F                     T0CON1          equ	1439	;# 
  2523     060C                     CWG1CLK         equ	1548	;# 
  2524     060C                     CWG1CLKCON      equ	1548	;# 
  2525     060D                     CWG1ISM         equ	1549	;# 
  2526     060D                     CWG1DAT         equ	1549	;# 
  2527     060E                     CWG1DBR         equ	1550	;# 
  2528     060F                     CWG1DBF         equ	1551	;# 
  2529     0610                     CWG1CON0        equ	1552	;# 
  2530     0611                     CWG1CON1        equ	1553	;# 
  2531     0612                     CWG1AS0         equ	1554	;# 
  2532     0613                     CWG1AS1         equ	1555	;# 
  2533     0614                     CWG1STR         equ	1556	;# 
  2534     0616                     CWG2CLK         equ	1558	;# 
  2535     0616                     CWG2CLKCON      equ	1558	;# 
  2536     0617                     CWG2ISM         equ	1559	;# 
  2537     0617                     CWG2DAT         equ	1559	;# 
  2538     0618                     CWG2DBR         equ	1560	;# 
  2539     0619                     CWG2DBF         equ	1561	;# 
  2540     061A                     CWG2CON0        equ	1562	;# 
  2541     061B                     CWG2CON1        equ	1563	;# 
  2542     061C                     CWG2AS0         equ	1564	;# 
  2543     061D                     CWG2AS1         equ	1565	;# 
  2544     061E                     CWG2STR         equ	1566	;# 
  2545     070C                     PIR0            equ	1804	;# 
  2546     070D                     PIR1            equ	1805	;# 
  2547     070E                     PIR2            equ	1806	;# 
  2548     070F                     PIR3            equ	1807	;# 
  2549     0710                     PIR4            equ	1808	;# 
  2550     0711                     PIR5            equ	1809	;# 
  2551     0712                     PIR6            equ	1810	;# 
  2552     0713                     PIR7            equ	1811	;# 
  2553     0714                     PIR8            equ	1812	;# 
  2554     0716                     PIE0            equ	1814	;# 
  2555     0717                     PIE1            equ	1815	;# 
  2556     0718                     PIE2            equ	1816	;# 
  2557     0719                     PIE3            equ	1817	;# 
  2558     071A                     PIE4            equ	1818	;# 
  2559     071B                     PIE5            equ	1819	;# 
  2560     071C                     PIE6            equ	1820	;# 
  2561     071D                     PIE7            equ	1821	;# 
  2562     071E                     PIE8            equ	1822	;# 
  2563     0796                     PMD0            equ	1942	;# 
  2564     0797                     PMD1            equ	1943	;# 
  2565     0798                     PMD2            equ	1944	;# 
  2566     0799                     PMD3            equ	1945	;# 
  2567     079A                     PMD4            equ	1946	;# 
  2568     079B                     PMD5            equ	1947	;# 
  2569     079C                     PMD6            equ	1948	;# 
  2570     079D                     PMD7            equ	1949	;# 
  2571     080C                     WDTCON0         equ	2060	;# 
  2572     080D                     WDTCON1         equ	2061	;# 
  2573     080E                     WDTPSL          equ	2062	;# 
  2574     080F                     WDTPSH          equ	2063	;# 
  2575     0810                     WDTTMR          equ	2064	;# 
  2576     0811                     BORCON          equ	2065	;# 
  2577     0812                     VREGCON         equ	2066	;# 
  2578     0813                     PCON0           equ	2067	;# 
  2579     0814                     PCON1           equ	2068	;# 
  2580     081A                     NVMADR          equ	2074	;# 
  2581     081A                     NVMADRL         equ	2074	;# 
  2582     081B                     NVMADRH         equ	2075	;# 
  2583     081C                     NVMDAT          equ	2076	;# 
  2584     081C                     NVMDATL         equ	2076	;# 
  2585     081D                     NVMDATH         equ	2077	;# 
  2586     081E                     NVMCON1         equ	2078	;# 
  2587     081F                     NVMCON2         equ	2079	;# 
  2588     088C                     CPUDOZE         equ	2188	;# 
  2589     088D                     OSCCON1         equ	2189	;# 
  2590     088E                     OSCCON2         equ	2190	;# 
  2591     088F                     OSCCON3         equ	2191	;# 
  2592     0890                     OSCSTAT         equ	2192	;# 
  2593     0891                     OSCEN           equ	2193	;# 
  2594     0892                     OSCTUNE         equ	2194	;# 
  2595     0893                     OSCFRQ          equ	2195	;# 
  2596     0895                     CLKRCON         equ	2197	;# 
  2597     0896                     CLKRCLK         equ	2198	;# 
  2598     0897                     MD1CON0         equ	2199	;# 
  2599     0898                     MD1CON1         equ	2200	;# 
  2600     0899                     MD1SRC          equ	2201	;# 
  2601     089A                     MD1CARL         equ	2202	;# 
  2602     089B                     MD1CARH         equ	2203	;# 
  2603     090C                     FVRCON          equ	2316	;# 
  2604     090E                     DAC1CON0        equ	2318	;# 
  2605     090F                     DAC1CON1        equ	2319	;# 
  2606     091F                     ZCDCON          equ	2335	;# 
  2607     098F                     CMOUT           equ	2447	;# 
  2608     098F                     CMSTAT          equ	2447	;# 
  2609     0990                     CM1CON0         equ	2448	;# 
  2610     0991                     CM1CON1         equ	2449	;# 
  2611     0992                     CM1NCH          equ	2450	;# 
  2612     0993                     CM1PCH          equ	2451	;# 
  2613     0994                     CM2CON0         equ	2452	;# 
  2614     0995                     CM2CON1         equ	2453	;# 
  2615     0996                     CM2NCH          equ	2454	;# 
  2616     0997                     CM2PCH          equ	2455	;# 
  2617     1E0F                     CLCDATA         equ	7695	;# 
  2618     1E10                     CLC1CON         equ	7696	;# 
  2619     1E11                     CLC1POL         equ	7697	;# 
  2620     1E12                     CLC1SEL0        equ	7698	;# 
  2621     1E13                     CLC1SEL1        equ	7699	;# 
  2622     1E14                     CLC1SEL2        equ	7700	;# 
  2623     1E15                     CLC1SEL3        equ	7701	;# 
  2624     1E16                     CLC1GLS0        equ	7702	;# 
  2625     1E17                     CLC1GLS1        equ	7703	;# 
  2626     1E18                     CLC1GLS2        equ	7704	;# 
  2627     1E19                     CLC1GLS3        equ	7705	;# 
  2628     1E1A                     CLC2CON         equ	7706	;# 
  2629     1E1B                     CLC2POL         equ	7707	;# 
  2630     1E1C                     CLC2SEL0        equ	7708	;# 
  2631     1E1D                     CLC2SEL1        equ	7709	;# 
  2632     1E1E                     CLC2SEL2        equ	7710	;# 
  2633     1E1F                     CLC2SEL3        equ	7711	;# 
  2634     1E20                     CLC2GLS0        equ	7712	;# 
  2635     1E21                     CLC2GLS1        equ	7713	;# 
  2636     1E22                     CLC2GLS2        equ	7714	;# 
  2637     1E23                     CLC2GLS3        equ	7715	;# 
  2638     1E24                     CLC3CON         equ	7716	;# 
  2639     1E25                     CLC3POL         equ	7717	;# 
  2640     1E26                     CLC3SEL0        equ	7718	;# 
  2641     1E27                     CLC3SEL1        equ	7719	;# 
  2642     1E28                     CLC3SEL2        equ	7720	;# 
  2643     1E29                     CLC3SEL3        equ	7721	;# 
  2644     1E2A                     CLC3GLS0        equ	7722	;# 
  2645     1E2B                     CLC3GLS1        equ	7723	;# 
  2646     1E2C                     CLC3GLS2        equ	7724	;# 
  2647     1E2D                     CLC3GLS3        equ	7725	;# 
  2648     1E2E                     CLC4CON         equ	7726	;# 
  2649     1E2F                     CLC4POL         equ	7727	;# 
  2650     1E30                     CLC4SEL0        equ	7728	;# 
  2651     1E31                     CLC4SEL1        equ	7729	;# 
  2652     1E32                     CLC4SEL2        equ	7730	;# 
  2653     1E33                     CLC4SEL3        equ	7731	;# 
  2654     1E34                     CLC4GLS0        equ	7732	;# 
  2655     1E35                     CLC4GLS1        equ	7733	;# 
  2656     1E36                     CLC4GLS2        equ	7734	;# 
  2657     1E37                     CLC4GLS3        equ	7735	;# 
  2658     1E8F                     PPSLOCK         equ	7823	;# 
  2659     1E90                     INTPPS          equ	7824	;# 
  2660     1E91                     T0CKIPPS        equ	7825	;# 
  2661     1E92                     T1CKIPPS        equ	7826	;# 
  2662     1E93                     T1GPPS          equ	7827	;# 
  2663     1E94                     T3CKIPPS        equ	7828	;# 
  2664     1E95                     T3GPPS          equ	7829	;# 
  2665     1E96                     T5CKIPPS        equ	7830	;# 
  2666     1E97                     T5GPPS          equ	7831	;# 
  2667     1E9C                     T2INPPS         equ	7836	;# 
  2668     1E9D                     T4INPPS         equ	7837	;# 
  2669     1E9E                     T6INPPS         equ	7838	;# 
  2670     1EA1                     CCP1PPS         equ	7841	;# 
  2671     1EA2                     CCP2PPS         equ	7842	;# 
  2672     1EA3                     CCP3PPS         equ	7843	;# 
  2673     1EA4                     CCP4PPS         equ	7844	;# 
  2674     1EA9                     SMT1WINPPS      equ	7849	;# 
  2675     1EAA                     SMT1SIGPPS      equ	7850	;# 
  2676     1EB1                     CWG1PPS         equ	7857	;# 
  2677     1EB2                     CWG2PPS         equ	7858	;# 
  2678     1EB8                     MDCARLPPS       equ	7864	;# 
  2679     1EB9                     MDCARHPPS       equ	7865	;# 
  2680     1EBA                     MDSRCPPS        equ	7866	;# 
  2681     1EBB                     CLCIN0PPS       equ	7867	;# 
  2682     1EBC                     CLCIN1PPS       equ	7868	;# 
  2683     1EBD                     CLCIN2PPS       equ	7869	;# 
  2684     1EBE                     CLCIN3PPS       equ	7870	;# 
  2685     1EC3                     ADACTPPS        equ	7875	;# 
  2686     1EC5                     SSP1CLKPPS      equ	7877	;# 
  2687     1EC6                     SSP1DATPPS      equ	7878	;# 
  2688     1EC7                     SSP1SSPPS       equ	7879	;# 
  2689     1EC8                     SSP2CLKPPS      equ	7880	;# 
  2690     1EC9                     SSP2DATPPS      equ	7881	;# 
  2691     1ECA                     SSP2SSPPS       equ	7882	;# 
  2692     1ECB                     RX1PPS          equ	7883	;# 
  2693     1ECC                     CK1PPS          equ	7884	;# 
  2694     1F10                     RA0PPS          equ	7952	;# 
  2695     1F11                     RA1PPS          equ	7953	;# 
  2696     1F12                     RA2PPS          equ	7954	;# 
  2697     1F14                     RA4PPS          equ	7956	;# 
  2698     1F15                     RA5PPS          equ	7957	;# 
  2699     1F20                     RC0PPS          equ	7968	;# 
  2700     1F21                     RC1PPS          equ	7969	;# 
  2701     1F22                     RC2PPS          equ	7970	;# 
  2702     1F23                     RC3PPS          equ	7971	;# 
  2703     1F24                     RC4PPS          equ	7972	;# 
  2704     1F25                     RC5PPS          equ	7973	;# 
  2705     1F38                     ANSELA          equ	7992	;# 
  2706     1F39                     WPUA            equ	7993	;# 
  2707     1F3A                     ODCONA          equ	7994	;# 
  2708     1F3B                     SLRCONA         equ	7995	;# 
  2709     1F3C                     INLVLA          equ	7996	;# 
  2710     1F3D                     IOCAP           equ	7997	;# 
  2711     1F3E                     IOCAN           equ	7998	;# 
  2712     1F3F                     IOCAF           equ	7999	;# 
  2713     1F4E                     ANSELC          equ	8014	;# 
  2714     1F4F                     WPUC            equ	8015	;# 
  2715     1F50                     ODCONC          equ	8016	;# 
  2716     1F51                     SLRCONC         equ	8017	;# 
  2717     1F52                     INLVLC          equ	8018	;# 
  2718     1F53                     IOCCP           equ	8019	;# 
  2719     1F54                     IOCCN           equ	8020	;# 
  2720     1F55                     IOCCF           equ	8021	;# 
  2721     1FE4                     STATUS_SHAD     equ	8164	;# 
  2722     1FE5                     WREG_SHAD       equ	8165	;# 
  2723     1FE6                     BSR_SHAD        equ	8166	;# 
  2724     1FE7                     PCLATH_SHAD     equ	8167	;# 
  2725     1FE8                     FSR0_SHAD       equ	8168	;# 
  2726     1FE8                     FSR0L_SHAD      equ	8168	;# 
  2727     1FE9                     FSR0H_SHAD      equ	8169	;# 
  2728     1FEA                     FSR1L_SHAD      equ	8170	;# 
  2729     1FEB                     FSR1H_SHAD      equ	8171	;# 
  2730     1FED                     STKPTR          equ	8173	;# 
  2731     1FEE                     TOSL            equ	8174	;# 
  2732     1FEF                     TOSH            equ	8175	;# 
  2733     0000                     INDF0           equ	0	;# 
  2734     0001                     INDF1           equ	1	;# 
  2735     0002                     PCL             equ	2	;# 
  2736     0003                     STATUS          equ	3	;# 
  2737     0004                     FSR0L           equ	4	;# 
  2738     0005                     FSR0H           equ	5	;# 
  2739     0006                     FSR1L           equ	6	;# 
  2740     0007                     FSR1H           equ	7	;# 
  2741     0008                     BSR             equ	8	;# 
  2742     0009                     WREG            equ	9	;# 
  2743     000A                     PCLATH          equ	10	;# 
  2744     000B                     INTCON          equ	11	;# 
  2745     000C                     PORTA           equ	12	;# 
  2746     000E                     PORTC           equ	14	;# 
  2747     0012                     TRISA           equ	18	;# 
  2748     0014                     TRISC           equ	20	;# 
  2749     0018                     LATA            equ	24	;# 
  2750     001A                     LATC            equ	26	;# 
  2751     008C                     ADLTH           equ	140	;# 
  2752     008C                     ADLTHL          equ	140	;# 
  2753     008D                     ADLTHH          equ	141	;# 
  2754     008E                     ADUTH           equ	142	;# 
  2755     008E                     ADUTHL          equ	142	;# 
  2756     008F                     ADUTHH          equ	143	;# 
  2757     0090                     ADERR           equ	144	;# 
  2758     0090                     ADERRL          equ	144	;# 
  2759     0091                     ADERRH          equ	145	;# 
  2760     0092                     ADSTPT          equ	146	;# 
  2761     0092                     ADSTPTL         equ	146	;# 
  2762     0093                     ADSTPTH         equ	147	;# 
  2763     0094                     ADFLTR          equ	148	;# 
  2764     0094                     ADFLTRL         equ	148	;# 
  2765     0095                     ADFLTRH         equ	149	;# 
  2766     0096                     ADACC           equ	150	;# 
  2767     0096                     ADACCL          equ	150	;# 
  2768     0097                     ADACCH          equ	151	;# 
  2769     0098                     ADACCU          equ	152	;# 
  2770     0099                     ADCNT           equ	153	;# 
  2771     009A                     ADRPT           equ	154	;# 
  2772     009B                     ADPREV          equ	155	;# 
  2773     009B                     ADPREVL         equ	155	;# 
  2774     009C                     ADPREVH         equ	156	;# 
  2775     009D                     ADRES           equ	157	;# 
  2776     009D                     ADRESL          equ	157	;# 
  2777     009E                     ADRESH          equ	158	;# 
  2778     009F                     ADPCH           equ	159	;# 
  2779     010C                     ADACQ           equ	268	;# 
  2780     010C                     ADACQL          equ	268	;# 
  2781     010D                     ADACQH          equ	269	;# 
  2782     010E                     ADCAP           equ	270	;# 
  2783     010F                     ADPRE           equ	271	;# 
  2784     010F                     ADPREL          equ	271	;# 
  2785     0110                     ADPREH          equ	272	;# 
  2786     0111                     ADCON0          equ	273	;# 
  2787     0112                     ADCON1          equ	274	;# 
  2788     0113                     ADCON2          equ	275	;# 
  2789     0114                     ADCON3          equ	276	;# 
  2790     0115                     ADSTAT          equ	277	;# 
  2791     0116                     ADREF           equ	278	;# 
  2792     0117                     ADACT           equ	279	;# 
  2793     0118                     ADCLK           equ	280	;# 
  2794     0119                     RC1REG          equ	281	;# 
  2795     0119                     RCREG           equ	281	;# 
  2796     0119                     RCREG1          equ	281	;# 
  2797     011A                     TX1REG          equ	282	;# 
  2798     011A                     TXREG1          equ	282	;# 
  2799     011A                     TXREG           equ	282	;# 
  2800     011B                     SP1BRG          equ	283	;# 
  2801     011B                     SPBRG           equ	283	;# 
  2802     011B                     SP1BRGL         equ	283	;# 
  2803     011B                     SPBRG1          equ	283	;# 
  2804     011B                     SPBRGL          equ	283	;# 
  2805     011C                     SP1BRGH         equ	284	;# 
  2806     011C                     SPBRGH          equ	284	;# 
  2807     011C                     SPBRGH1         equ	284	;# 
  2808     011D                     RC1STA          equ	285	;# 
  2809     011D                     RCSTA1          equ	285	;# 
  2810     011D                     RCSTA           equ	285	;# 
  2811     011E                     TX1STA          equ	286	;# 
  2812     011E                     TXSTA1          equ	286	;# 
  2813     011E                     TXSTA           equ	286	;# 
  2814     011F                     BAUD1CON        equ	287	;# 
  2815     011F                     BAUDCON1        equ	287	;# 
  2816     011F                     BAUDCTL1        equ	287	;# 
  2817     011F                     BAUDCON         equ	287	;# 
  2818     011F                     BAUDCTL         equ	287	;# 
  2819     018C                     SSP1BUF         equ	396	;# 
  2820     018D                     SSP1ADD         equ	397	;# 
  2821     018E                     SSP1MSK         equ	398	;# 
  2822     018F                     SSP1STAT        equ	399	;# 
  2823     0190                     SSP1CON1        equ	400	;# 
  2824     0191                     SSP1CON2        equ	401	;# 
  2825     0192                     SSP1CON3        equ	402	;# 
  2826     0196                     SSP2BUF         equ	406	;# 
  2827     0197                     SSP2ADD         equ	407	;# 
  2828     0198                     SSP2MSK         equ	408	;# 
  2829     0199                     SSP2STAT        equ	409	;# 
  2830     019A                     SSP2CON1        equ	410	;# 
  2831     019B                     SSP2CON2        equ	411	;# 
  2832     019C                     SSP2CON3        equ	412	;# 
  2833     020C                     TMR1            equ	524	;# 
  2834     020C                     TMR1L           equ	524	;# 
  2835     020D                     TMR1H           equ	525	;# 
  2836     020E                     T1CON           equ	526	;# 
  2837     020E                     TMR1CON         equ	526	;# 
  2838     020F                     T1GCON          equ	527	;# 
  2839     020F                     TMR1GCON        equ	527	;# 
  2840     0210                     T1GATE          equ	528	;# 
  2841     0210                     TMR1GATE        equ	528	;# 
  2842     0211                     T1CLK           equ	529	;# 
  2843     0211                     TMR1CLK         equ	529	;# 
  2844     0211                     PR1             equ	529	;# 
  2845     0212                     TMR3            equ	530	;# 
  2846     0212                     TMR3L           equ	530	;# 
  2847     0213                     TMR3H           equ	531	;# 
  2848     0214                     T3CON           equ	532	;# 
  2849     0214                     TMR3CON         equ	532	;# 
  2850     0215                     T3GCON          equ	533	;# 
  2851     0215                     TMR3GCON        equ	533	;# 
  2852     0216                     T3GATE          equ	534	;# 
  2853     0216                     TMR3GATE        equ	534	;# 
  2854     0217                     T3CLK           equ	535	;# 
  2855     0217                     TMR3CLK         equ	535	;# 
  2856     0217                     PR3             equ	535	;# 
  2857     0218                     TMR5            equ	536	;# 
  2858     0218                     TMR5L           equ	536	;# 
  2859     0219                     TMR5H           equ	537	;# 
  2860     021A                     T5CON           equ	538	;# 
  2861     021A                     TMR5CON         equ	538	;# 
  2862     021B                     T5GCON          equ	539	;# 
  2863     021B                     TMR5GCON        equ	539	;# 
  2864     021C                     T5GATE          equ	540	;# 
  2865     021C                     TMR5GATE        equ	540	;# 
  2866     021D                     T5CLK           equ	541	;# 
  2867     021D                     TMR5CLK         equ	541	;# 
  2868     021D                     PR5             equ	541	;# 
  2869     021E                     CCPTMRS0        equ	542	;# 
  2870     021F                     CCPTMRS1        equ	543	;# 
  2871     028C                     T2TMR           equ	652	;# 
  2872     028C                     TMR2            equ	652	;# 
  2873     028D                     T2PR            equ	653	;# 
  2874     028D                     PR2             equ	653	;# 
  2875     028E                     T2CON           equ	654	;# 
  2876     028F                     T2HLT           equ	655	;# 
  2877     0290                     T2CLKCON        equ	656	;# 
  2878     0291                     T2RST           equ	657	;# 
  2879     0292                     T4TMR           equ	658	;# 
  2880     0292                     TMR4            equ	658	;# 
  2881     0293                     T4PR            equ	659	;# 
  2882     0293                     PR4             equ	659	;# 
  2883     0294                     T4CON           equ	660	;# 
  2884     0295                     T4HLT           equ	661	;# 
  2885     0296                     T4CLKCON        equ	662	;# 
  2886     0297                     T4RST           equ	663	;# 
  2887     0298                     T6TMR           equ	664	;# 
  2888     0298                     TMR6            equ	664	;# 
  2889     0299                     T6PR            equ	665	;# 
  2890     0299                     PR6             equ	665	;# 
  2891     029A                     T6CON           equ	666	;# 
  2892     029B                     T6HLT           equ	667	;# 
  2893     029C                     T6CLKCON        equ	668	;# 
  2894     029D                     T6RST           equ	669	;# 
  2895     029F                     ADCPCON0        equ	671	;# 
  2896     030C                     CCPR1           equ	780	;# 
  2897     030C                     CCPR1L          equ	780	;# 
  2898     030D                     CCPR1H          equ	781	;# 
  2899     030E                     CCP1CON         equ	782	;# 
  2900     030F                     CCP1CAP         equ	783	;# 
  2901     0310                     CCPR2           equ	784	;# 
  2902     0310                     CCPR2L          equ	784	;# 
  2903     0311                     CCPR2H          equ	785	;# 
  2904     0312                     CCP2CON         equ	786	;# 
  2905     0313                     CCP2CAP         equ	787	;# 
  2906     0314                     CCPR3           equ	788	;# 
  2907     0314                     CCPR3L          equ	788	;# 
  2908     0315                     CCPR3H          equ	789	;# 
  2909     0316                     CCP3CON         equ	790	;# 
  2910     0317                     CCP3CAP         equ	791	;# 
  2911     0318                     CCPR4           equ	792	;# 
  2912     0318                     CCPR4L          equ	792	;# 
  2913     0319                     CCPR4H          equ	793	;# 
  2914     031A                     CCP4CON         equ	794	;# 
  2915     031B                     CCP4CAP         equ	795	;# 
  2916     038C                     PWM6DC          equ	908	;# 
  2917     038C                     PWM6DCL         equ	908	;# 
  2918     038D                     PWM6DCH         equ	909	;# 
  2919     038E                     PWM6CON         equ	910	;# 
  2920     0390                     PWM7DC          equ	912	;# 
  2921     0390                     PWM7DCL         equ	912	;# 
  2922     0391                     PWM7DCH         equ	913	;# 
  2923     0392                     PWM7CON         equ	914	;# 
  2924     048C                     SMT1TMR         equ	1164	;# 
  2925     048C                     SMT1TMRL        equ	1164	;# 
  2926     048D                     SMT1TMRH        equ	1165	;# 
  2927     048E                     SMT1TMRU        equ	1166	;# 
  2928     048F                     SMT1CPR         equ	1167	;# 
  2929     048F                     SMT1CPRL        equ	1167	;# 
  2930     0490                     SMT1CPRH        equ	1168	;# 
  2931     0491                     SMT1CPRU        equ	1169	;# 
  2932     0492                     SMT1CPW         equ	1170	;# 
  2933     0492                     SMT1CPWL        equ	1170	;# 
  2934     0493                     SMT1CPWH        equ	1171	;# 
  2935     0494                     SMT1CPWU        equ	1172	;# 
  2936     0495                     SMT1PR          equ	1173	;# 
  2937     0495                     SMT1PRL         equ	1173	;# 
  2938     0496                     SMT1PRH         equ	1174	;# 
  2939     0497                     SMT1PRU         equ	1175	;# 
  2940     0498                     SMT1CON0        equ	1176	;# 
  2941     0499                     SMT1CON1        equ	1177	;# 
  2942     049A                     SMT1STAT        equ	1178	;# 
  2943     049B                     SMT1CLK         equ	1179	;# 
  2944     049C                     SMT1SIG         equ	1180	;# 
  2945     049D                     SMT1WIN         equ	1181	;# 
  2946     058C                     NCO1ACC         equ	1420	;# 
  2947     058C                     NCO1ACCL        equ	1420	;# 
  2948     058D                     NCO1ACCH        equ	1421	;# 
  2949     058E                     NCO1ACCU        equ	1422	;# 
  2950     058F                     NCO1INC         equ	1423	;# 
  2951     058F                     NCO1INCL        equ	1423	;# 
  2952     0590                     NCO1INCH        equ	1424	;# 
  2953     0591                     NCO1INCU        equ	1425	;# 
  2954     0592                     NCO1CON         equ	1426	;# 
  2955     0593                     NCO1CLK         equ	1427	;# 
  2956     059C                     TMR0L           equ	1436	;# 
  2957     059C                     TMR0            equ	1436	;# 
  2958     059D                     TMR0H           equ	1437	;# 
  2959     059D                     PR0             equ	1437	;# 
  2960     059E                     T0CON0          equ	1438	;# 
  2961     059F                     T0CON1          equ	1439	;# 
  2962     060C                     CWG1CLK         equ	1548	;# 
  2963     060C                     CWG1CLKCON      equ	1548	;# 
  2964     060D                     CWG1ISM         equ	1549	;# 
  2965     060D                     CWG1DAT         equ	1549	;# 
  2966     060E                     CWG1DBR         equ	1550	;# 
  2967     060F                     CWG1DBF         equ	1551	;# 
  2968     0610                     CWG1CON0        equ	1552	;# 
  2969     0611                     CWG1CON1        equ	1553	;# 
  2970     0612                     CWG1AS0         equ	1554	;# 
  2971     0613                     CWG1AS1         equ	1555	;# 
  2972     0614                     CWG1STR         equ	1556	;# 
  2973     0616                     CWG2CLK         equ	1558	;# 
  2974     0616                     CWG2CLKCON      equ	1558	;# 
  2975     0617                     CWG2ISM         equ	1559	;# 
  2976     0617                     CWG2DAT         equ	1559	;# 
  2977     0618                     CWG2DBR         equ	1560	;# 
  2978     0619                     CWG2DBF         equ	1561	;# 
  2979     061A                     CWG2CON0        equ	1562	;# 
  2980     061B                     CWG2CON1        equ	1563	;# 
  2981     061C                     CWG2AS0         equ	1564	;# 
  2982     061D                     CWG2AS1         equ	1565	;# 
  2983     061E                     CWG2STR         equ	1566	;# 
  2984     070C                     PIR0            equ	1804	;# 
  2985     070D                     PIR1            equ	1805	;# 
  2986     070E                     PIR2            equ	1806	;# 
  2987     070F                     PIR3            equ	1807	;# 
  2988     0710                     PIR4            equ	1808	;# 
  2989     0711                     PIR5            equ	1809	;# 
  2990     0712                     PIR6            equ	1810	;# 
  2991     0713                     PIR7            equ	1811	;# 
  2992     0714                     PIR8            equ	1812	;# 
  2993     0716                     PIE0            equ	1814	;# 
  2994     0717                     PIE1            equ	1815	;# 
  2995     0718                     PIE2            equ	1816	;# 
  2996     0719                     PIE3            equ	1817	;# 
  2997     071A                     PIE4            equ	1818	;# 
  2998     071B                     PIE5            equ	1819	;# 
  2999     071C                     PIE6            equ	1820	;# 
  3000     071D                     PIE7            equ	1821	;# 
  3001     071E                     PIE8            equ	1822	;# 
  3002     0796                     PMD0            equ	1942	;# 
  3003     0797                     PMD1            equ	1943	;# 
  3004     0798                     PMD2            equ	1944	;# 
  3005     0799                     PMD3            equ	1945	;# 
  3006     079A                     PMD4            equ	1946	;# 
  3007     079B                     PMD5            equ	1947	;# 
  3008     079C                     PMD6            equ	1948	;# 
  3009     079D                     PMD7            equ	1949	;# 
  3010     080C                     WDTCON0         equ	2060	;# 
  3011     080D                     WDTCON1         equ	2061	;# 
  3012     080E                     WDTPSL          equ	2062	;# 
  3013     080F                     WDTPSH          equ	2063	;# 
  3014     0810                     WDTTMR          equ	2064	;# 
  3015     0811                     BORCON          equ	2065	;# 
  3016     0812                     VREGCON         equ	2066	;# 
  3017     0813                     PCON0           equ	2067	;# 
  3018     0814                     PCON1           equ	2068	;# 
  3019     081A                     NVMADR          equ	2074	;# 
  3020     081A                     NVMADRL         equ	2074	;# 
  3021     081B                     NVMADRH         equ	2075	;# 
  3022     081C                     NVMDAT          equ	2076	;# 
  3023     081C                     NVMDATL         equ	2076	;# 
  3024     081D                     NVMDATH         equ	2077	;# 
  3025     081E                     NVMCON1         equ	2078	;# 
  3026     081F                     NVMCON2         equ	2079	;# 
  3027     088C                     CPUDOZE         equ	2188	;# 
  3028     088D                     OSCCON1         equ	2189	;# 
  3029     088E                     OSCCON2         equ	2190	;# 
  3030     088F                     OSCCON3         equ	2191	;# 
  3031     0890                     OSCSTAT         equ	2192	;# 
  3032     0891                     OSCEN           equ	2193	;# 
  3033     0892                     OSCTUNE         equ	2194	;# 
  3034     0893                     OSCFRQ          equ	2195	;# 
  3035     0895                     CLKRCON         equ	2197	;# 
  3036     0896                     CLKRCLK         equ	2198	;# 
  3037     0897                     MD1CON0         equ	2199	;# 
  3038     0898                     MD1CON1         equ	2200	;# 
  3039     0899                     MD1SRC          equ	2201	;# 
  3040     089A                     MD1CARL         equ	2202	;# 
  3041     089B                     MD1CARH         equ	2203	;# 
  3042     090C                     FVRCON          equ	2316	;# 
  3043     090E                     DAC1CON0        equ	2318	;# 
  3044     090F                     DAC1CON1        equ	2319	;# 
  3045     091F                     ZCDCON          equ	2335	;# 
  3046     098F                     CMOUT           equ	2447	;# 
  3047     098F                     CMSTAT          equ	2447	;# 
  3048     0990                     CM1CON0         equ	2448	;# 
  3049     0991                     CM1CON1         equ	2449	;# 
  3050     0992                     CM1NCH          equ	2450	;# 
  3051     0993                     CM1PCH          equ	2451	;# 
  3052     0994                     CM2CON0         equ	2452	;# 
  3053     0995                     CM2CON1         equ	2453	;# 
  3054     0996                     CM2NCH          equ	2454	;# 
  3055     0997                     CM2PCH          equ	2455	;# 
  3056     1E0F                     CLCDATA         equ	7695	;# 
  3057     1E10                     CLC1CON         equ	7696	;# 
  3058     1E11                     CLC1POL         equ	7697	;# 
  3059     1E12                     CLC1SEL0        equ	7698	;# 
  3060     1E13                     CLC1SEL1        equ	7699	;# 
  3061     1E14                     CLC1SEL2        equ	7700	;# 
  3062     1E15                     CLC1SEL3        equ	7701	;# 
  3063     1E16                     CLC1GLS0        equ	7702	;# 
  3064     1E17                     CLC1GLS1        equ	7703	;# 
  3065     1E18                     CLC1GLS2        equ	7704	;# 
  3066     1E19                     CLC1GLS3        equ	7705	;# 
  3067     1E1A                     CLC2CON         equ	7706	;# 
  3068     1E1B                     CLC2POL         equ	7707	;# 
  3069     1E1C                     CLC2SEL0        equ	7708	;# 
  3070     1E1D                     CLC2SEL1        equ	7709	;# 
  3071     1E1E                     CLC2SEL2        equ	7710	;# 
  3072     1E1F                     CLC2SEL3        equ	7711	;# 
  3073     1E20                     CLC2GLS0        equ	7712	;# 
  3074     1E21                     CLC2GLS1        equ	7713	;# 
  3075     1E22                     CLC2GLS2        equ	7714	;# 
  3076     1E23                     CLC2GLS3        equ	7715	;# 
  3077     1E24                     CLC3CON         equ	7716	;# 
  3078     1E25                     CLC3POL         equ	7717	;# 
  3079     1E26                     CLC3SEL0        equ	7718	;# 
  3080     1E27                     CLC3SEL1        equ	7719	;# 
  3081     1E28                     CLC3SEL2        equ	7720	;# 
  3082     1E29                     CLC3SEL3        equ	7721	;# 
  3083     1E2A                     CLC3GLS0        equ	7722	;# 
  3084     1E2B                     CLC3GLS1        equ	7723	;# 
  3085     1E2C                     CLC3GLS2        equ	7724	;# 
  3086     1E2D                     CLC3GLS3        equ	7725	;# 
  3087     1E2E                     CLC4CON         equ	7726	;# 
  3088     1E2F                     CLC4POL         equ	7727	;# 
  3089     1E30                     CLC4SEL0        equ	7728	;# 
  3090     1E31                     CLC4SEL1        equ	7729	;# 
  3091     1E32                     CLC4SEL2        equ	7730	;# 
  3092     1E33                     CLC4SEL3        equ	7731	;# 
  3093     1E34                     CLC4GLS0        equ	7732	;# 
  3094     1E35                     CLC4GLS1        equ	7733	;# 
  3095     1E36                     CLC4GLS2        equ	7734	;# 
  3096     1E37                     CLC4GLS3        equ	7735	;# 
  3097     1E8F                     PPSLOCK         equ	7823	;# 
  3098     1E90                     INTPPS          equ	7824	;# 
  3099     1E91                     T0CKIPPS        equ	7825	;# 
  3100     1E92                     T1CKIPPS        equ	7826	;# 
  3101     1E93                     T1GPPS          equ	7827	;# 
  3102     1E94                     T3CKIPPS        equ	7828	;# 
  3103     1E95                     T3GPPS          equ	7829	;# 
  3104     1E96                     T5CKIPPS        equ	7830	;# 
  3105     1E97                     T5GPPS          equ	7831	;# 
  3106     1E9C                     T2INPPS         equ	7836	;# 
  3107     1E9D                     T4INPPS         equ	7837	;# 
  3108     1E9E                     T6INPPS         equ	7838	;# 
  3109     1EA1                     CCP1PPS         equ	7841	;# 
  3110     1EA2                     CCP2PPS         equ	7842	;# 
  3111     1EA3                     CCP3PPS         equ	7843	;# 
  3112     1EA4                     CCP4PPS         equ	7844	;# 
  3113     1EA9                     SMT1WINPPS      equ	7849	;# 
  3114     1EAA                     SMT1SIGPPS      equ	7850	;# 
  3115     1EB1                     CWG1PPS         equ	7857	;# 
  3116     1EB2                     CWG2PPS         equ	7858	;# 
  3117     1EB8                     MDCARLPPS       equ	7864	;# 
  3118     1EB9                     MDCARHPPS       equ	7865	;# 
  3119     1EBA                     MDSRCPPS        equ	7866	;# 
  3120     1EBB                     CLCIN0PPS       equ	7867	;# 
  3121     1EBC                     CLCIN1PPS       equ	7868	;# 
  3122     1EBD                     CLCIN2PPS       equ	7869	;# 
  3123     1EBE                     CLCIN3PPS       equ	7870	;# 
  3124     1EC3                     ADACTPPS        equ	7875	;# 
  3125     1EC5                     SSP1CLKPPS      equ	7877	;# 
  3126     1EC6                     SSP1DATPPS      equ	7878	;# 
  3127     1EC7                     SSP1SSPPS       equ	7879	;# 
  3128     1EC8                     SSP2CLKPPS      equ	7880	;# 
  3129     1EC9                     SSP2DATPPS      equ	7881	;# 
  3130     1ECA                     SSP2SSPPS       equ	7882	;# 
  3131     1ECB                     RX1PPS          equ	7883	;# 
  3132     1ECC                     CK1PPS          equ	7884	;# 
  3133     1F10                     RA0PPS          equ	7952	;# 
  3134     1F11                     RA1PPS          equ	7953	;# 
  3135     1F12                     RA2PPS          equ	7954	;# 
  3136     1F14                     RA4PPS          equ	7956	;# 
  3137     1F15                     RA5PPS          equ	7957	;# 
  3138     1F20                     RC0PPS          equ	7968	;# 
  3139     1F21                     RC1PPS          equ	7969	;# 
  3140     1F22                     RC2PPS          equ	7970	;# 
  3141     1F23                     RC3PPS          equ	7971	;# 
  3142     1F24                     RC4PPS          equ	7972	;# 
  3143     1F25                     RC5PPS          equ	7973	;# 
  3144     1F38                     ANSELA          equ	7992	;# 
  3145     1F39                     WPUA            equ	7993	;# 
  3146     1F3A                     ODCONA          equ	7994	;# 
  3147     1F3B                     SLRCONA         equ	7995	;# 
  3148     1F3C                     INLVLA          equ	7996	;# 
  3149     1F3D                     IOCAP           equ	7997	;# 
  3150     1F3E                     IOCAN           equ	7998	;# 
  3151     1F3F                     IOCAF           equ	7999	;# 
  3152     1F4E                     ANSELC          equ	8014	;# 
  3153     1F4F                     WPUC            equ	8015	;# 
  3154     1F50                     ODCONC          equ	8016	;# 
  3155     1F51                     SLRCONC         equ	8017	;# 
  3156     1F52                     INLVLC          equ	8018	;# 
  3157     1F53                     IOCCP           equ	8019	;# 
  3158     1F54                     IOCCN           equ	8020	;# 
  3159     1F55                     IOCCF           equ	8021	;# 
  3160     1FE4                     STATUS_SHAD     equ	8164	;# 
  3161     1FE5                     WREG_SHAD       equ	8165	;# 
  3162     1FE6                     BSR_SHAD        equ	8166	;# 
  3163     1FE7                     PCLATH_SHAD     equ	8167	;# 
  3164     1FE8                     FSR0_SHAD       equ	8168	;# 
  3165     1FE8                     FSR0L_SHAD      equ	8168	;# 
  3166     1FE9                     FSR0H_SHAD      equ	8169	;# 
  3167     1FEA                     FSR1L_SHAD      equ	8170	;# 
  3168     1FEB                     FSR1H_SHAD      equ	8171	;# 
  3169     1FED                     STKPTR          equ	8173	;# 
  3170     1FEE                     TOSL            equ	8174	;# 
  3171     1FEF                     TOSH            equ	8175	;# 
  3172     0000                     INDF0           equ	0	;# 
  3173     0001                     INDF1           equ	1	;# 
  3174     0002                     PCL             equ	2	;# 
  3175     0003                     STATUS          equ	3	;# 
  3176     0004                     FSR0L           equ	4	;# 
  3177     0005                     FSR0H           equ	5	;# 
  3178     0006                     FSR1L           equ	6	;# 
  3179     0007                     FSR1H           equ	7	;# 
  3180     0008                     BSR             equ	8	;# 
  3181     0009                     WREG            equ	9	;# 
  3182     000A                     PCLATH          equ	10	;# 
  3183     000B                     INTCON          equ	11	;# 
  3184     000C                     PORTA           equ	12	;# 
  3185     000E                     PORTC           equ	14	;# 
  3186     0012                     TRISA           equ	18	;# 
  3187     0014                     TRISC           equ	20	;# 
  3188     0018                     LATA            equ	24	;# 
  3189     001A                     LATC            equ	26	;# 
  3190     008C                     ADLTH           equ	140	;# 
  3191     008C                     ADLTHL          equ	140	;# 
  3192     008D                     ADLTHH          equ	141	;# 
  3193     008E                     ADUTH           equ	142	;# 
  3194     008E                     ADUTHL          equ	142	;# 
  3195     008F                     ADUTHH          equ	143	;# 
  3196     0090                     ADERR           equ	144	;# 
  3197     0090                     ADERRL          equ	144	;# 
  3198     0091                     ADERRH          equ	145	;# 
  3199     0092                     ADSTPT          equ	146	;# 
  3200     0092                     ADSTPTL         equ	146	;# 
  3201     0093                     ADSTPTH         equ	147	;# 
  3202     0094                     ADFLTR          equ	148	;# 
  3203     0094                     ADFLTRL         equ	148	;# 
  3204     0095                     ADFLTRH         equ	149	;# 
  3205     0096                     ADACC           equ	150	;# 
  3206     0096                     ADACCL          equ	150	;# 
  3207     0097                     ADACCH          equ	151	;# 
  3208     0098                     ADACCU          equ	152	;# 
  3209     0099                     ADCNT           equ	153	;# 
  3210     009A                     ADRPT           equ	154	;# 
  3211     009B                     ADPREV          equ	155	;# 
  3212     009B                     ADPREVL         equ	155	;# 
  3213     009C                     ADPREVH         equ	156	;# 
  3214     009D                     ADRES           equ	157	;# 
  3215     009D                     ADRESL          equ	157	;# 
  3216     009E                     ADRESH          equ	158	;# 
  3217     009F                     ADPCH           equ	159	;# 
  3218     010C                     ADACQ           equ	268	;# 
  3219     010C                     ADACQL          equ	268	;# 
  3220     010D                     ADACQH          equ	269	;# 
  3221     010E                     ADCAP           equ	270	;# 
  3222     010F                     ADPRE           equ	271	;# 
  3223     010F                     ADPREL          equ	271	;# 
  3224     0110                     ADPREH          equ	272	;# 
  3225     0111                     ADCON0          equ	273	;# 
  3226     0112                     ADCON1          equ	274	;# 
  3227     0113                     ADCON2          equ	275	;# 
  3228     0114                     ADCON3          equ	276	;# 
  3229     0115                     ADSTAT          equ	277	;# 
  3230     0116                     ADREF           equ	278	;# 
  3231     0117                     ADACT           equ	279	;# 
  3232     0118                     ADCLK           equ	280	;# 
  3233     0119                     RC1REG          equ	281	;# 
  3234     0119                     RCREG           equ	281	;# 
  3235     0119                     RCREG1          equ	281	;# 
  3236     011A                     TX1REG          equ	282	;# 
  3237     011A                     TXREG1          equ	282	;# 
  3238     011A                     TXREG           equ	282	;# 
  3239     011B                     SP1BRG          equ	283	;# 
  3240     011B                     SPBRG           equ	283	;# 
  3241     011B                     SP1BRGL         equ	283	;# 
  3242     011B                     SPBRG1          equ	283	;# 
  3243     011B                     SPBRGL          equ	283	;# 
  3244     011C                     SP1BRGH         equ	284	;# 
  3245     011C                     SPBRGH          equ	284	;# 
  3246     011C                     SPBRGH1         equ	284	;# 
  3247     011D                     RC1STA          equ	285	;# 
  3248     011D                     RCSTA1          equ	285	;# 
  3249     011D                     RCSTA           equ	285	;# 
  3250     011E                     TX1STA          equ	286	;# 
  3251     011E                     TXSTA1          equ	286	;# 
  3252     011E                     TXSTA           equ	286	;# 
  3253     011F                     BAUD1CON        equ	287	;# 
  3254     011F                     BAUDCON1        equ	287	;# 
  3255     011F                     BAUDCTL1        equ	287	;# 
  3256     011F                     BAUDCON         equ	287	;# 
  3257     011F                     BAUDCTL         equ	287	;# 
  3258     018C                     SSP1BUF         equ	396	;# 
  3259     018D                     SSP1ADD         equ	397	;# 
  3260     018E                     SSP1MSK         equ	398	;# 
  3261     018F                     SSP1STAT        equ	399	;# 
  3262     0190                     SSP1CON1        equ	400	;# 
  3263     0191                     SSP1CON2        equ	401	;# 
  3264     0192                     SSP1CON3        equ	402	;# 
  3265     0196                     SSP2BUF         equ	406	;# 
  3266     0197                     SSP2ADD         equ	407	;# 
  3267     0198                     SSP2MSK         equ	408	;# 
  3268     0199                     SSP2STAT        equ	409	;# 
  3269     019A                     SSP2CON1        equ	410	;# 
  3270     019B                     SSP2CON2        equ	411	;# 
  3271     019C                     SSP2CON3        equ	412	;# 
  3272     020C                     TMR1            equ	524	;# 
  3273     020C                     TMR1L           equ	524	;# 
  3274     020D                     TMR1H           equ	525	;# 
  3275     020E                     T1CON           equ	526	;# 
  3276     020E                     TMR1CON         equ	526	;# 
  3277     020F                     T1GCON          equ	527	;# 
  3278     020F                     TMR1GCON        equ	527	;# 
  3279     0210                     T1GATE          equ	528	;# 
  3280     0210                     TMR1GATE        equ	528	;# 
  3281     0211                     T1CLK           equ	529	;# 
  3282     0211                     TMR1CLK         equ	529	;# 
  3283     0211                     PR1             equ	529	;# 
  3284     0212                     TMR3            equ	530	;# 
  3285     0212                     TMR3L           equ	530	;# 
  3286     0213                     TMR3H           equ	531	;# 
  3287     0214                     T3CON           equ	532	;# 
  3288     0214                     TMR3CON         equ	532	;# 
  3289     0215                     T3GCON          equ	533	;# 
  3290     0215                     TMR3GCON        equ	533	;# 
  3291     0216                     T3GATE          equ	534	;# 
  3292     0216                     TMR3GATE        equ	534	;# 
  3293     0217                     T3CLK           equ	535	;# 
  3294     0217                     TMR3CLK         equ	535	;# 
  3295     0217                     PR3             equ	535	;# 
  3296     0218                     TMR5            equ	536	;# 
  3297     0218                     TMR5L           equ	536	;# 
  3298     0219                     TMR5H           equ	537	;# 
  3299     021A                     T5CON           equ	538	;# 
  3300     021A                     TMR5CON         equ	538	;# 
  3301     021B                     T5GCON          equ	539	;# 
  3302     021B                     TMR5GCON        equ	539	;# 
  3303     021C                     T5GATE          equ	540	;# 
  3304     021C                     TMR5GATE        equ	540	;# 
  3305     021D                     T5CLK           equ	541	;# 
  3306     021D                     TMR5CLK         equ	541	;# 
  3307     021D                     PR5             equ	541	;# 
  3308     021E                     CCPTMRS0        equ	542	;# 
  3309     021F                     CCPTMRS1        equ	543	;# 
  3310     028C                     T2TMR           equ	652	;# 
  3311     028C                     TMR2            equ	652	;# 
  3312     028D                     T2PR            equ	653	;# 
  3313     028D                     PR2             equ	653	;# 
  3314     028E                     T2CON           equ	654	;# 
  3315     028F                     T2HLT           equ	655	;# 
  3316     0290                     T2CLKCON        equ	656	;# 
  3317     0291                     T2RST           equ	657	;# 
  3318     0292                     T4TMR           equ	658	;# 
  3319     0292                     TMR4            equ	658	;# 
  3320     0293                     T4PR            equ	659	;# 
  3321     0293                     PR4             equ	659	;# 
  3322     0294                     T4CON           equ	660	;# 
  3323     0295                     T4HLT           equ	661	;# 
  3324     0296                     T4CLKCON        equ	662	;# 
  3325     0297                     T4RST           equ	663	;# 
  3326     0298                     T6TMR           equ	664	;# 
  3327     0298                     TMR6            equ	664	;# 
  3328     0299                     T6PR            equ	665	;# 
  3329     0299                     PR6             equ	665	;# 
  3330     029A                     T6CON           equ	666	;# 
  3331     029B                     T6HLT           equ	667	;# 
  3332     029C                     T6CLKCON        equ	668	;# 
  3333     029D                     T6RST           equ	669	;# 
  3334     029F                     ADCPCON0        equ	671	;# 
  3335     030C                     CCPR1           equ	780	;# 
  3336     030C                     CCPR1L          equ	780	;# 
  3337     030D                     CCPR1H          equ	781	;# 
  3338     030E                     CCP1CON         equ	782	;# 
  3339     030F                     CCP1CAP         equ	783	;# 
  3340     0310                     CCPR2           equ	784	;# 
  3341     0310                     CCPR2L          equ	784	;# 
  3342     0311                     CCPR2H          equ	785	;# 
  3343     0312                     CCP2CON         equ	786	;# 
  3344     0313                     CCP2CAP         equ	787	;# 
  3345     0314                     CCPR3           equ	788	;# 
  3346     0314                     CCPR3L          equ	788	;# 
  3347     0315                     CCPR3H          equ	789	;# 
  3348     0316                     CCP3CON         equ	790	;# 
  3349     0317                     CCP3CAP         equ	791	;# 
  3350     0318                     CCPR4           equ	792	;# 
  3351     0318                     CCPR4L          equ	792	;# 
  3352     0319                     CCPR4H          equ	793	;# 
  3353     031A                     CCP4CON         equ	794	;# 
  3354     031B                     CCP4CAP         equ	795	;# 
  3355     038C                     PWM6DC          equ	908	;# 
  3356     038C                     PWM6DCL         equ	908	;# 
  3357     038D                     PWM6DCH         equ	909	;# 
  3358     038E                     PWM6CON         equ	910	;# 
  3359     0390                     PWM7DC          equ	912	;# 
  3360     0390                     PWM7DCL         equ	912	;# 
  3361     0391                     PWM7DCH         equ	913	;# 
  3362     0392                     PWM7CON         equ	914	;# 
  3363     048C                     SMT1TMR         equ	1164	;# 
  3364     048C                     SMT1TMRL        equ	1164	;# 
  3365     048D                     SMT1TMRH        equ	1165	;# 
  3366     048E                     SMT1TMRU        equ	1166	;# 
  3367     048F                     SMT1CPR         equ	1167	;# 
  3368     048F                     SMT1CPRL        equ	1167	;# 
  3369     0490                     SMT1CPRH        equ	1168	;# 
  3370     0491                     SMT1CPRU        equ	1169	;# 
  3371     0492                     SMT1CPW         equ	1170	;# 
  3372     0492                     SMT1CPWL        equ	1170	;# 
  3373     0493                     SMT1CPWH        equ	1171	;# 
  3374     0494                     SMT1CPWU        equ	1172	;# 
  3375     0495                     SMT1PR          equ	1173	;# 
  3376     0495                     SMT1PRL         equ	1173	;# 
  3377     0496                     SMT1PRH         equ	1174	;# 
  3378     0497                     SMT1PRU         equ	1175	;# 
  3379     0498                     SMT1CON0        equ	1176	;# 
  3380     0499                     SMT1CON1        equ	1177	;# 
  3381     049A                     SMT1STAT        equ	1178	;# 
  3382     049B                     SMT1CLK         equ	1179	;# 
  3383     049C                     SMT1SIG         equ	1180	;# 
  3384     049D                     SMT1WIN         equ	1181	;# 
  3385     058C                     NCO1ACC         equ	1420	;# 
  3386     058C                     NCO1ACCL        equ	1420	;# 
  3387     058D                     NCO1ACCH        equ	1421	;# 
  3388     058E                     NCO1ACCU        equ	1422	;# 
  3389     058F                     NCO1INC         equ	1423	;# 
  3390     058F                     NCO1INCL        equ	1423	;# 
  3391     0590                     NCO1INCH        equ	1424	;# 
  3392     0591                     NCO1INCU        equ	1425	;# 
  3393     0592                     NCO1CON         equ	1426	;# 
  3394     0593                     NCO1CLK         equ	1427	;# 
  3395     059C                     TMR0L           equ	1436	;# 
  3396     059C                     TMR0            equ	1436	;# 
  3397     059D                     TMR0H           equ	1437	;# 
  3398     059D                     PR0             equ	1437	;# 
  3399     059E                     T0CON0          equ	1438	;# 
  3400     059F                     T0CON1          equ	1439	;# 
  3401     060C                     CWG1CLK         equ	1548	;# 
  3402     060C                     CWG1CLKCON      equ	1548	;# 
  3403     060D                     CWG1ISM         equ	1549	;# 
  3404     060D                     CWG1DAT         equ	1549	;# 
  3405     060E                     CWG1DBR         equ	1550	;# 
  3406     060F                     CWG1DBF         equ	1551	;# 
  3407     0610                     CWG1CON0        equ	1552	;# 
  3408     0611                     CWG1CON1        equ	1553	;# 
  3409     0612                     CWG1AS0         equ	1554	;# 
  3410     0613                     CWG1AS1         equ	1555	;# 
  3411     0614                     CWG1STR         equ	1556	;# 
  3412     0616                     CWG2CLK         equ	1558	;# 
  3413     0616                     CWG2CLKCON      equ	1558	;# 
  3414     0617                     CWG2ISM         equ	1559	;# 
  3415     0617                     CWG2DAT         equ	1559	;# 
  3416     0618                     CWG2DBR         equ	1560	;# 
  3417     0619                     CWG2DBF         equ	1561	;# 
  3418     061A                     CWG2CON0        equ	1562	;# 
  3419     061B                     CWG2CON1        equ	1563	;# 
  3420     061C                     CWG2AS0         equ	1564	;# 
  3421     061D                     CWG2AS1         equ	1565	;# 
  3422     061E                     CWG2STR         equ	1566	;# 
  3423     070C                     PIR0            equ	1804	;# 
  3424     070D                     PIR1            equ	1805	;# 
  3425     070E                     PIR2            equ	1806	;# 
  3426     070F                     PIR3            equ	1807	;# 
  3427     0710                     PIR4            equ	1808	;# 
  3428     0711                     PIR5            equ	1809	;# 
  3429     0712                     PIR6            equ	1810	;# 
  3430     0713                     PIR7            equ	1811	;# 
  3431     0714                     PIR8            equ	1812	;# 
  3432     0716                     PIE0            equ	1814	;# 
  3433     0717                     PIE1            equ	1815	;# 
  3434     0718                     PIE2            equ	1816	;# 
  3435     0719                     PIE3            equ	1817	;# 
  3436     071A                     PIE4            equ	1818	;# 
  3437     071B                     PIE5            equ	1819	;# 
  3438     071C                     PIE6            equ	1820	;# 
  3439     071D                     PIE7            equ	1821	;# 
  3440     071E                     PIE8            equ	1822	;# 
  3441     0796                     PMD0            equ	1942	;# 
  3442     0797                     PMD1            equ	1943	;# 
  3443     0798                     PMD2            equ	1944	;# 
  3444     0799                     PMD3            equ	1945	;# 
  3445     079A                     PMD4            equ	1946	;# 
  3446     079B                     PMD5            equ	1947	;# 
  3447     079C                     PMD6            equ	1948	;# 
  3448     079D                     PMD7            equ	1949	;# 
  3449     080C                     WDTCON0         equ	2060	;# 
  3450     080D                     WDTCON1         equ	2061	;# 
  3451     080E                     WDTPSL          equ	2062	;# 
  3452     080F                     WDTPSH          equ	2063	;# 
  3453     0810                     WDTTMR          equ	2064	;# 
  3454     0811                     BORCON          equ	2065	;# 
  3455     0812                     VREGCON         equ	2066	;# 
  3456     0813                     PCON0           equ	2067	;# 
  3457     0814                     PCON1           equ	2068	;# 
  3458     081A                     NVMADR          equ	2074	;# 
  3459     081A                     NVMADRL         equ	2074	;# 
  3460     081B                     NVMADRH         equ	2075	;# 
  3461     081C                     NVMDAT          equ	2076	;# 
  3462     081C                     NVMDATL         equ	2076	;# 
  3463     081D                     NVMDATH         equ	2077	;# 
  3464     081E                     NVMCON1         equ	2078	;# 
  3465     081F                     NVMCON2         equ	2079	;# 
  3466     088C                     CPUDOZE         equ	2188	;# 
  3467     088D                     OSCCON1         equ	2189	;# 
  3468     088E                     OSCCON2         equ	2190	;# 
  3469     088F                     OSCCON3         equ	2191	;# 
  3470     0890                     OSCSTAT         equ	2192	;# 
  3471     0891                     OSCEN           equ	2193	;# 
  3472     0892                     OSCTUNE         equ	2194	;# 
  3473     0893                     OSCFRQ          equ	2195	;# 
  3474     0895                     CLKRCON         equ	2197	;# 
  3475     0896                     CLKRCLK         equ	2198	;# 
  3476     0897                     MD1CON0         equ	2199	;# 
  3477     0898                     MD1CON1         equ	2200	;# 
  3478     0899                     MD1SRC          equ	2201	;# 
  3479     089A                     MD1CARL         equ	2202	;# 
  3480     089B                     MD1CARH         equ	2203	;# 
  3481     090C                     FVRCON          equ	2316	;# 
  3482     090E                     DAC1CON0        equ	2318	;# 
  3483     090F                     DAC1CON1        equ	2319	;# 
  3484     091F                     ZCDCON          equ	2335	;# 
  3485     098F                     CMOUT           equ	2447	;# 
  3486     098F                     CMSTAT          equ	2447	;# 
  3487     0990                     CM1CON0         equ	2448	;# 
  3488     0991                     CM1CON1         equ	2449	;# 
  3489     0992                     CM1NCH          equ	2450	;# 
  3490     0993                     CM1PCH          equ	2451	;# 
  3491     0994                     CM2CON0         equ	2452	;# 
  3492     0995                     CM2CON1         equ	2453	;# 
  3493     0996                     CM2NCH          equ	2454	;# 
  3494     0997                     CM2PCH          equ	2455	;# 
  3495     1E0F                     CLCDATA         equ	7695	;# 
  3496     1E10                     CLC1CON         equ	7696	;# 
  3497     1E11                     CLC1POL         equ	7697	;# 
  3498     1E12                     CLC1SEL0        equ	7698	;# 
  3499     1E13                     CLC1SEL1        equ	7699	;# 
  3500     1E14                     CLC1SEL2        equ	7700	;# 
  3501     1E15                     CLC1SEL3        equ	7701	;# 
  3502     1E16                     CLC1GLS0        equ	7702	;# 
  3503     1E17                     CLC1GLS1        equ	7703	;# 
  3504     1E18                     CLC1GLS2        equ	7704	;# 
  3505     1E19                     CLC1GLS3        equ	7705	;# 
  3506     1E1A                     CLC2CON         equ	7706	;# 
  3507     1E1B                     CLC2POL         equ	7707	;# 
  3508     1E1C                     CLC2SEL0        equ	7708	;# 
  3509     1E1D                     CLC2SEL1        equ	7709	;# 
  3510     1E1E                     CLC2SEL2        equ	7710	;# 
  3511     1E1F                     CLC2SEL3        equ	7711	;# 
  3512     1E20                     CLC2GLS0        equ	7712	;# 
  3513     1E21                     CLC2GLS1        equ	7713	;# 
  3514     1E22                     CLC2GLS2        equ	7714	;# 
  3515     1E23                     CLC2GLS3        equ	7715	;# 
  3516     1E24                     CLC3CON         equ	7716	;# 
  3517     1E25                     CLC3POL         equ	7717	;# 
  3518     1E26                     CLC3SEL0        equ	7718	;# 
  3519     1E27                     CLC3SEL1        equ	7719	;# 
  3520     1E28                     CLC3SEL2        equ	7720	;# 
  3521     1E29                     CLC3SEL3        equ	7721	;# 
  3522     1E2A                     CLC3GLS0        equ	7722	;# 
  3523     1E2B                     CLC3GLS1        equ	7723	;# 
  3524     1E2C                     CLC3GLS2        equ	7724	;# 
  3525     1E2D                     CLC3GLS3        equ	7725	;# 
  3526     1E2E                     CLC4CON         equ	7726	;# 
  3527     1E2F                     CLC4POL         equ	7727	;# 
  3528     1E30                     CLC4SEL0        equ	7728	;# 
  3529     1E31                     CLC4SEL1        equ	7729	;# 
  3530     1E32                     CLC4SEL2        equ	7730	;# 
  3531     1E33                     CLC4SEL3        equ	7731	;# 
  3532     1E34                     CLC4GLS0        equ	7732	;# 
  3533     1E35                     CLC4GLS1        equ	7733	;# 
  3534     1E36                     CLC4GLS2        equ	7734	;# 
  3535     1E37                     CLC4GLS3        equ	7735	;# 
  3536     1E8F                     PPSLOCK         equ	7823	;# 
  3537     1E90                     INTPPS          equ	7824	;# 
  3538     1E91                     T0CKIPPS        equ	7825	;# 
  3539     1E92                     T1CKIPPS        equ	7826	;# 
  3540     1E93                     T1GPPS          equ	7827	;# 
  3541     1E94                     T3CKIPPS        equ	7828	;# 
  3542     1E95                     T3GPPS          equ	7829	;# 
  3543     1E96                     T5CKIPPS        equ	7830	;# 
  3544     1E97                     T5GPPS          equ	7831	;# 
  3545     1E9C                     T2INPPS         equ	7836	;# 
  3546     1E9D                     T4INPPS         equ	7837	;# 
  3547     1E9E                     T6INPPS         equ	7838	;# 
  3548     1EA1                     CCP1PPS         equ	7841	;# 
  3549     1EA2                     CCP2PPS         equ	7842	;# 
  3550     1EA3                     CCP3PPS         equ	7843	;# 
  3551     1EA4                     CCP4PPS         equ	7844	;# 
  3552     1EA9                     SMT1WINPPS      equ	7849	;# 
  3553     1EAA                     SMT1SIGPPS      equ	7850	;# 
  3554     1EB1                     CWG1PPS         equ	7857	;# 
  3555     1EB2                     CWG2PPS         equ	7858	;# 
  3556     1EB8                     MDCARLPPS       equ	7864	;# 
  3557     1EB9                     MDCARHPPS       equ	7865	;# 
  3558     1EBA                     MDSRCPPS        equ	7866	;# 
  3559     1EBB                     CLCIN0PPS       equ	7867	;# 
  3560     1EBC                     CLCIN1PPS       equ	7868	;# 
  3561     1EBD                     CLCIN2PPS       equ	7869	;# 
  3562     1EBE                     CLCIN3PPS       equ	7870	;# 
  3563     1EC3                     ADACTPPS        equ	7875	;# 
  3564     1EC5                     SSP1CLKPPS      equ	7877	;# 
  3565     1EC6                     SSP1DATPPS      equ	7878	;# 
  3566     1EC7                     SSP1SSPPS       equ	7879	;# 
  3567     1EC8                     SSP2CLKPPS      equ	7880	;# 
  3568     1EC9                     SSP2DATPPS      equ	7881	;# 
  3569     1ECA                     SSP2SSPPS       equ	7882	;# 
  3570     1ECB                     RX1PPS          equ	7883	;# 
  3571     1ECC                     CK1PPS          equ	7884	;# 
  3572     1F10                     RA0PPS          equ	7952	;# 
  3573     1F11                     RA1PPS          equ	7953	;# 
  3574     1F12                     RA2PPS          equ	7954	;# 
  3575     1F14                     RA4PPS          equ	7956	;# 
  3576     1F15                     RA5PPS          equ	7957	;# 
  3577     1F20                     RC0PPS          equ	7968	;# 
  3578     1F21                     RC1PPS          equ	7969	;# 
  3579     1F22                     RC2PPS          equ	7970	;# 
  3580     1F23                     RC3PPS          equ	7971	;# 
  3581     1F24                     RC4PPS          equ	7972	;# 
  3582     1F25                     RC5PPS          equ	7973	;# 
  3583     1F38                     ANSELA          equ	7992	;# 
  3584     1F39                     WPUA            equ	7993	;# 
  3585     1F3A                     ODCONA          equ	7994	;# 
  3586     1F3B                     SLRCONA         equ	7995	;# 
  3587     1F3C                     INLVLA          equ	7996	;# 
  3588     1F3D                     IOCAP           equ	7997	;# 
  3589     1F3E                     IOCAN           equ	7998	;# 
  3590     1F3F                     IOCAF           equ	7999	;# 
  3591     1F4E                     ANSELC          equ	8014	;# 
  3592     1F4F                     WPUC            equ	8015	;# 
  3593     1F50                     ODCONC          equ	8016	;# 
  3594     1F51                     SLRCONC         equ	8017	;# 
  3595     1F52                     INLVLC          equ	8018	;# 
  3596     1F53                     IOCCP           equ	8019	;# 
  3597     1F54                     IOCCN           equ	8020	;# 
  3598     1F55                     IOCCF           equ	8021	;# 
  3599     1FE4                     STATUS_SHAD     equ	8164	;# 
  3600     1FE5                     WREG_SHAD       equ	8165	;# 
  3601     1FE6                     BSR_SHAD        equ	8166	;# 
  3602     1FE7                     PCLATH_SHAD     equ	8167	;# 
  3603     1FE8                     FSR0_SHAD       equ	8168	;# 
  3604     1FE8                     FSR0L_SHAD      equ	8168	;# 
  3605     1FE9                     FSR0H_SHAD      equ	8169	;# 
  3606     1FEA                     FSR1L_SHAD      equ	8170	;# 
  3607     1FEB                     FSR1H_SHAD      equ	8171	;# 
  3608     1FED                     STKPTR          equ	8173	;# 
  3609     1FEE                     TOSL            equ	8174	;# 
  3610     1FEF                     TOSH            equ	8175	;# 
  3611     0000                     INDF0           equ	0	;# 
  3612     0001                     INDF1           equ	1	;# 
  3613     0002                     PCL             equ	2	;# 
  3614     0003                     STATUS          equ	3	;# 
  3615     0004                     FSR0L           equ	4	;# 
  3616     0005                     FSR0H           equ	5	;# 
  3617     0006                     FSR1L           equ	6	;# 
  3618     0007                     FSR1H           equ	7	;# 
  3619     0008                     BSR             equ	8	;# 
  3620     0009                     WREG            equ	9	;# 
  3621     000A                     PCLATH          equ	10	;# 
  3622     000B                     INTCON          equ	11	;# 
  3623     000C                     PORTA           equ	12	;# 
  3624     000E                     PORTC           equ	14	;# 
  3625     0012                     TRISA           equ	18	;# 
  3626     0014                     TRISC           equ	20	;# 
  3627     0018                     LATA            equ	24	;# 
  3628     001A                     LATC            equ	26	;# 
  3629     008C                     ADLTH           equ	140	;# 
  3630     008C                     ADLTHL          equ	140	;# 
  3631     008D                     ADLTHH          equ	141	;# 
  3632     008E                     ADUTH           equ	142	;# 
  3633     008E                     ADUTHL          equ	142	;# 
  3634     008F                     ADUTHH          equ	143	;# 
  3635     0090                     ADERR           equ	144	;# 
  3636     0090                     ADERRL          equ	144	;# 
  3637     0091                     ADERRH          equ	145	;# 
  3638     0092                     ADSTPT          equ	146	;# 
  3639     0092                     ADSTPTL         equ	146	;# 
  3640     0093                     ADSTPTH         equ	147	;# 
  3641     0094                     ADFLTR          equ	148	;# 
  3642     0094                     ADFLTRL         equ	148	;# 
  3643     0095                     ADFLTRH         equ	149	;# 
  3644     0096                     ADACC           equ	150	;# 
  3645     0096                     ADACCL          equ	150	;# 
  3646     0097                     ADACCH          equ	151	;# 
  3647     0098                     ADACCU          equ	152	;# 
  3648     0099                     ADCNT           equ	153	;# 
  3649     009A                     ADRPT           equ	154	;# 
  3650     009B                     ADPREV          equ	155	;# 
  3651     009B                     ADPREVL         equ	155	;# 
  3652     009C                     ADPREVH         equ	156	;# 
  3653     009D                     ADRES           equ	157	;# 
  3654     009D                     ADRESL          equ	157	;# 
  3655     009E                     ADRESH          equ	158	;# 
  3656     009F                     ADPCH           equ	159	;# 
  3657     010C                     ADACQ           equ	268	;# 
  3658     010C                     ADACQL          equ	268	;# 
  3659     010D                     ADACQH          equ	269	;# 
  3660     010E                     ADCAP           equ	270	;# 
  3661     010F                     ADPRE           equ	271	;# 
  3662     010F                     ADPREL          equ	271	;# 
  3663     0110                     ADPREH          equ	272	;# 
  3664     0111                     ADCON0          equ	273	;# 
  3665     0112                     ADCON1          equ	274	;# 
  3666     0113                     ADCON2          equ	275	;# 
  3667     0114                     ADCON3          equ	276	;# 
  3668     0115                     ADSTAT          equ	277	;# 
  3669     0116                     ADREF           equ	278	;# 
  3670     0117                     ADACT           equ	279	;# 
  3671     0118                     ADCLK           equ	280	;# 
  3672     0119                     RC1REG          equ	281	;# 
  3673     0119                     RCREG           equ	281	;# 
  3674     0119                     RCREG1          equ	281	;# 
  3675     011A                     TX1REG          equ	282	;# 
  3676     011A                     TXREG1          equ	282	;# 
  3677     011A                     TXREG           equ	282	;# 
  3678     011B                     SP1BRG          equ	283	;# 
  3679     011B                     SPBRG           equ	283	;# 
  3680     011B                     SP1BRGL         equ	283	;# 
  3681     011B                     SPBRG1          equ	283	;# 
  3682     011B                     SPBRGL          equ	283	;# 
  3683     011C                     SP1BRGH         equ	284	;# 
  3684     011C                     SPBRGH          equ	284	;# 
  3685     011C                     SPBRGH1         equ	284	;# 
  3686     011D                     RC1STA          equ	285	;# 
  3687     011D                     RCSTA1          equ	285	;# 
  3688     011D                     RCSTA           equ	285	;# 
  3689     011E                     TX1STA          equ	286	;# 
  3690     011E                     TXSTA1          equ	286	;# 
  3691     011E                     TXSTA           equ	286	;# 
  3692     011F                     BAUD1CON        equ	287	;# 
  3693     011F                     BAUDCON1        equ	287	;# 
  3694     011F                     BAUDCTL1        equ	287	;# 
  3695     011F                     BAUDCON         equ	287	;# 
  3696     011F                     BAUDCTL         equ	287	;# 
  3697     018C                     SSP1BUF         equ	396	;# 
  3698     018D                     SSP1ADD         equ	397	;# 
  3699     018E                     SSP1MSK         equ	398	;# 
  3700     018F                     SSP1STAT        equ	399	;# 
  3701     0190                     SSP1CON1        equ	400	;# 
  3702     0191                     SSP1CON2        equ	401	;# 
  3703     0192                     SSP1CON3        equ	402	;# 
  3704     0196                     SSP2BUF         equ	406	;# 
  3705     0197                     SSP2ADD         equ	407	;# 
  3706     0198                     SSP2MSK         equ	408	;# 
  3707     0199                     SSP2STAT        equ	409	;# 
  3708     019A                     SSP2CON1        equ	410	;# 
  3709     019B                     SSP2CON2        equ	411	;# 
  3710     019C                     SSP2CON3        equ	412	;# 
  3711     020C                     TMR1            equ	524	;# 
  3712     020C                     TMR1L           equ	524	;# 
  3713     020D                     TMR1H           equ	525	;# 
  3714     020E                     T1CON           equ	526	;# 
  3715     020E                     TMR1CON         equ	526	;# 
  3716     020F                     T1GCON          equ	527	;# 
  3717     020F                     TMR1GCON        equ	527	;# 
  3718     0210                     T1GATE          equ	528	;# 
  3719     0210                     TMR1GATE        equ	528	;# 
  3720     0211                     T1CLK           equ	529	;# 
  3721     0211                     TMR1CLK         equ	529	;# 
  3722     0211                     PR1             equ	529	;# 
  3723     0212                     TMR3            equ	530	;# 
  3724     0212                     TMR3L           equ	530	;# 
  3725     0213                     TMR3H           equ	531	;# 
  3726     0214                     T3CON           equ	532	;# 
  3727     0214                     TMR3CON         equ	532	;# 
  3728     0215                     T3GCON          equ	533	;# 
  3729     0215                     TMR3GCON        equ	533	;# 
  3730     0216                     T3GATE          equ	534	;# 
  3731     0216                     TMR3GATE        equ	534	;# 
  3732     0217                     T3CLK           equ	535	;# 
  3733     0217                     TMR3CLK         equ	535	;# 
  3734     0217                     PR3             equ	535	;# 
  3735     0218                     TMR5            equ	536	;# 
  3736     0218                     TMR5L           equ	536	;# 
  3737     0219                     TMR5H           equ	537	;# 
  3738     021A                     T5CON           equ	538	;# 
  3739     021A                     TMR5CON         equ	538	;# 
  3740     021B                     T5GCON          equ	539	;# 
  3741     021B                     TMR5GCON        equ	539	;# 
  3742     021C                     T5GATE          equ	540	;# 
  3743     021C                     TMR5GATE        equ	540	;# 
  3744     021D                     T5CLK           equ	541	;# 
  3745     021D                     TMR5CLK         equ	541	;# 
  3746     021D                     PR5             equ	541	;# 
  3747     021E                     CCPTMRS0        equ	542	;# 
  3748     021F                     CCPTMRS1        equ	543	;# 
  3749     028C                     T2TMR           equ	652	;# 
  3750     028C                     TMR2            equ	652	;# 
  3751     028D                     T2PR            equ	653	;# 
  3752     028D                     PR2             equ	653	;# 
  3753     028E                     T2CON           equ	654	;# 
  3754     028F                     T2HLT           equ	655	;# 
  3755     0290                     T2CLKCON        equ	656	;# 
  3756     0291                     T2RST           equ	657	;# 
  3757     0292                     T4TMR           equ	658	;# 
  3758     0292                     TMR4            equ	658	;# 
  3759     0293                     T4PR            equ	659	;# 
  3760     0293                     PR4             equ	659	;# 
  3761     0294                     T4CON           equ	660	;# 
  3762     0295                     T4HLT           equ	661	;# 
  3763     0296                     T4CLKCON        equ	662	;# 
  3764     0297                     T4RST           equ	663	;# 
  3765     0298                     T6TMR           equ	664	;# 
  3766     0298                     TMR6            equ	664	;# 
  3767     0299                     T6PR            equ	665	;# 
  3768     0299                     PR6             equ	665	;# 
  3769     029A                     T6CON           equ	666	;# 
  3770     029B                     T6HLT           equ	667	;# 
  3771     029C                     T6CLKCON        equ	668	;# 
  3772     029D                     T6RST           equ	669	;# 
  3773     029F                     ADCPCON0        equ	671	;# 
  3774     030C                     CCPR1           equ	780	;# 
  3775     030C                     CCPR1L          equ	780	;# 
  3776     030D                     CCPR1H          equ	781	;# 
  3777     030E                     CCP1CON         equ	782	;# 
  3778     030F                     CCP1CAP         equ	783	;# 
  3779     0310                     CCPR2           equ	784	;# 
  3780     0310                     CCPR2L          equ	784	;# 
  3781     0311                     CCPR2H          equ	785	;# 
  3782     0312                     CCP2CON         equ	786	;# 
  3783     0313                     CCP2CAP         equ	787	;# 
  3784     0314                     CCPR3           equ	788	;# 
  3785     0314                     CCPR3L          equ	788	;# 
  3786     0315                     CCPR3H          equ	789	;# 
  3787     0316                     CCP3CON         equ	790	;# 
  3788     0317                     CCP3CAP         equ	791	;# 
  3789     0318                     CCPR4           equ	792	;# 
  3790     0318                     CCPR4L          equ	792	;# 
  3791     0319                     CCPR4H          equ	793	;# 
  3792     031A                     CCP4CON         equ	794	;# 
  3793     031B                     CCP4CAP         equ	795	;# 
  3794     038C                     PWM6DC          equ	908	;# 
  3795     038C                     PWM6DCL         equ	908	;# 
  3796     038D                     PWM6DCH         equ	909	;# 
  3797     038E                     PWM6CON         equ	910	;# 
  3798     0390                     PWM7DC          equ	912	;# 
  3799     0390                     PWM7DCL         equ	912	;# 
  3800     0391                     PWM7DCH         equ	913	;# 
  3801     0392                     PWM7CON         equ	914	;# 
  3802     048C                     SMT1TMR         equ	1164	;# 
  3803     048C                     SMT1TMRL        equ	1164	;# 
  3804     048D                     SMT1TMRH        equ	1165	;# 
  3805     048E                     SMT1TMRU        equ	1166	;# 
  3806     048F                     SMT1CPR         equ	1167	;# 
  3807     048F                     SMT1CPRL        equ	1167	;# 
  3808     0490                     SMT1CPRH        equ	1168	;# 
  3809     0491                     SMT1CPRU        equ	1169	;# 
  3810     0492                     SMT1CPW         equ	1170	;# 
  3811     0492                     SMT1CPWL        equ	1170	;# 
  3812     0493                     SMT1CPWH        equ	1171	;# 
  3813     0494                     SMT1CPWU        equ	1172	;# 
  3814     0495                     SMT1PR          equ	1173	;# 
  3815     0495                     SMT1PRL         equ	1173	;# 
  3816     0496                     SMT1PRH         equ	1174	;# 
  3817     0497                     SMT1PRU         equ	1175	;# 
  3818     0498                     SMT1CON0        equ	1176	;# 
  3819     0499                     SMT1CON1        equ	1177	;# 
  3820     049A                     SMT1STAT        equ	1178	;# 
  3821     049B                     SMT1CLK         equ	1179	;# 
  3822     049C                     SMT1SIG         equ	1180	;# 
  3823     049D                     SMT1WIN         equ	1181	;# 
  3824     058C                     NCO1ACC         equ	1420	;# 
  3825     058C                     NCO1ACCL        equ	1420	;# 
  3826     058D                     NCO1ACCH        equ	1421	;# 
  3827     058E                     NCO1ACCU        equ	1422	;# 
  3828     058F                     NCO1INC         equ	1423	;# 
  3829     058F                     NCO1INCL        equ	1423	;# 
  3830     0590                     NCO1INCH        equ	1424	;# 
  3831     0591                     NCO1INCU        equ	1425	;# 
  3832     0592                     NCO1CON         equ	1426	;# 
  3833     0593                     NCO1CLK         equ	1427	;# 
  3834     059C                     TMR0L           equ	1436	;# 
  3835     059C                     TMR0            equ	1436	;# 
  3836     059D                     TMR0H           equ	1437	;# 
  3837     059D                     PR0             equ	1437	;# 
  3838     059E                     T0CON0          equ	1438	;# 
  3839     059F                     T0CON1          equ	1439	;# 
  3840     060C                     CWG1CLK         equ	1548	;# 
  3841     060C                     CWG1CLKCON      equ	1548	;# 
  3842     060D                     CWG1ISM         equ	1549	;# 
  3843     060D                     CWG1DAT         equ	1549	;# 
  3844     060E                     CWG1DBR         equ	1550	;# 
  3845     060F                     CWG1DBF         equ	1551	;# 
  3846     0610                     CWG1CON0        equ	1552	;# 
  3847     0611                     CWG1CON1        equ	1553	;# 
  3848     0612                     CWG1AS0         equ	1554	;# 
  3849     0613                     CWG1AS1         equ	1555	;# 
  3850     0614                     CWG1STR         equ	1556	;# 
  3851     0616                     CWG2CLK         equ	1558	;# 
  3852     0616                     CWG2CLKCON      equ	1558	;# 
  3853     0617                     CWG2ISM         equ	1559	;# 
  3854     0617                     CWG2DAT         equ	1559	;# 
  3855     0618                     CWG2DBR         equ	1560	;# 
  3856     0619                     CWG2DBF         equ	1561	;# 
  3857     061A                     CWG2CON0        equ	1562	;# 
  3858     061B                     CWG2CON1        equ	1563	;# 
  3859     061C                     CWG2AS0         equ	1564	;# 
  3860     061D                     CWG2AS1         equ	1565	;# 
  3861     061E                     CWG2STR         equ	1566	;# 
  3862     070C                     PIR0            equ	1804	;# 
  3863     070D                     PIR1            equ	1805	;# 
  3864     070E                     PIR2            equ	1806	;# 
  3865     070F                     PIR3            equ	1807	;# 
  3866     0710                     PIR4            equ	1808	;# 
  3867     0711                     PIR5            equ	1809	;# 
  3868     0712                     PIR6            equ	1810	;# 
  3869     0713                     PIR7            equ	1811	;# 
  3870     0714                     PIR8            equ	1812	;# 
  3871     0716                     PIE0            equ	1814	;# 
  3872     0717                     PIE1            equ	1815	;# 
  3873     0718                     PIE2            equ	1816	;# 
  3874     0719                     PIE3            equ	1817	;# 
  3875     071A                     PIE4            equ	1818	;# 
  3876     071B                     PIE5            equ	1819	;# 
  3877     071C                     PIE6            equ	1820	;# 
  3878     071D                     PIE7            equ	1821	;# 
  3879     071E                     PIE8            equ	1822	;# 
  3880     0796                     PMD0            equ	1942	;# 
  3881     0797                     PMD1            equ	1943	;# 
  3882     0798                     PMD2            equ	1944	;# 
  3883     0799                     PMD3            equ	1945	;# 
  3884     079A                     PMD4            equ	1946	;# 
  3885     079B                     PMD5            equ	1947	;# 
  3886     079C                     PMD6            equ	1948	;# 
  3887     079D                     PMD7            equ	1949	;# 
  3888     080C                     WDTCON0         equ	2060	;# 
  3889     080D                     WDTCON1         equ	2061	;# 
  3890     080E                     WDTPSL          equ	2062	;# 
  3891     080F                     WDTPSH          equ	2063	;# 
  3892     0810                     WDTTMR          equ	2064	;# 
  3893     0811                     BORCON          equ	2065	;# 
  3894     0812                     VREGCON         equ	2066	;# 
  3895     0813                     PCON0           equ	2067	;# 
  3896     0814                     PCON1           equ	2068	;# 
  3897     081A                     NVMADR          equ	2074	;# 
  3898     081A                     NVMADRL         equ	2074	;# 
  3899     081B                     NVMADRH         equ	2075	;# 
  3900     081C                     NVMDAT          equ	2076	;# 
  3901     081C                     NVMDATL         equ	2076	;# 
  3902     081D                     NVMDATH         equ	2077	;# 
  3903     081E                     NVMCON1         equ	2078	;# 
  3904     081F                     NVMCON2         equ	2079	;# 
  3905     088C                     CPUDOZE         equ	2188	;# 
  3906     088D                     OSCCON1         equ	2189	;# 
  3907     088E                     OSCCON2         equ	2190	;# 
  3908     088F                     OSCCON3         equ	2191	;# 
  3909     0890                     OSCSTAT         equ	2192	;# 
  3910     0891                     OSCEN           equ	2193	;# 
  3911     0892                     OSCTUNE         equ	2194	;# 
  3912     0893                     OSCFRQ          equ	2195	;# 
  3913     0895                     CLKRCON         equ	2197	;# 
  3914     0896                     CLKRCLK         equ	2198	;# 
  3915     0897                     MD1CON0         equ	2199	;# 
  3916     0898                     MD1CON1         equ	2200	;# 
  3917     0899                     MD1SRC          equ	2201	;# 
  3918     089A                     MD1CARL         equ	2202	;# 
  3919     089B                     MD1CARH         equ	2203	;# 
  3920     090C                     FVRCON          equ	2316	;# 
  3921     090E                     DAC1CON0        equ	2318	;# 
  3922     090F                     DAC1CON1        equ	2319	;# 
  3923     091F                     ZCDCON          equ	2335	;# 
  3924     098F                     CMOUT           equ	2447	;# 
  3925     098F                     CMSTAT          equ	2447	;# 
  3926     0990                     CM1CON0         equ	2448	;# 
  3927     0991                     CM1CON1         equ	2449	;# 
  3928     0992                     CM1NCH          equ	2450	;# 
  3929     0993                     CM1PCH          equ	2451	;# 
  3930     0994                     CM2CON0         equ	2452	;# 
  3931     0995                     CM2CON1         equ	2453	;# 
  3932     0996                     CM2NCH          equ	2454	;# 
  3933     0997                     CM2PCH          equ	2455	;# 
  3934     1E0F                     CLCDATA         equ	7695	;# 
  3935     1E10                     CLC1CON         equ	7696	;# 
  3936     1E11                     CLC1POL         equ	7697	;# 
  3937     1E12                     CLC1SEL0        equ	7698	;# 
  3938     1E13                     CLC1SEL1        equ	7699	;# 
  3939     1E14                     CLC1SEL2        equ	7700	;# 
  3940     1E15                     CLC1SEL3        equ	7701	;# 
  3941     1E16                     CLC1GLS0        equ	7702	;# 
  3942     1E17                     CLC1GLS1        equ	7703	;# 
  3943     1E18                     CLC1GLS2        equ	7704	;# 
  3944     1E19                     CLC1GLS3        equ	7705	;# 
  3945     1E1A                     CLC2CON         equ	7706	;# 
  3946     1E1B                     CLC2POL         equ	7707	;# 
  3947     1E1C                     CLC2SEL0        equ	7708	;# 
  3948     1E1D                     CLC2SEL1        equ	7709	;# 
  3949     1E1E                     CLC2SEL2        equ	7710	;# 
  3950     1E1F                     CLC2SEL3        equ	7711	;# 
  3951     1E20                     CLC2GLS0        equ	7712	;# 
  3952     1E21                     CLC2GLS1        equ	7713	;# 
  3953     1E22                     CLC2GLS2        equ	7714	;# 
  3954     1E23                     CLC2GLS3        equ	7715	;# 
  3955     1E24                     CLC3CON         equ	7716	;# 
  3956     1E25                     CLC3POL         equ	7717	;# 
  3957     1E26                     CLC3SEL0        equ	7718	;# 
  3958     1E27                     CLC3SEL1        equ	7719	;# 
  3959     1E28                     CLC3SEL2        equ	7720	;# 
  3960     1E29                     CLC3SEL3        equ	7721	;# 
  3961     1E2A                     CLC3GLS0        equ	7722	;# 
  3962     1E2B                     CLC3GLS1        equ	7723	;# 
  3963     1E2C                     CLC3GLS2        equ	7724	;# 
  3964     1E2D                     CLC3GLS3        equ	7725	;# 
  3965     1E2E                     CLC4CON         equ	7726	;# 
  3966     1E2F                     CLC4POL         equ	7727	;# 
  3967     1E30                     CLC4SEL0        equ	7728	;# 
  3968     1E31                     CLC4SEL1        equ	7729	;# 
  3969     1E32                     CLC4SEL2        equ	7730	;# 
  3970     1E33                     CLC4SEL3        equ	7731	;# 
  3971     1E34                     CLC4GLS0        equ	7732	;# 
  3972     1E35                     CLC4GLS1        equ	7733	;# 
  3973     1E36                     CLC4GLS2        equ	7734	;# 
  3974     1E37                     CLC4GLS3        equ	7735	;# 
  3975     1E8F                     PPSLOCK         equ	7823	;# 
  3976     1E90                     INTPPS          equ	7824	;# 
  3977     1E91                     T0CKIPPS        equ	7825	;# 
  3978     1E92                     T1CKIPPS        equ	7826	;# 
  3979     1E93                     T1GPPS          equ	7827	;# 
  3980     1E94                     T3CKIPPS        equ	7828	;# 
  3981     1E95                     T3GPPS          equ	7829	;# 
  3982     1E96                     T5CKIPPS        equ	7830	;# 
  3983     1E97                     T5GPPS          equ	7831	;# 
  3984     1E9C                     T2INPPS         equ	7836	;# 
  3985     1E9D                     T4INPPS         equ	7837	;# 
  3986     1E9E                     T6INPPS         equ	7838	;# 
  3987     1EA1                     CCP1PPS         equ	7841	;# 
  3988     1EA2                     CCP2PPS         equ	7842	;# 
  3989     1EA3                     CCP3PPS         equ	7843	;# 
  3990     1EA4                     CCP4PPS         equ	7844	;# 
  3991     1EA9                     SMT1WINPPS      equ	7849	;# 
  3992     1EAA                     SMT1SIGPPS      equ	7850	;# 
  3993     1EB1                     CWG1PPS         equ	7857	;# 
  3994     1EB2                     CWG2PPS         equ	7858	;# 
  3995     1EB8                     MDCARLPPS       equ	7864	;# 
  3996     1EB9                     MDCARHPPS       equ	7865	;# 
  3997     1EBA                     MDSRCPPS        equ	7866	;# 
  3998     1EBB                     CLCIN0PPS       equ	7867	;# 
  3999     1EBC                     CLCIN1PPS       equ	7868	;# 
  4000     1EBD                     CLCIN2PPS       equ	7869	;# 
  4001     1EBE                     CLCIN3PPS       equ	7870	;# 
  4002     1EC3                     ADACTPPS        equ	7875	;# 
  4003     1EC5                     SSP1CLKPPS      equ	7877	;# 
  4004     1EC6                     SSP1DATPPS      equ	7878	;# 
  4005     1EC7                     SSP1SSPPS       equ	7879	;# 
  4006     1EC8                     SSP2CLKPPS      equ	7880	;# 
  4007     1EC9                     SSP2DATPPS      equ	7881	;# 
  4008     1ECA                     SSP2SSPPS       equ	7882	;# 
  4009     1ECB                     RX1PPS          equ	7883	;# 
  4010     1ECC                     CK1PPS          equ	7884	;# 
  4011     1F10                     RA0PPS          equ	7952	;# 
  4012     1F11                     RA1PPS          equ	7953	;# 
  4013     1F12                     RA2PPS          equ	7954	;# 
  4014     1F14                     RA4PPS          equ	7956	;# 
  4015     1F15                     RA5PPS          equ	7957	;# 
  4016     1F20                     RC0PPS          equ	7968	;# 
  4017     1F21                     RC1PPS          equ	7969	;# 
  4018     1F22                     RC2PPS          equ	7970	;# 
  4019     1F23                     RC3PPS          equ	7971	;# 
  4020     1F24                     RC4PPS          equ	7972	;# 
  4021     1F25                     RC5PPS          equ	7973	;# 
  4022     1F38                     ANSELA          equ	7992	;# 
  4023     1F39                     WPUA            equ	7993	;# 
  4024     1F3A                     ODCONA          equ	7994	;# 
  4025     1F3B                     SLRCONA         equ	7995	;# 
  4026     1F3C                     INLVLA          equ	7996	;# 
  4027     1F3D                     IOCAP           equ	7997	;# 
  4028     1F3E                     IOCAN           equ	7998	;# 
  4029     1F3F                     IOCAF           equ	7999	;# 
  4030     1F4E                     ANSELC          equ	8014	;# 
  4031     1F4F                     WPUC            equ	8015	;# 
  4032     1F50                     ODCONC          equ	8016	;# 
  4033     1F51                     SLRCONC         equ	8017	;# 
  4034     1F52                     INLVLC          equ	8018	;# 
  4035     1F53                     IOCCP           equ	8019	;# 
  4036     1F54                     IOCCN           equ	8020	;# 
  4037     1F55                     IOCCF           equ	8021	;# 
  4038     1FE4                     STATUS_SHAD     equ	8164	;# 
  4039     1FE5                     WREG_SHAD       equ	8165	;# 
  4040     1FE6                     BSR_SHAD        equ	8166	;# 
  4041     1FE7                     PCLATH_SHAD     equ	8167	;# 
  4042     1FE8                     FSR0_SHAD       equ	8168	;# 
  4043     1FE8                     FSR0L_SHAD      equ	8168	;# 
  4044     1FE9                     FSR0H_SHAD      equ	8169	;# 
  4045     1FEA                     FSR1L_SHAD      equ	8170	;# 
  4046     1FEB                     FSR1H_SHAD      equ	8171	;# 
  4047     1FED                     STKPTR          equ	8173	;# 
  4048     1FEE                     TOSL            equ	8174	;# 
  4049     1FEF                     TOSH            equ	8175	;# 
  4050     0000                     INDF0           equ	0	;# 
  4051     0001                     INDF1           equ	1	;# 
  4052     0002                     PCL             equ	2	;# 
  4053     0003                     STATUS          equ	3	;# 
  4054     0004                     FSR0L           equ	4	;# 
  4055     0005                     FSR0H           equ	5	;# 
  4056     0006                     FSR1L           equ	6	;# 
  4057     0007                     FSR1H           equ	7	;# 
  4058     0008                     BSR             equ	8	;# 
  4059     0009                     WREG            equ	9	;# 
  4060     000A                     PCLATH          equ	10	;# 
  4061     000B                     INTCON          equ	11	;# 
  4062     000C                     PORTA           equ	12	;# 
  4063     000E                     PORTC           equ	14	;# 
  4064     0012                     TRISA           equ	18	;# 
  4065     0014                     TRISC           equ	20	;# 
  4066     0018                     LATA            equ	24	;# 
  4067     001A                     LATC            equ	26	;# 
  4068     008C                     ADLTH           equ	140	;# 
  4069     008C                     ADLTHL          equ	140	;# 
  4070     008D                     ADLTHH          equ	141	;# 
  4071     008E                     ADUTH           equ	142	;# 
  4072     008E                     ADUTHL          equ	142	;# 
  4073     008F                     ADUTHH          equ	143	;# 
  4074     0090                     ADERR           equ	144	;# 
  4075     0090                     ADERRL          equ	144	;# 
  4076     0091                     ADERRH          equ	145	;# 
  4077     0092                     ADSTPT          equ	146	;# 
  4078     0092                     ADSTPTL         equ	146	;# 
  4079     0093                     ADSTPTH         equ	147	;# 
  4080     0094                     ADFLTR          equ	148	;# 
  4081     0094                     ADFLTRL         equ	148	;# 
  4082     0095                     ADFLTRH         equ	149	;# 
  4083     0096                     ADACC           equ	150	;# 
  4084     0096                     ADACCL          equ	150	;# 
  4085     0097                     ADACCH          equ	151	;# 
  4086     0098                     ADACCU          equ	152	;# 
  4087     0099                     ADCNT           equ	153	;# 
  4088     009A                     ADRPT           equ	154	;# 
  4089     009B                     ADPREV          equ	155	;# 
  4090     009B                     ADPREVL         equ	155	;# 
  4091     009C                     ADPREVH         equ	156	;# 
  4092     009D                     ADRES           equ	157	;# 
  4093     009D                     ADRESL          equ	157	;# 
  4094     009E                     ADRESH          equ	158	;# 
  4095     009F                     ADPCH           equ	159	;# 
  4096     010C                     ADACQ           equ	268	;# 
  4097     010C                     ADACQL          equ	268	;# 
  4098     010D                     ADACQH          equ	269	;# 
  4099     010E                     ADCAP           equ	270	;# 
  4100     010F                     ADPRE           equ	271	;# 
  4101     010F                     ADPREL          equ	271	;# 
  4102     0110                     ADPREH          equ	272	;# 
  4103     0111                     ADCON0          equ	273	;# 
  4104     0112                     ADCON1          equ	274	;# 
  4105     0113                     ADCON2          equ	275	;# 
  4106     0114                     ADCON3          equ	276	;# 
  4107     0115                     ADSTAT          equ	277	;# 
  4108     0116                     ADREF           equ	278	;# 
  4109     0117                     ADACT           equ	279	;# 
  4110     0118                     ADCLK           equ	280	;# 
  4111     0119                     RC1REG          equ	281	;# 
  4112     0119                     RCREG           equ	281	;# 
  4113     0119                     RCREG1          equ	281	;# 
  4114     011A                     TX1REG          equ	282	;# 
  4115     011A                     TXREG1          equ	282	;# 
  4116     011A                     TXREG           equ	282	;# 
  4117     011B                     SP1BRG          equ	283	;# 
  4118     011B                     SPBRG           equ	283	;# 
  4119     011B                     SP1BRGL         equ	283	;# 
  4120     011B                     SPBRG1          equ	283	;# 
  4121     011B                     SPBRGL          equ	283	;# 
  4122     011C                     SP1BRGH         equ	284	;# 
  4123     011C                     SPBRGH          equ	284	;# 
  4124     011C                     SPBRGH1         equ	284	;# 
  4125     011D                     RC1STA          equ	285	;# 
  4126     011D                     RCSTA1          equ	285	;# 
  4127     011D                     RCSTA           equ	285	;# 
  4128     011E                     TX1STA          equ	286	;# 
  4129     011E                     TXSTA1          equ	286	;# 
  4130     011E                     TXSTA           equ	286	;# 
  4131     011F                     BAUD1CON        equ	287	;# 
  4132     011F                     BAUDCON1        equ	287	;# 
  4133     011F                     BAUDCTL1        equ	287	;# 
  4134     011F                     BAUDCON         equ	287	;# 
  4135     011F                     BAUDCTL         equ	287	;# 
  4136     018C                     SSP1BUF         equ	396	;# 
  4137     018D                     SSP1ADD         equ	397	;# 
  4138     018E                     SSP1MSK         equ	398	;# 
  4139     018F                     SSP1STAT        equ	399	;# 
  4140     0190                     SSP1CON1        equ	400	;# 
  4141     0191                     SSP1CON2        equ	401	;# 
  4142     0192                     SSP1CON3        equ	402	;# 
  4143     0196                     SSP2BUF         equ	406	;# 
  4144     0197                     SSP2ADD         equ	407	;# 
  4145     0198                     SSP2MSK         equ	408	;# 
  4146     0199                     SSP2STAT        equ	409	;# 
  4147     019A                     SSP2CON1        equ	410	;# 
  4148     019B                     SSP2CON2        equ	411	;# 
  4149     019C                     SSP2CON3        equ	412	;# 
  4150     020C                     TMR1            equ	524	;# 
  4151     020C                     TMR1L           equ	524	;# 
  4152     020D                     TMR1H           equ	525	;# 
  4153     020E                     T1CON           equ	526	;# 
  4154     020E                     TMR1CON         equ	526	;# 
  4155     020F                     T1GCON          equ	527	;# 
  4156     020F                     TMR1GCON        equ	527	;# 
  4157     0210                     T1GATE          equ	528	;# 
  4158     0210                     TMR1GATE        equ	528	;# 
  4159     0211                     T1CLK           equ	529	;# 
  4160     0211                     TMR1CLK         equ	529	;# 
  4161     0211                     PR1             equ	529	;# 
  4162     0212                     TMR3            equ	530	;# 
  4163     0212                     TMR3L           equ	530	;# 
  4164     0213                     TMR3H           equ	531	;# 
  4165     0214                     T3CON           equ	532	;# 
  4166     0214                     TMR3CON         equ	532	;# 
  4167     0215                     T3GCON          equ	533	;# 
  4168     0215                     TMR3GCON        equ	533	;# 
  4169     0216                     T3GATE          equ	534	;# 
  4170     0216                     TMR3GATE        equ	534	;# 
  4171     0217                     T3CLK           equ	535	;# 
  4172     0217                     TMR3CLK         equ	535	;# 
  4173     0217                     PR3             equ	535	;# 
  4174     0218                     TMR5            equ	536	;# 
  4175     0218                     TMR5L           equ	536	;# 
  4176     0219                     TMR5H           equ	537	;# 
  4177     021A                     T5CON           equ	538	;# 
  4178     021A                     TMR5CON         equ	538	;# 
  4179     021B                     T5GCON          equ	539	;# 
  4180     021B                     TMR5GCON        equ	539	;# 
  4181     021C                     T5GATE          equ	540	;# 
  4182     021C                     TMR5GATE        equ	540	;# 
  4183     021D                     T5CLK           equ	541	;# 
  4184     021D                     TMR5CLK         equ	541	;# 
  4185     021D                     PR5             equ	541	;# 
  4186     021E                     CCPTMRS0        equ	542	;# 
  4187     021F                     CCPTMRS1        equ	543	;# 
  4188     028C                     T2TMR           equ	652	;# 
  4189     028C                     TMR2            equ	652	;# 
  4190     028D                     T2PR            equ	653	;# 
  4191     028D                     PR2             equ	653	;# 
  4192     028E                     T2CON           equ	654	;# 
  4193     028F                     T2HLT           equ	655	;# 
  4194     0290                     T2CLKCON        equ	656	;# 
  4195     0291                     T2RST           equ	657	;# 
  4196     0292                     T4TMR           equ	658	;# 
  4197     0292                     TMR4            equ	658	;# 
  4198     0293                     T4PR            equ	659	;# 
  4199     0293                     PR4             equ	659	;# 
  4200     0294                     T4CON           equ	660	;# 
  4201     0295                     T4HLT           equ	661	;# 
  4202     0296                     T4CLKCON        equ	662	;# 
  4203     0297                     T4RST           equ	663	;# 
  4204     0298                     T6TMR           equ	664	;# 
  4205     0298                     TMR6            equ	664	;# 
  4206     0299                     T6PR            equ	665	;# 
  4207     0299                     PR6             equ	665	;# 
  4208     029A                     T6CON           equ	666	;# 
  4209     029B                     T6HLT           equ	667	;# 
  4210     029C                     T6CLKCON        equ	668	;# 
  4211     029D                     T6RST           equ	669	;# 
  4212     029F                     ADCPCON0        equ	671	;# 
  4213     030C                     CCPR1           equ	780	;# 
  4214     030C                     CCPR1L          equ	780	;# 
  4215     030D                     CCPR1H          equ	781	;# 
  4216     030E                     CCP1CON         equ	782	;# 
  4217     030F                     CCP1CAP         equ	783	;# 
  4218     0310                     CCPR2           equ	784	;# 
  4219     0310                     CCPR2L          equ	784	;# 
  4220     0311                     CCPR2H          equ	785	;# 
  4221     0312                     CCP2CON         equ	786	;# 
  4222     0313                     CCP2CAP         equ	787	;# 
  4223     0314                     CCPR3           equ	788	;# 
  4224     0314                     CCPR3L          equ	788	;# 
  4225     0315                     CCPR3H          equ	789	;# 
  4226     0316                     CCP3CON         equ	790	;# 
  4227     0317                     CCP3CAP         equ	791	;# 
  4228     0318                     CCPR4           equ	792	;# 
  4229     0318                     CCPR4L          equ	792	;# 
  4230     0319                     CCPR4H          equ	793	;# 
  4231     031A                     CCP4CON         equ	794	;# 
  4232     031B                     CCP4CAP         equ	795	;# 
  4233     038C                     PWM6DC          equ	908	;# 
  4234     038C                     PWM6DCL         equ	908	;# 
  4235     038D                     PWM6DCH         equ	909	;# 
  4236     038E                     PWM6CON         equ	910	;# 
  4237     0390                     PWM7DC          equ	912	;# 
  4238     0390                     PWM7DCL         equ	912	;# 
  4239     0391                     PWM7DCH         equ	913	;# 
  4240     0392                     PWM7CON         equ	914	;# 
  4241     048C                     SMT1TMR         equ	1164	;# 
  4242     048C                     SMT1TMRL        equ	1164	;# 
  4243     048D                     SMT1TMRH        equ	1165	;# 
  4244     048E                     SMT1TMRU        equ	1166	;# 
  4245     048F                     SMT1CPR         equ	1167	;# 
  4246     048F                     SMT1CPRL        equ	1167	;# 
  4247     0490                     SMT1CPRH        equ	1168	;# 
  4248     0491                     SMT1CPRU        equ	1169	;# 
  4249     0492                     SMT1CPW         equ	1170	;# 
  4250     0492                     SMT1CPWL        equ	1170	;# 
  4251     0493                     SMT1CPWH        equ	1171	;# 
  4252     0494                     SMT1CPWU        equ	1172	;# 
  4253     0495                     SMT1PR          equ	1173	;# 
  4254     0495                     SMT1PRL         equ	1173	;# 
  4255     0496                     SMT1PRH         equ	1174	;# 
  4256     0497                     SMT1PRU         equ	1175	;# 
  4257     0498                     SMT1CON0        equ	1176	;# 
  4258     0499                     SMT1CON1        equ	1177	;# 
  4259     049A                     SMT1STAT        equ	1178	;# 
  4260     049B                     SMT1CLK         equ	1179	;# 
  4261     049C                     SMT1SIG         equ	1180	;# 
  4262     049D                     SMT1WIN         equ	1181	;# 
  4263     058C                     NCO1ACC         equ	1420	;# 
  4264     058C                     NCO1ACCL        equ	1420	;# 
  4265     058D                     NCO1ACCH        equ	1421	;# 
  4266     058E                     NCO1ACCU        equ	1422	;# 
  4267     058F                     NCO1INC         equ	1423	;# 
  4268     058F                     NCO1INCL        equ	1423	;# 
  4269     0590                     NCO1INCH        equ	1424	;# 
  4270     0591                     NCO1INCU        equ	1425	;# 
  4271     0592                     NCO1CON         equ	1426	;# 
  4272     0593                     NCO1CLK         equ	1427	;# 
  4273     059C                     TMR0L           equ	1436	;# 
  4274     059C                     TMR0            equ	1436	;# 
  4275     059D                     TMR0H           equ	1437	;# 
  4276     059D                     PR0             equ	1437	;# 
  4277     059E                     T0CON0          equ	1438	;# 
  4278     059F                     T0CON1          equ	1439	;# 
  4279     060C                     CWG1CLK         equ	1548	;# 
  4280     060C                     CWG1CLKCON      equ	1548	;# 
  4281     060D                     CWG1ISM         equ	1549	;# 
  4282     060D                     CWG1DAT         equ	1549	;# 
  4283     060E                     CWG1DBR         equ	1550	;# 
  4284     060F                     CWG1DBF         equ	1551	;# 
  4285     0610                     CWG1CON0        equ	1552	;# 
  4286     0611                     CWG1CON1        equ	1553	;# 
  4287     0612                     CWG1AS0         equ	1554	;# 
  4288     0613                     CWG1AS1         equ	1555	;# 
  4289     0614                     CWG1STR         equ	1556	;# 
  4290     0616                     CWG2CLK         equ	1558	;# 
  4291     0616                     CWG2CLKCON      equ	1558	;# 
  4292     0617                     CWG2ISM         equ	1559	;# 
  4293     0617                     CWG2DAT         equ	1559	;# 
  4294     0618                     CWG2DBR         equ	1560	;# 
  4295     0619                     CWG2DBF         equ	1561	;# 
  4296     061A                     CWG2CON0        equ	1562	;# 
  4297     061B                     CWG2CON1        equ	1563	;# 
  4298     061C                     CWG2AS0         equ	1564	;# 
  4299     061D                     CWG2AS1         equ	1565	;# 
  4300     061E                     CWG2STR         equ	1566	;# 
  4301     070C                     PIR0            equ	1804	;# 
  4302     070D                     PIR1            equ	1805	;# 
  4303     070E                     PIR2            equ	1806	;# 
  4304     070F                     PIR3            equ	1807	;# 
  4305     0710                     PIR4            equ	1808	;# 
  4306     0711                     PIR5            equ	1809	;# 
  4307     0712                     PIR6            equ	1810	;# 
  4308     0713                     PIR7            equ	1811	;# 
  4309     0714                     PIR8            equ	1812	;# 
  4310     0716                     PIE0            equ	1814	;# 
  4311     0717                     PIE1            equ	1815	;# 
  4312     0718                     PIE2            equ	1816	;# 
  4313     0719                     PIE3            equ	1817	;# 
  4314     071A                     PIE4            equ	1818	;# 
  4315     071B                     PIE5            equ	1819	;# 
  4316     071C                     PIE6            equ	1820	;# 
  4317     071D                     PIE7            equ	1821	;# 
  4318     071E                     PIE8            equ	1822	;# 
  4319     0796                     PMD0            equ	1942	;# 
  4320     0797                     PMD1            equ	1943	;# 
  4321     0798                     PMD2            equ	1944	;# 
  4322     0799                     PMD3            equ	1945	;# 
  4323     079A                     PMD4            equ	1946	;# 
  4324     079B                     PMD5            equ	1947	;# 
  4325     079C                     PMD6            equ	1948	;# 
  4326     079D                     PMD7            equ	1949	;# 
  4327     080C                     WDTCON0         equ	2060	;# 
  4328     080D                     WDTCON1         equ	2061	;# 
  4329     080E                     WDTPSL          equ	2062	;# 
  4330     080F                     WDTPSH          equ	2063	;# 
  4331     0810                     WDTTMR          equ	2064	;# 
  4332     0811                     BORCON          equ	2065	;# 
  4333     0812                     VREGCON         equ	2066	;# 
  4334     0813                     PCON0           equ	2067	;# 
  4335     0814                     PCON1           equ	2068	;# 
  4336     081A                     NVMADR          equ	2074	;# 
  4337     081A                     NVMADRL         equ	2074	;# 
  4338     081B                     NVMADRH         equ	2075	;# 
  4339     081C                     NVMDAT          equ	2076	;# 
  4340     081C                     NVMDATL         equ	2076	;# 
  4341     081D                     NVMDATH         equ	2077	;# 
  4342     081E                     NVMCON1         equ	2078	;# 
  4343     081F                     NVMCON2         equ	2079	;# 
  4344     088C                     CPUDOZE         equ	2188	;# 
  4345     088D                     OSCCON1         equ	2189	;# 
  4346     088E                     OSCCON2         equ	2190	;# 
  4347     088F                     OSCCON3         equ	2191	;# 
  4348     0890                     OSCSTAT         equ	2192	;# 
  4349     0891                     OSCEN           equ	2193	;# 
  4350     0892                     OSCTUNE         equ	2194	;# 
  4351     0893                     OSCFRQ          equ	2195	;# 
  4352     0895                     CLKRCON         equ	2197	;# 
  4353     0896                     CLKRCLK         equ	2198	;# 
  4354     0897                     MD1CON0         equ	2199	;# 
  4355     0898                     MD1CON1         equ	2200	;# 
  4356     0899                     MD1SRC          equ	2201	;# 
  4357     089A                     MD1CARL         equ	2202	;# 
  4358     089B                     MD1CARH         equ	2203	;# 
  4359     090C                     FVRCON          equ	2316	;# 
  4360     090E                     DAC1CON0        equ	2318	;# 
  4361     090F                     DAC1CON1        equ	2319	;# 
  4362     091F                     ZCDCON          equ	2335	;# 
  4363     098F                     CMOUT           equ	2447	;# 
  4364     098F                     CMSTAT          equ	2447	;# 
  4365     0990                     CM1CON0         equ	2448	;# 
  4366     0991                     CM1CON1         equ	2449	;# 
  4367     0992                     CM1NCH          equ	2450	;# 
  4368     0993                     CM1PCH          equ	2451	;# 
  4369     0994                     CM2CON0         equ	2452	;# 
  4370     0995                     CM2CON1         equ	2453	;# 
  4371     0996                     CM2NCH          equ	2454	;# 
  4372     0997                     CM2PCH          equ	2455	;# 
  4373     1E0F                     CLCDATA         equ	7695	;# 
  4374     1E10                     CLC1CON         equ	7696	;# 
  4375     1E11                     CLC1POL         equ	7697	;# 
  4376     1E12                     CLC1SEL0        equ	7698	;# 
  4377     1E13                     CLC1SEL1        equ	7699	;# 
  4378     1E14                     CLC1SEL2        equ	7700	;# 
  4379     1E15                     CLC1SEL3        equ	7701	;# 
  4380     1E16                     CLC1GLS0        equ	7702	;# 
  4381     1E17                     CLC1GLS1        equ	7703	;# 
  4382     1E18                     CLC1GLS2        equ	7704	;# 
  4383     1E19                     CLC1GLS3        equ	7705	;# 
  4384     1E1A                     CLC2CON         equ	7706	;# 
  4385     1E1B                     CLC2POL         equ	7707	;# 
  4386     1E1C                     CLC2SEL0        equ	7708	;# 
  4387     1E1D                     CLC2SEL1        equ	7709	;# 
  4388     1E1E                     CLC2SEL2        equ	7710	;# 
  4389     1E1F                     CLC2SEL3        equ	7711	;# 
  4390     1E20                     CLC2GLS0        equ	7712	;# 
  4391     1E21                     CLC2GLS1        equ	7713	;# 
  4392     1E22                     CLC2GLS2        equ	7714	;# 
  4393     1E23                     CLC2GLS3        equ	7715	;# 
  4394     1E24                     CLC3CON         equ	7716	;# 
  4395     1E25                     CLC3POL         equ	7717	;# 
  4396     1E26                     CLC3SEL0        equ	7718	;# 
  4397     1E27                     CLC3SEL1        equ	7719	;# 
  4398     1E28                     CLC3SEL2        equ	7720	;# 
  4399     1E29                     CLC3SEL3        equ	7721	;# 
  4400     1E2A                     CLC3GLS0        equ	7722	;# 
  4401     1E2B                     CLC3GLS1        equ	7723	;# 
  4402     1E2C                     CLC3GLS2        equ	7724	;# 
  4403     1E2D                     CLC3GLS3        equ	7725	;# 
  4404     1E2E                     CLC4CON         equ	7726	;# 
  4405     1E2F                     CLC4POL         equ	7727	;# 
  4406     1E30                     CLC4SEL0        equ	7728	;# 
  4407     1E31                     CLC4SEL1        equ	7729	;# 
  4408     1E32                     CLC4SEL2        equ	7730	;# 
  4409     1E33                     CLC4SEL3        equ	7731	;# 
  4410     1E34                     CLC4GLS0        equ	7732	;# 
  4411     1E35                     CLC4GLS1        equ	7733	;# 
  4412     1E36                     CLC4GLS2        equ	7734	;# 
  4413     1E37                     CLC4GLS3        equ	7735	;# 
  4414     1E8F                     PPSLOCK         equ	7823	;# 
  4415     1E90                     INTPPS          equ	7824	;# 
  4416     1E91                     T0CKIPPS        equ	7825	;# 
  4417     1E92                     T1CKIPPS        equ	7826	;# 
  4418     1E93                     T1GPPS          equ	7827	;# 
  4419     1E94                     T3CKIPPS        equ	7828	;# 
  4420     1E95                     T3GPPS          equ	7829	;# 
  4421     1E96                     T5CKIPPS        equ	7830	;# 
  4422     1E97                     T5GPPS          equ	7831	;# 
  4423     1E9C                     T2INPPS         equ	7836	;# 
  4424     1E9D                     T4INPPS         equ	7837	;# 
  4425     1E9E                     T6INPPS         equ	7838	;# 
  4426     1EA1                     CCP1PPS         equ	7841	;# 
  4427     1EA2                     CCP2PPS         equ	7842	;# 
  4428     1EA3                     CCP3PPS         equ	7843	;# 
  4429     1EA4                     CCP4PPS         equ	7844	;# 
  4430     1EA9                     SMT1WINPPS      equ	7849	;# 
  4431     1EAA                     SMT1SIGPPS      equ	7850	;# 
  4432     1EB1                     CWG1PPS         equ	7857	;# 
  4433     1EB2                     CWG2PPS         equ	7858	;# 
  4434     1EB8                     MDCARLPPS       equ	7864	;# 
  4435     1EB9                     MDCARHPPS       equ	7865	;# 
  4436     1EBA                     MDSRCPPS        equ	7866	;# 
  4437     1EBB                     CLCIN0PPS       equ	7867	;# 
  4438     1EBC                     CLCIN1PPS       equ	7868	;# 
  4439     1EBD                     CLCIN2PPS       equ	7869	;# 
  4440     1EBE                     CLCIN3PPS       equ	7870	;# 
  4441     1EC3                     ADACTPPS        equ	7875	;# 
  4442     1EC5                     SSP1CLKPPS      equ	7877	;# 
  4443     1EC6                     SSP1DATPPS      equ	7878	;# 
  4444     1EC7                     SSP1SSPPS       equ	7879	;# 
  4445     1EC8                     SSP2CLKPPS      equ	7880	;# 
  4446     1EC9                     SSP2DATPPS      equ	7881	;# 
  4447     1ECA                     SSP2SSPPS       equ	7882	;# 
  4448     1ECB                     RX1PPS          equ	7883	;# 
  4449     1ECC                     CK1PPS          equ	7884	;# 
  4450     1F10                     RA0PPS          equ	7952	;# 
  4451     1F11                     RA1PPS          equ	7953	;# 
  4452     1F12                     RA2PPS          equ	7954	;# 
  4453     1F14                     RA4PPS          equ	7956	;# 
  4454     1F15                     RA5PPS          equ	7957	;# 
  4455     1F20                     RC0PPS          equ	7968	;# 
  4456     1F21                     RC1PPS          equ	7969	;# 
  4457     1F22                     RC2PPS          equ	7970	;# 
  4458     1F23                     RC3PPS          equ	7971	;# 
  4459     1F24                     RC4PPS          equ	7972	;# 
  4460     1F25                     RC5PPS          equ	7973	;# 
  4461     1F38                     ANSELA          equ	7992	;# 
  4462     1F39                     WPUA            equ	7993	;# 
  4463     1F3A                     ODCONA          equ	7994	;# 
  4464     1F3B                     SLRCONA         equ	7995	;# 
  4465     1F3C                     INLVLA          equ	7996	;# 
  4466     1F3D                     IOCAP           equ	7997	;# 
  4467     1F3E                     IOCAN           equ	7998	;# 
  4468     1F3F                     IOCAF           equ	7999	;# 
  4469     1F4E                     ANSELC          equ	8014	;# 
  4470     1F4F                     WPUC            equ	8015	;# 
  4471     1F50                     ODCONC          equ	8016	;# 
  4472     1F51                     SLRCONC         equ	8017	;# 
  4473     1F52                     INLVLC          equ	8018	;# 
  4474     1F53                     IOCCP           equ	8019	;# 
  4475     1F54                     IOCCN           equ	8020	;# 
  4476     1F55                     IOCCF           equ	8021	;# 
  4477     1FE4                     STATUS_SHAD     equ	8164	;# 
  4478     1FE5                     WREG_SHAD       equ	8165	;# 
  4479     1FE6                     BSR_SHAD        equ	8166	;# 
  4480     1FE7                     PCLATH_SHAD     equ	8167	;# 
  4481     1FE8                     FSR0_SHAD       equ	8168	;# 
  4482     1FE8                     FSR0L_SHAD      equ	8168	;# 
  4483     1FE9                     FSR0H_SHAD      equ	8169	;# 
  4484     1FEA                     FSR1L_SHAD      equ	8170	;# 
  4485     1FEB                     FSR1H_SHAD      equ	8171	;# 
  4486     1FED                     STKPTR          equ	8173	;# 
  4487     1FEE                     TOSL            equ	8174	;# 
  4488     1FEF                     TOSH            equ	8175	;# 
  4489                           
  4490 ;; Function _TMR1_DefaultInterruptHandler is unused but had its address taken
  4491     0000                     _TMR1_DefaultInterruptHandler equ	0
  4492                           
  4493                           	psect	idataCOMMON
  4494     02E1                     __pidataCOMMON:
  4495                           
  4496                           ;initializer for _motor
  4497     02E1  34A0               	retlw	low _motor_data
  4498                           
  4499                           	psect	nvBANK0
  4500     005B                     __pnvBANK0:
  4501     005B                     _EUSART1_ErrorHandler:
  4502     005B                     	ds	2
  4503     005D                     _EUSART1_OverrunErrorHandler:
  4504     005D                     	ds	2
  4505     005F                     _EUSART1_FramingErrorHandler:
  4506     005F                     	ds	2
  4507     0061                     _TMR1_InterruptHandler:
  4508     0061                     	ds	2
  4509     0063                     _EUSART1_RxDefaultInterruptHandler:
  4510     0063                     	ds	2
  4511     0065                     _EUSART1_TxDefaultInterruptHandler:
  4512     0065                     	ds	2
  4513     000E                     _PORTCbits      set	14
  4514     001A                     _LATCbits       set	26
  4515     0014                     _TRISC          set	20
  4516     0012                     _TRISA          set	18
  4517     001A                     _LATC           set	26
  4518     0018                     _LATA           set	24
  4519     000B                     _INTCONbits     set	11
  4520     0119                     _RC1REG         set	281
  4521     011D                     _RC1STAbits     set	285
  4522     011A                     _TX1REG         set	282
  4523     011E                     _TX1STAbits     set	286
  4524     011C                     _SP1BRGH        set	284
  4525     011B                     _SP1BRGL        set	283
  4526     011E                     _TX1STA         set	286
  4527     011D                     _RC1STA         set	285
  4528     011F                     _BAUD1CON       set	287
  4529     020F                     _T1GCONbits     set	527
  4530     020E                     _T1CONbits      set	526
  4531     020E                     _T1CON          set	526
  4532     020C                     _TMR1L          set	524
  4533     020D                     _TMR1H          set	525
  4534     0211                     _T1CLK          set	529
  4535     0210                     _T1GATE         set	528
  4536     020F                     _T1GCON         set	527
  4537     0592                     _NCO1CONbits    set	1426
  4538     058F                     _NCO1INCL       set	1423
  4539     0590                     _NCO1INCH       set	1424
  4540     0591                     _NCO1INCU       set	1425
  4541     058C                     _NCO1ACCL       set	1420
  4542     058D                     _NCO1ACCH       set	1421
  4543     058E                     _NCO1ACCU       set	1422
  4544     0593                     _NCO1CLK        set	1427
  4545     0592                     _NCO1CON        set	1426
  4546     0710                     _PIR4bits       set	1808
  4547     071A                     _PIE4bits       set	1818
  4548     070F                     _PIR3bits       set	1807
  4549     0719                     _PIE3bits       set	1817
  4550     0713                     _PIR7bits       set	1811
  4551     071D                     _PIE7bits       set	1821
  4552     079D                     _PMD7           set	1949
  4553     079C                     _PMD6           set	1948
  4554     079B                     _PMD5           set	1947
  4555     079A                     _PMD4           set	1946
  4556     0799                     _PMD3           set	1945
  4557     0798                     _PMD2           set	1944
  4558     0797                     _PMD1           set	1943
  4559     0796                     _PMD0           set	1942
  4560     0892                     _OSCTUNE        set	2194
  4561     0893                     _OSCFRQ         set	2195
  4562     0891                     _OSCEN          set	2193
  4563     088F                     _OSCCON3        set	2191
  4564     088D                     _OSCCON1        set	2189
  4565     1ECB                     _RX1PPS         set	7883
  4566     1F24                     _RC4PPS         set	7972
  4567     1F20                     _RC0PPS         set	7968
  4568     1F52                     _INLVLC         set	8018
  4569     1F3C                     _INLVLA         set	7996
  4570     1F51                     _SLRCONC        set	8017
  4571     1F3B                     _SLRCONA        set	7995
  4572     1F50                     _ODCONC         set	8016
  4573     1F3A                     _ODCONA         set	7994
  4574     1F4F                     _WPUC           set	8015
  4575     1F39                     _WPUA           set	7993
  4576     1F38                     _ANSELA         set	7992
  4577     1F4E                     _ANSELC         set	8014
  4578                           
  4579                           	psect	stringtext1
  4580     02D9                     __pstringtext1:
  4581     02D9                     STR_3:
  4582     02D9  3446               	retlw	70	;'F'
  4583     02DA  3400               	retlw	0
  4584                           
  4585                           	psect	stringtext2
  4586     02DB                     __pstringtext2:
  4587     02DB                     STR_4:
  4588     02DB  344D               	retlw	77	;'M'
  4589     02DC  3400               	retlw	0
  4590                           
  4591                           	psect	stringtext3
  4592     02DD                     __pstringtext3:
  4593     02DD                     STR_2:
  4594     02DD  3452               	retlw	82	;'R'
  4595     02DE  3400               	retlw	0
  4596                           
  4597                           	psect	stringtext4
  4598     02DF                     __pstringtext4:
  4599     02DF                     STR_1:
  4600     02DF  3453               	retlw	83	;'S'
  4601     02E0  3400               	retlw	0
  4602                           
  4603                           	psect	stringtext5
  4604     0000                     __pstringtext5:
  4605                           
  4606                           	psect	cinit
  4607     0048                     start_initialization:	
  4608                           ; #config settings
  4609                           
  4610     0048                     __initialization:
  4611                           
  4612                           ; Initialize objects allocated to COMMON
  4613     0048  3182  22E1  3180   	fcall	__pidataCOMMON	;fetch initializer
  4614     004B  00FB               	movwf	__pdataCOMMON& (0+127)
  4615                           
  4616                           ; Clear objects allocated to COMMON
  4617     004C  3070               	movlw	low __pbssCOMMON
  4618     004D  0084               	movwf	4
  4619     004E  3000               	movlw	high __pbssCOMMON
  4620     004F  0085               	movwf	5
  4621     0050  3008               	movlw	8
  4622     0051  3182  22A4  3180   	fcall	clear_ram0
  4623                           
  4624                           ; Clear objects allocated to BANK0
  4625     0054  3040               	movlw	low __pbssBANK0
  4626     0055  0084               	movwf	4
  4627     0056  3000               	movlw	high __pbssBANK0
  4628     0057  0085               	movwf	5
  4629     0058  301B               	movlw	27
  4630     0059  3182  22A4  3180   	fcall	clear_ram0
  4631                           
  4632                           ; Clear objects allocated to BANK1
  4633     005C  30A0               	movlw	low __pbssBANK1
  4634     005D  0084               	movwf	4
  4635     005E  3000               	movlw	high __pbssBANK1
  4636     005F  0085               	movwf	5
  4637     0060  301F               	movlw	31
  4638     0061  3182  22A4  3180   	fcall	clear_ram0
  4639     0064                     end_of_initialization:	
  4640                           ;End of C runtime variable initialization code
  4641                           
  4642     0064                     __end_of__initialization:
  4643     0064  107E               	bcf	int$flags,0	;clear compiler interrupt flag (level 1)
  4644     0065  0140               	movlb	0
  4645     0066  3182  2A8C         	ljmp	_main	;jump to C main() function
  4646                           
  4647                           	psect	bssCOMMON
  4648     0070                     __pbssCOMMON:
  4649     0070                     _timer1ReloadVal:
  4650     0070                     	ds	2
  4651     0072                     _eusart1RxCount:
  4652     0072                     	ds	1
  4653     0073                     _eusart1RxTail:
  4654     0073                     	ds	1
  4655     0074                     _eusart1RxHead:
  4656     0074                     	ds	1
  4657     0075                     _eusart1TxBufferRemaining:
  4658     0075                     	ds	1
  4659     0076                     _eusart1TxTail:
  4660     0076                     	ds	1
  4661     0077                     _eusart1TxHead:
  4662     0077                     	ds	1
  4663                           
  4664                           	psect	dataCOMMON
  4665     007B                     __pdataCOMMON:
  4666     007B                     _motor:
  4667     007B                     	ds	1
  4668                           
  4669                           	psect	bssBANK0
  4670     0040                     __pbssBANK0:
  4671     0040                     _eusart1RxStatusBuffer:
  4672     0040                     	ds	8
  4673     0048                     _eusart1RxBuffer:
  4674     0048                     	ds	8
  4675     0050                     _eusart1TxBuffer:
  4676     0050                     	ds	8
  4677     0058                     _debug_value:
  4678     0058                     	ds	2
  4679     005A                     _eusart1RxLastError:
  4680     005A                     	ds	1
  4681                           
  4682                           	psect	bssBANK1
  4683     00A0                     __pbssBANK1:
  4684     00A0                     _motor_data:
  4685     00A0                     	ds	31
  4686                           
  4687                           	psect	clrtext
  4688     02A4                     clear_ram0:	
  4689                           ;	Called with FSR0 containing the base address, and
  4690                           ;	WREG with the size to clear
  4691                           
  4692     02A4  0064               	clrwdt	;clear the watchdog before getting into this loop
  4693     02A5                     clrloop0:
  4694     02A5  0180               	clrf	0	;clear RAM location pointed to by FSR
  4695     02A6  3101               	addfsr 0,1
  4696     02A7  0B89               	decfsz	9,f	;Have we reached the end of clearing yet?
  4697     02A8  2AA5               	goto	clrloop0	;have we reached the end yet?
  4698     02A9  3400               	retlw	0	;all done for this memory range, return
  4699                           
  4700                           	psect	cstackCOMMON
  4701     0078                     __pcstackCOMMON:
  4702     0078                     ?_NCO1_ISR:
  4703     0078                     ?_TMR1_ISR:	
  4704                           ; 1 bytes @ 0x0
  4705                           
  4706     0078                     ?_Serial_Timer100msISR:	
  4707                           ; 1 bytes @ 0x0
  4708                           
  4709     0078                     ?_EUSART1_Receive_ISR:	
  4710                           ; 1 bytes @ 0x0
  4711                           
  4712     0078                     ?_EUSART1_Transmit_ISR:	
  4713                           ; 1 bytes @ 0x0
  4714                           
  4715     0078                     ?_EUSART1_DefaultFramingErrorHandler:	
  4716                           ; 1 bytes @ 0x0
  4717                           
  4718     0078                     ?_EUSART1_DefaultOverrunErrorHandler:	
  4719                           ; 1 bytes @ 0x0
  4720                           
  4721     0078                     ?_EUSART1_DefaultErrorHandler:	
  4722                           ; 1 bytes @ 0x0
  4723                           
  4724     0078                     ?_EUSART1_RxDataHandler:	
  4725                           ; 1 bytes @ 0x0
  4726                           
  4727     0078                     ?_PMD_Initialize:	
  4728                           ; 1 bytes @ 0x0
  4729                           
  4730     0078                     ?_OSCILLATOR_Initialize:	
  4731                           ; 1 bytes @ 0x0
  4732                           
  4733     0078                     ?_INTERRUPT_InterruptManager:	
  4734                           ; 1 bytes @ 0x0
  4735                           
  4736     0078                     ?_TMR1_Initialize:	
  4737                           ; 1 bytes @ 0x0
  4738                           
  4739     0078                     ?_TMR1_WriteTimer:	
  4740                           ; 1 bytes @ 0x0
  4741                           
  4742     0078                     ?_PIN_MANAGER_Initialize:	
  4743                           ; 1 bytes @ 0x0
  4744                           
  4745     0078                     ?_EUSART1_Initialize:	
  4746                           ; 1 bytes @ 0x0
  4747                           
  4748     0078                     ?_EUSART1_is_tx_ready:	
  4749                           ; 1 bytes @ 0x0
  4750                           
  4751     0078                     ?_EUSART1_Write:	
  4752                           ; 1 bytes @ 0x0
  4753                           
  4754     0078                     ?_NCO1_Initialize:	
  4755                           ; 1 bytes @ 0x0
  4756                           
  4757     0078                     ?_SYSTEM_Initialize:	
  4758                           ; 1 bytes @ 0x0
  4759                           
  4760     0078                     ?_main:	
  4761                           ; 1 bytes @ 0x0
  4762                           
  4763     0078                     EUSART1_Write@txData:	
  4764                           ; 1 bytes @ 0x0
  4765                           
  4766     0078                     TMR1_WriteTimer@timerVal:	
  4767                           ; 1 bytes @ 0x0
  4768                           
  4769     0078                     ??_NCO1_ISR:	
  4770                           ; 2 bytes @ 0x0
  4771                           
  4772     0078                     ??_EUSART1_Receive_ISR:	
  4773                           ; 1 bytes @ 0x0
  4774                           
  4775     0078                     ??_EUSART1_Transmit_ISR:	
  4776                           ; 1 bytes @ 0x0
  4777                           
  4778     0078                     ??_EUSART1_DefaultFramingErrorHandler:	
  4779                           ; 1 bytes @ 0x0
  4780                           
  4781     0078                     ??_EUSART1_DefaultOverrunErrorHandler:	
  4782                           ; 1 bytes @ 0x0
  4783                           
  4784     0078                     ??_EUSART1_DefaultErrorHandler:	
  4785                           ; 1 bytes @ 0x0
  4786                           
  4787     0078                     ??_EUSART1_RxDataHandler:	
  4788                           ; 1 bytes @ 0x0
  4789                           
  4790     0078                     ??_EUSART1_is_tx_ready:	
  4791                           ; 1 bytes @ 0x0
  4792                           
  4793     0078                     ??_EUSART1_Write:	
  4794                           ; 1 bytes @ 0x0
  4795                           
  4796                           
  4797                           ; 1 bytes @ 0x0
  4798     0078                     	ds	1
  4799     0079                     ?_SerialSendData:
  4800     0079                     SerialSendData@value:	
  4801                           ; 1 bytes @ 0x1
  4802                           
  4803                           
  4804                           ; 2 bytes @ 0x1
  4805     0079                     	ds	1
  4806     007A                     ??_TMR1_WriteTimer:
  4807                           
  4808                           ; 1 bytes @ 0x2
  4809     007A                     	ds	1
  4810     007B                     ??_TMR1_ISR:
  4811     007B                     ??_Serial_Timer100msISR:	
  4812                           ; 1 bytes @ 0x3
  4813                           
  4814     007B                     ??_INTERRUPT_InterruptManager:	
  4815                           ; 1 bytes @ 0x3
  4816                           
  4817     007B                     ??_SerialSendData:	
  4818                           ; 1 bytes @ 0x3
  4819                           
  4820                           
  4821                           	psect	cstackBANK0
  4822     0020                     __pcstackBANK0:	
  4823                           ; 1 bytes @ 0x3
  4824                           
  4825     0020                     ?_TMR1_SetInterruptHandler:
  4826     0020                     ?_EUSART1_SetRxInterruptHandler:	
  4827                           ; 1 bytes @ 0x0
  4828                           
  4829     0020                     ?_EUSART1_SetTxInterruptHandler:	
  4830                           ; 1 bytes @ 0x0
  4831                           
  4832     0020                     ?_EUSART1_SetFramingErrorHandler:	
  4833                           ; 1 bytes @ 0x0
  4834                           
  4835     0020                     ?_EUSART1_SetOverrunErrorHandler:	
  4836                           ; 1 bytes @ 0x0
  4837                           
  4838     0020                     ?_EUSART1_SetErrorHandler:	
  4839                           ; 1 bytes @ 0x0
  4840                           
  4841     0020                     ?_MotorInit:	
  4842                           ; 1 bytes @ 0x0
  4843                           
  4844     0020                     MotorInit@motor:	
  4845                           ; 1 bytes @ 0x0
  4846                           
  4847     0020                     TMR1_SetInterruptHandler@InterruptHandler:	
  4848                           ; 1 bytes @ 0x0
  4849                           
  4850     0020                     EUSART1_SetFramingErrorHandler@interruptHandler:	
  4851                           ; 2 bytes @ 0x0
  4852                           
  4853     0020                     EUSART1_SetOverrunErrorHandler@interruptHandler:	
  4854                           ; 2 bytes @ 0x0
  4855                           
  4856     0020                     EUSART1_SetErrorHandler@interruptHandler:	
  4857                           ; 2 bytes @ 0x0
  4858                           
  4859     0020                     EUSART1_SetTxInterruptHandler@interruptHandler:	
  4860                           ; 2 bytes @ 0x0
  4861                           
  4862     0020                     EUSART1_SetRxInterruptHandler@interruptHandler:	
  4863                           ; 2 bytes @ 0x0
  4864                           
  4865     0020                     ??_PMD_Initialize:	
  4866                           ; 2 bytes @ 0x0
  4867                           
  4868     0020                     ??_OSCILLATOR_Initialize:	
  4869                           ; 1 bytes @ 0x0
  4870                           
  4871     0020                     ??_PIN_MANAGER_Initialize:	
  4872                           ; 1 bytes @ 0x0
  4873                           
  4874     0020                     ??_NCO1_Initialize:	
  4875                           ; 1 bytes @ 0x0
  4876                           
  4877                           
  4878                           ; 1 bytes @ 0x0
  4879     0020                     	ds	1
  4880     0021                     MotorInit@position_steps:
  4881                           
  4882                           ; 4 bytes @ 0x1
  4883     0021                     	ds	1
  4884     0022                     ??_TMR1_SetInterruptHandler:
  4885     0022                     ??_EUSART1_SetRxInterruptHandler:	
  4886                           ; 1 bytes @ 0x2
  4887                           
  4888     0022                     ??_EUSART1_SetTxInterruptHandler:	
  4889                           ; 1 bytes @ 0x2
  4890                           
  4891     0022                     ??_EUSART1_SetFramingErrorHandler:	
  4892                           ; 1 bytes @ 0x2
  4893                           
  4894     0022                     ??_EUSART1_SetOverrunErrorHandler:	
  4895                           ; 1 bytes @ 0x2
  4896                           
  4897     0022                     ??_EUSART1_SetErrorHandler:	
  4898                           ; 1 bytes @ 0x2
  4899                           
  4900     0022                     ??_TMR1_Initialize:	
  4901                           ; 1 bytes @ 0x2
  4902                           
  4903     0022                     ??_EUSART1_Initialize:	
  4904                           ; 1 bytes @ 0x2
  4905                           
  4906                           
  4907                           ; 1 bytes @ 0x2
  4908     0022                     	ds	3
  4909     0025                     MotorInit@absolute_position:
  4910                           
  4911                           ; 4 bytes @ 0x5
  4912     0025                     	ds	4
  4913     0029                     MotorInit@target_steps:
  4914                           
  4915                           ; 4 bytes @ 0x9
  4916     0029                     	ds	4
  4917     002D                     MotorInit@step_rate_hz:
  4918                           
  4919                           ; 4 bytes @ 0xD
  4920     002D                     	ds	4
  4921     0031                     MotorInit@direction:
  4922                           
  4923                           ; 1 bytes @ 0x11
  4924     0031                     	ds	1
  4925     0032                     MotorInit@moving:
  4926                           
  4927                           ; 1 bytes @ 0x12
  4928     0032                     	ds	1
  4929     0033                     MotorInit@movement_type:
  4930                           
  4931                           ; 1 bytes @ 0x13
  4932     0033                     	ds	1
  4933     0034                     MotorInit@steps_rev:
  4934                           
  4935                           ; 4 bytes @ 0x14
  4936     0034                     	ds	4
  4937     0038                     MotorInit@reduction:
  4938                           
  4939                           ; 4 bytes @ 0x18
  4940     0038                     	ds	4
  4941     003C                     MotorInit@microstepping:
  4942                           
  4943                           ; 4 bytes @ 0x1C
  4944     003C                     	ds	4
  4945     0040                     ??_MotorInit:
  4946     0040                     ??_SYSTEM_Initialize:	
  4947                           ; 1 bytes @ 0x20
  4948                           
  4949     0040                     ??_main:	
  4950                           ; 1 bytes @ 0x20
  4951                           
  4952                           
  4953                           	psect	maintext
  4954     028C                     __pmaintext:	
  4955                           ; 1 bytes @ 0x20
  4956 ;;
  4957 ;;Main: autosize = 0, tempsize = 0, incstack = 0, save=0
  4958 ;;
  4959 ;; *************** function _main *****************
  4960 ;; Defined at:
  4961 ;;		line 49 in file "main.c"
  4962 ;; Parameters:    Size  Location     Type
  4963 ;;		None
  4964 ;; Auto vars:     Size  Location     Type
  4965 ;;		None
  4966 ;; Return value:  Size  Location     Type
  4967 ;;                  1    wreg      void 
  4968 ;; Registers used:
  4969 ;;		wreg, fsr1l, fsr1h, status,2, status,0, pclath, cstack
  4970 ;; Tracked objects:
  4971 ;;		On entry : B3F/0
  4972 ;;		On exit  : 0/0
  4973 ;;		Unchanged: 0/0
  4974 ;; Data sizes:     COMMON   BANK0   BANK1   BANK2   BANK3   BANK4   BANK5   BANK6   BANK7   BANK8   BANK9  BANK10  BANK1
      +1  BANK12  BANK13  BANK14  BANK15  BANK16  BANK17  BANK18  BANK19  BANK20  BANK21  BANK22  BANK23  BANK24  BANK25
  4975 ;;      Params:         0       0       0       0       0       0       0       0       0       0       0       0       
      +0       0       0       0       0       0       0       0       0       0       0       0       0       0       0
  4976 ;;      Locals:         0       0       0       0       0       0       0       0       0       0       0       0       
      +0       0       0       0       0       0       0       0       0       0       0       0       0       0       0
  4977 ;;      Temps:          0       0       0       0       0       0       0       0       0       0       0       0       
      +0       0       0       0       0       0       0       0       0       0       0       0       0       0       0
  4978 ;;      Totals:         0       0       0       0       0       0       0       0       0       0       0       0       
      +0       0       0       0       0       0       0       0       0       0       0       0       0       0       0
  4979 ;;Total ram usage:        0 bytes
  4980 ;; Hardware stack levels required when called: 8
  4981 ;; This function calls:
  4982 ;;		_SYSTEM_Initialize
  4983 ;; This function is called by:
  4984 ;;		Startup code after reset
  4985 ;; This function uses a non-reentrant model
  4986 ;;
  4987                           
  4988     028C                     _main:	
  4989                           ;psect for function _main
  4990                           
  4991     028C                     l1947:	
  4992                           ;incstack = 0
  4993                           ; Regs used in _main: [wreg+fsr1l+fsr1h+status,2+status,0+pclath+cstack]
  4994                           
  4995                           
  4996                           ;main.c: 52:     SYSTEM_Initialize();
  4997     028C  3180  20CF  3182   	fcall	_SYSTEM_Initialize
  4998     028F                     l1949:
  4999                           
  5000                           ;main.c: 60:     (INTCONbits.GIE = 1);
  5001     028F  178B               	bsf	11,7	;volatile
  5002     0290                     l1951:
  5003                           
  5004                           ;main.c: 63:     (INTCONbits.PEIE = 1);
  5005     0290  170B               	bsf	11,6	;volatile
  5006     0291                     l499:	
  5007                           ;main.c: 71:     while (1)
  5008                           
  5009     0291                     l500:	
  5010                           ;main.c: 72:     {;main.c: 74:     }
  5011                           
  5012     0291  2A91               	goto	l499
  5013     0292  3180  2846         	ljmp	start
  5014     0294                     __end_of_main:
  5015                           
  5016                           	psect	text1
  5017     00CF                     __ptext1:	
  5018 ;; *************** function _SYSTEM_Initialize *****************
  5019 ;; Defined at:
  5020 ;;		line 50 in file "mcc_generated_files/mcc.c"
  5021 ;; Parameters:    Size  Location     Type
  5022 ;;		None
  5023 ;; Auto vars:     Size  Location     Type
  5024 ;;		None
  5025 ;; Return value:  Size  Location     Type
  5026 ;;                  1    wreg      void 
  5027 ;; Registers used:
  5028 ;;		wreg, fsr1l, fsr1h, status,2, status,0, pclath, cstack
  5029 ;; Tracked objects:
  5030 ;;		On entry : 0/0
  5031 ;;		On exit  : 0/0
  5032 ;;		Unchanged: 0/0
  5033 ;; Data sizes:     COMMON   BANK0   BANK1   BANK2   BANK3   BANK4   BANK5   BANK6   BANK7   BANK8   BANK9  BANK10  BANK1
      +1  BANK12  BANK13  BANK14  BANK15  BANK16  BANK17  BANK18  BANK19  BANK20  BANK21  BANK22  BANK23  BANK24  BANK25
  5034 ;;      Params:         0       0       0       0       0       0       0       0       0       0       0       0       
      +0       0       0       0       0       0       0       0       0       0       0       0       0       0       0
  5035 ;;      Locals:         0       0       0       0       0       0       0       0       0       0       0       0       
      +0       0       0       0       0       0       0       0       0       0       0       0       0       0       0
  5036 ;;      Temps:          0       0       0       0       0       0       0       0       0       0       0       0       
      +0       0       0       0       0       0       0       0       0       0       0       0       0       0       0
  5037 ;;      Totals:         0       0       0       0       0       0       0       0       0       0       0       0       
      +0       0       0       0       0       0       0       0       0       0       0       0       0       0       0
  5038 ;;Total ram usage:        0 bytes
  5039 ;; Hardware stack levels used: 1
  5040 ;; Hardware stack levels required when called: 7
  5041 ;; This function calls:
  5042 ;;		_EUSART1_Initialize
  5043 ;;		_MotorInit
  5044 ;;		_NCO1_Initialize
  5045 ;;		_OSCILLATOR_Initialize
  5046 ;;		_PIN_MANAGER_Initialize
  5047 ;;		_PMD_Initialize
  5048 ;;		_TMR1_Initialize
  5049 ;; This function is called by:
  5050 ;;		_main
  5051 ;; This function uses a non-reentrant model
  5052 ;;
  5053                           
  5054     00CF                     _SYSTEM_Initialize:	
  5055                           ;psect for function _SYSTEM_Initialize
  5056                           
  5057     00CF                     l1939:	
  5058                           ;incstack = 0
  5059                           ; Regs used in _SYSTEM_Initialize: [wreg+fsr1l+fsr1h+status,2+status,0+pclath+cstack]
  5060                           
  5061                           
  5062                           ;mcc_generated_files/mcc.c: 52:     PMD_Initialize();
  5063     00CF  3182  2279  3180   	fcall	_PMD_Initialize
  5064                           
  5065                           ;mcc_generated_files/mcc.c: 53:     PIN_MANAGER_Initialize();
  5066     00D2  3181  21C3  3180   	fcall	_PIN_MANAGER_Initialize
  5067                           
  5068                           ;mcc_generated_files/mcc.c: 54:     OSCILLATOR_Initialize();
  5069     00D5  3182  2283  3180   	fcall	_OSCILLATOR_Initialize
  5070                           
  5071                           ;mcc_generated_files/mcc.c: 55:     NCO1_Initialize();
  5072     00D8  3182  224A  3180   	fcall	_NCO1_Initialize
  5073     00DB                     l1941:
  5074                           
  5075                           ;mcc_generated_files/mcc.c: 56:     TMR1_Initialize();
  5076     00DB  3181  21E4  3180   	fcall	_TMR1_Initialize
  5077     00DE                     l1943:
  5078                           
  5079                           ;mcc_generated_files/mcc.c: 57:     EUSART1_Initialize();
  5080     00DE  3181  2123  3180   	fcall	_EUSART1_Initialize
  5081     00E1                     l1945:
  5082                           
  5083                           ;mcc_generated_files/mcc.c: 58:     MotorInit(&motor, 0, 0, 0, 1007, MOTOR_DIR_CW, 0, MV
      +                          _ABSOLUTE, 200, 6, 4);
  5084     00E1  307B               	movlw	(low (_motor| 0))& (0+255)
  5085     00E2  0140               	movlb	0	; select bank0
  5086     00E3  00A0               	movwf	MotorInit@motor
  5087     00E4  3000               	movlw	0
  5088     00E5  00A4               	movwf	MotorInit@position_steps+3
  5089     00E6  3000               	movlw	0
  5090     00E7  00A3               	movwf	MotorInit@position_steps+2
  5091     00E8  3000               	movlw	0
  5092     00E9  00A2               	movwf	MotorInit@position_steps+1
  5093     00EA  3000               	movlw	0
  5094     00EB  00A1               	movwf	MotorInit@position_steps
  5095     00EC  3000               	movlw	0
  5096     00ED  00A8               	movwf	MotorInit@absolute_position+3
  5097     00EE  3000               	movlw	0
  5098     00EF  00A7               	movwf	MotorInit@absolute_position+2
  5099     00F0  3000               	movlw	0
  5100     00F1  00A6               	movwf	MotorInit@absolute_position+1
  5101     00F2  3000               	movlw	0
  5102     00F3  00A5               	movwf	MotorInit@absolute_position
  5103     00F4  3000               	movlw	0
  5104     00F5  00AC               	movwf	MotorInit@target_steps+3
  5105     00F6  3000               	movlw	0
  5106     00F7  00AB               	movwf	MotorInit@target_steps+2
  5107     00F8  3000               	movlw	0
  5108     00F9  00AA               	movwf	MotorInit@target_steps+1
  5109     00FA  3000               	movlw	0
  5110     00FB  00A9               	movwf	MotorInit@target_steps
  5111     00FC  3000               	movlw	0
  5112     00FD  00B0               	movwf	MotorInit@step_rate_hz+3
  5113     00FE  3000               	movlw	0
  5114     00FF  00AF               	movwf	MotorInit@step_rate_hz+2
  5115     0100  3003               	movlw	3
  5116     0101  00AE               	movwf	MotorInit@step_rate_hz+1
  5117     0102  30EF               	movlw	239
  5118     0103  00AD               	movwf	MotorInit@step_rate_hz
  5119     0104  01B1               	clrf	MotorInit@direction
  5120     0105  01B2               	clrf	MotorInit@moving
  5121     0106  01B3               	clrf	MotorInit@movement_type
  5122     0107  3000               	movlw	0
  5123     0108  00B7               	movwf	MotorInit@steps_rev+3
  5124     0109  3000               	movlw	0
  5125     010A  00B6               	movwf	MotorInit@steps_rev+2
  5126     010B  3000               	movlw	0
  5127     010C  00B5               	movwf	MotorInit@steps_rev+1
  5128     010D  30C8               	movlw	200
  5129     010E  00B4               	movwf	MotorInit@steps_rev
  5130     010F  3000               	movlw	0
  5131     0110  00BB               	movwf	MotorInit@reduction+3
  5132     0111  3000               	movlw	0
  5133     0112  00BA               	movwf	MotorInit@reduction+2
  5134     0113  3000               	movlw	0
  5135     0114  00B9               	movwf	MotorInit@reduction+1
  5136     0115  3006               	movlw	6
  5137     0116  00B8               	movwf	MotorInit@reduction
  5138     0117  3000               	movlw	0
  5139     0118  00BF               	movwf	MotorInit@microstepping+3
  5140     0119  3000               	movlw	0
  5141     011A  00BE               	movwf	MotorInit@microstepping+2
  5142     011B  3000               	movlw	0
  5143     011C  00BD               	movwf	MotorInit@microstepping+1
  5144     011D  3004               	movlw	4
  5145     011E  00BC               	movwf	MotorInit@microstepping
  5146     011F  3180  2068  3180   	fcall	_MotorInit
  5147     0122                     l375:
  5148     0122  0008               	return
  5149     0123                     __end_of_SYSTEM_Initialize:
  5150                           
  5151                           	psect	text2
  5152     01E4                     __ptext2:	
  5153 ;; *************** function _TMR1_Initialize *****************
  5154 ;; Defined at:
  5155 ;;		line 65 in file "mcc_generated_files/tmr1.c"
  5156 ;; Parameters:    Size  Location     Type
  5157 ;;		None
  5158 ;; Auto vars:     Size  Location     Type
  5159 ;;		None
  5160 ;; Return value:  Size  Location     Type
  5161 ;;                  1    wreg      void 
  5162 ;; Registers used:
  5163 ;;		wreg, status,2, status,0, pclath, cstack
  5164 ;; Tracked objects:
  5165 ;;		On entry : 0/0
  5166 ;;		On exit  : 0/0
  5167 ;;		Unchanged: 0/0
  5168 ;; Data sizes:     COMMON   BANK0   BANK1   BANK2   BANK3   BANK4   BANK5   BANK6   BANK7   BANK8   BANK9  BANK10  BANK1
      +1  BANK12  BANK13  BANK14  BANK15  BANK16  BANK17  BANK18  BANK19  BANK20  BANK21  BANK22  BANK23  BANK24  BANK25
  5169 ;;      Params:         0       0       0       0       0       0       0       0       0       0       0       0       
      +0       0       0       0       0       0       0       0       0       0       0       0       0       0       0
  5170 ;;      Locals:         0       0       0       0       0       0       0       0       0       0       0       0       
      +0       0       0       0       0       0       0       0       0       0       0       0       0       0       0
  5171 ;;      Temps:          0       0       0       0       0       0       0       0       0       0       0       0       
      +0       0       0       0       0       0       0       0       0       0       0       0       0       0       0
  5172 ;;      Totals:         0       0       0       0       0       0       0       0       0       0       0       0       
      +0       0       0       0       0       0       0       0       0       0       0       0       0       0       0
  5173 ;;Total ram usage:        0 bytes
  5174 ;; Hardware stack levels used: 1
  5175 ;; Hardware stack levels required when called: 6
  5176 ;; This function calls:
  5177 ;;		_TMR1_SetInterruptHandler
  5178 ;; This function is called by:
  5179 ;;		_SYSTEM_Initialize
  5180 ;; This function uses a non-reentrant model
  5181 ;;
  5182                           
  5183     01E4                     _TMR1_Initialize:	
  5184                           ;psect for function _TMR1_Initialize
  5185                           
  5186     01E4                     l1869:	
  5187                           ;incstack = 0
  5188                           ; Regs used in _TMR1_Initialize: [wreg+status,2+status,0+pclath+cstack]
  5189                           
  5190                           
  5191                           ;mcc_generated_files/tmr1.c: 70:     T1GCON = 0x00;
  5192     01E4  0144               	movlb	4	; select bank4
  5193     01E5  018F               	clrf	15	;volatile
  5194                           
  5195                           ;mcc_generated_files/tmr1.c: 73:     T1GATE = 0x00;
  5196     01E6  0190               	clrf	16	;volatile
  5197     01E7                     l1871:
  5198                           
  5199                           ;mcc_generated_files/tmr1.c: 76:     T1CLK = 0x04;
  5200     01E7  3004               	movlw	4
  5201     01E8  0091               	movwf	17	;volatile
  5202     01E9                     l1873:
  5203                           
  5204                           ;mcc_generated_files/tmr1.c: 79:     TMR1H = 0xFE;
  5205     01E9  30FE               	movlw	254
  5206     01EA  008D               	movwf	13	;volatile
  5207     01EB                     l1875:
  5208                           
  5209                           ;mcc_generated_files/tmr1.c: 82:     TMR1L = 0x7C;
  5210     01EB  307C               	movlw	124
  5211     01EC  008C               	movwf	12	;volatile
  5212     01ED                     l1877:
  5213                           
  5214                           ;mcc_generated_files/tmr1.c: 85:     PIR4bits.TMR1IF = 0;
  5215     01ED  014E               	movlb	14	; select bank14
  5216     01EE  1010               	bcf	16,0	;volatile
  5217     01EF                     l1879:
  5218                           
  5219                           ;mcc_generated_files/tmr1.c: 88:     timer1ReloadVal=(uint16_t)((TMR1H << 8) | TMR1L);
  5220     01EF  0144               	movlb	4	; select bank4
  5221     01F0  080D               	movf	13,w	;volatile
  5222     01F1  00F1               	movwf	_timer1ReloadVal+1	;volatile
  5223     01F2  080C               	movf	12,w	;volatile
  5224     01F3  00F0               	movwf	_timer1ReloadVal	;volatile
  5225     01F4                     l1881:
  5226                           
  5227                           ;mcc_generated_files/tmr1.c: 91:     PIE4bits.TMR1IE = 1;
  5228     01F4  014E               	movlb	14	; select bank14
  5229     01F5  141A               	bsf	26,0	;volatile
  5230     01F6                     l1883:
  5231                           
  5232                           ;mcc_generated_files/tmr1.c: 94:     TMR1_SetInterruptHandler(TMR1_DefaultInterruptHandl
      +                          er);
  5233     01F6  3000               	movlw	0
  5234     01F7  0140               	movlb	0	; select bank0
  5235     01F8  00A0               	movwf	TMR1_SetInterruptHandler@InterruptHandler
  5236     01F9  3000               	movlw	0
  5237     01FA  00A1               	movwf	TMR1_SetInterruptHandler@InterruptHandler+1
  5238     01FB  3182  22AA  3181   	fcall	_TMR1_SetInterruptHandler
  5239     01FE                     l1885:
  5240                           
  5241                           ;mcc_generated_files/tmr1.c: 97:     T1CON = 0x31;
  5242     01FE  3031               	movlw	49
  5243     01FF  0144               	movlb	4	; select bank4
  5244     0200  008E               	movwf	14	;volatile
  5245     0201                     l70:
  5246     0201  0008               	return
  5247     0202                     __end_of_TMR1_Initialize:
  5248                           
  5249                           	psect	text3
  5250     02AA                     __ptext3:	
  5251 ;; *************** function _TMR1_SetInterruptHandler *****************
  5252 ;; Defined at:
  5253 ;;		line 176 in file "mcc_generated_files/tmr1.c"
  5254 ;; Parameters:    Size  Location     Type
  5255 ;;  InterruptHan    2    0[BANK0 ] PTR FTN()void 
  5256 ;;		 -> TMR1_DefaultInterruptHandler(1), 
  5257 ;; Auto vars:     Size  Location     Type
  5258 ;;		None
  5259 ;; Return value:  Size  Location     Type
  5260 ;;                  1    wreg      void 
  5261 ;; Registers used:
  5262 ;;		wreg
  5263 ;; Tracked objects:
  5264 ;;		On entry : 0/0
  5265 ;;		On exit  : 0/0
  5266 ;;		Unchanged: 0/0
  5267 ;; Data sizes:     COMMON   BANK0   BANK1   BANK2   BANK3   BANK4   BANK5   BANK6   BANK7   BANK8   BANK9  BANK10  BANK1
      +1  BANK12  BANK13  BANK14  BANK15  BANK16  BANK17  BANK18  BANK19  BANK20  BANK21  BANK22  BANK23  BANK24  BANK25
  5268 ;;      Params:         0       2       0       0       0       0       0       0       0       0       0       0       
      +0       0       0       0       0       0       0       0       0       0       0       0       0       0       0
  5269 ;;      Locals:         0       0       0       0       0       0       0       0       0       0       0       0       
      +0       0       0       0       0       0       0       0       0       0       0       0       0       0       0
  5270 ;;      Temps:          0       0       0       0       0       0       0       0       0       0       0       0       
      +0       0       0       0       0       0       0       0       0       0       0       0       0       0       0
  5271 ;;      Totals:         0       2       0       0       0       0       0       0       0       0       0       0       
      +0       0       0       0       0       0       0       0       0       0       0       0       0       0       0
  5272 ;;Total ram usage:        2 bytes
  5273 ;; Hardware stack levels used: 1
  5274 ;; Hardware stack levels required when called: 5
  5275 ;; This function calls:
  5276 ;;		Nothing
  5277 ;; This function is called by:
  5278 ;;		_TMR1_Initialize
  5279 ;; This function uses a non-reentrant model
  5280 ;;
  5281                           
  5282     02AA                     _TMR1_SetInterruptHandler:	
  5283                           ;psect for function _TMR1_SetInterruptHandler
  5284                           
  5285     02AA                     l1857:	
  5286                           ;incstack = 0
  5287                           ; Regs used in _TMR1_SetInterruptHandler: [wreg]
  5288                           
  5289                           
  5290                           ;mcc_generated_files/tmr1.c: 177:     TMR1_InterruptHandler = InterruptHandler;
  5291     02AA  0140               	movlb	0	; select bank0
  5292     02AB  0821               	movf	TMR1_SetInterruptHandler@InterruptHandler+1,w
  5293     02AC  00E2               	movwf	_TMR1_InterruptHandler+1
  5294     02AD  0820               	movf	TMR1_SetInterruptHandler@InterruptHandler,w
  5295     02AE  00E1               	movwf	_TMR1_InterruptHandler
  5296     02AF                     l99:
  5297     02AF  0008               	return
  5298     02B0                     __end_of_TMR1_SetInterruptHandler:
  5299                           
  5300                           	psect	text4
  5301     0279                     __ptext4:	
  5302 ;; *************** function _PMD_Initialize *****************
  5303 ;; Defined at:
  5304 ;;		line 75 in file "mcc_generated_files/mcc.c"
  5305 ;; Parameters:    Size  Location     Type
  5306 ;;		None
  5307 ;; Auto vars:     Size  Location     Type
  5308 ;;		None
  5309 ;; Return value:  Size  Location     Type
  5310 ;;                  1    wreg      void 
  5311 ;; Registers used:
  5312 ;;		status,2
  5313 ;; Tracked objects:
  5314 ;;		On entry : 0/0
  5315 ;;		On exit  : 0/0
  5316 ;;		Unchanged: 0/0
  5317 ;; Data sizes:     COMMON   BANK0   BANK1   BANK2   BANK3   BANK4   BANK5   BANK6   BANK7   BANK8   BANK9  BANK10  BANK1
      +1  BANK12  BANK13  BANK14  BANK15  BANK16  BANK17  BANK18  BANK19  BANK20  BANK21  BANK22  BANK23  BANK24  BANK25
  5318 ;;      Params:         0       0       0       0       0       0       0       0       0       0       0       0       
      +0       0       0       0       0       0       0       0       0       0       0       0       0       0       0
  5319 ;;      Locals:         0       0       0       0       0       0       0       0       0       0       0       0       
      +0       0       0       0       0       0       0       0       0       0       0       0       0       0       0
  5320 ;;      Temps:          0       0       0       0       0       0       0       0       0       0       0       0       
      +0       0       0       0       0       0       0       0       0       0       0       0       0       0       0
  5321 ;;      Totals:         0       0       0       0       0       0       0       0       0       0       0       0       
      +0       0       0       0       0       0       0       0       0       0       0       0       0       0       0
  5322 ;;Total ram usage:        0 bytes
  5323 ;; Hardware stack levels used: 1
  5324 ;; Hardware stack levels required when called: 5
  5325 ;; This function calls:
  5326 ;;		Nothing
  5327 ;; This function is called by:
  5328 ;;		_SYSTEM_Initialize
  5329 ;; This function uses a non-reentrant model
  5330 ;;
  5331                           
  5332     0279                     _PMD_Initialize:	
  5333                           ;psect for function _PMD_Initialize
  5334                           
  5335     0279                     l1673:	
  5336                           ;incstack = 0
  5337                           ; Regs used in _PMD_Initialize: [status,2]
  5338                           
  5339                           
  5340                           ;mcc_generated_files/mcc.c: 78:     PMD0 = 0x00;
  5341     0279  014F               	movlb	15	; select bank15
  5342     027A  0196               	clrf	22	;volatile
  5343                           
  5344                           ;mcc_generated_files/mcc.c: 80:     PMD1 = 0x00;
  5345     027B  0197               	clrf	23	;volatile
  5346                           
  5347                           ;mcc_generated_files/mcc.c: 82:     PMD2 = 0x00;
  5348     027C  0198               	clrf	24	;volatile
  5349                           
  5350                           ;mcc_generated_files/mcc.c: 84:     PMD3 = 0x00;
  5351     027D  0199               	clrf	25	;volatile
  5352                           
  5353                           ;mcc_generated_files/mcc.c: 86:     PMD4 = 0x00;
  5354     027E  019A               	clrf	26	;volatile
  5355                           
  5356                           ;mcc_generated_files/mcc.c: 88:     PMD5 = 0x00;
  5357     027F  019B               	clrf	27	;volatile
  5358                           
  5359                           ;mcc_generated_files/mcc.c: 90:     PMD6 = 0x00;
  5360     0280  019C               	clrf	28	;volatile
  5361                           
  5362                           ;mcc_generated_files/mcc.c: 92:     PMD7 = 0x00;
  5363     0281  019D               	clrf	29	;volatile
  5364     0282                     l381:
  5365     0282  0008               	return
  5366     0283                     __end_of_PMD_Initialize:
  5367                           
  5368                           	psect	text5
  5369     01C3                     __ptext5:	
  5370 ;; *************** function _PIN_MANAGER_Initialize *****************
  5371 ;; Defined at:
  5372 ;;		line 55 in file "mcc_generated_files/pin_manager.c"
  5373 ;; Parameters:    Size  Location     Type
  5374 ;;		None
  5375 ;; Auto vars:     Size  Location     Type
  5376 ;;		None
  5377 ;; Return value:  Size  Location     Type
  5378 ;;                  1    wreg      void 
  5379 ;; Registers used:
  5380 ;;		status,2
  5381 ;; Tracked objects:
  5382 ;;		On entry : 0/0
  5383 ;;		On exit  : 0/0
  5384 ;;		Unchanged: 0/0
  5385 ;; Data sizes:     COMMON   BANK0   BANK1   BANK2   BANK3   BANK4   BANK5   BANK6   BANK7   BANK8   BANK9  BANK10  BANK1
      +1  BANK12  BANK13  BANK14  BANK15  BANK16  BANK17  BANK18  BANK19  BANK20  BANK21  BANK22  BANK23  BANK24  BANK25
  5386 ;;      Params:         0       0       0       0       0       0       0       0       0       0       0       0       
      +0       0       0       0       0       0       0       0       0       0       0       0       0       0       0
  5387 ;;      Locals:         0       0       0       0       0       0       0       0       0       0       0       0       
      +0       0       0       0       0       0       0       0       0       0       0       0       0       0       0
  5388 ;;      Temps:          0       0       0       0       0       0       0       0       0       0       0       0       
      +0       0       0       0       0       0       0       0       0       0       0       0       0       0       0
  5389 ;;      Totals:         0       0       0       0       0       0       0       0       0       0       0       0       
      +0       0       0       0       0       0       0       0       0       0       0       0       0       0       0
  5390 ;;Total ram usage:        0 bytes
  5391 ;; Hardware stack levels used: 1
  5392 ;; Hardware stack levels required when called: 5
  5393 ;; This function calls:
  5394 ;;		Nothing
  5395 ;; This function is called by:
  5396 ;;		_SYSTEM_Initialize
  5397 ;; This function uses a non-reentrant model
  5398 ;;
  5399                           
  5400     01C3                     _PIN_MANAGER_Initialize:	
  5401                           ;psect for function _PIN_MANAGER_Initialize
  5402                           
  5403     01C3                     l1599:	
  5404                           ;incstack = 0
  5405                           ; Regs used in _PIN_MANAGER_Initialize: [status,2]
  5406                           
  5407                           
  5408                           ;mcc_generated_files/pin_manager.c: 60:     LATA = 0x00;
  5409     01C3  0140               	movlb	0	; select bank0
  5410     01C4  0198               	clrf	24	;volatile
  5411                           
  5412                           ;mcc_generated_files/pin_manager.c: 61:     LATC = 0x00;
  5413     01C5  019A               	clrf	26	;volatile
  5414     01C6                     l1601:
  5415                           
  5416                           ;mcc_generated_files/pin_manager.c: 66:     TRISA = 0x3F;
  5417     01C6  303F               	movlw	63
  5418     01C7  0092               	movwf	18	;volatile
  5419     01C8                     l1603:
  5420                           
  5421                           ;mcc_generated_files/pin_manager.c: 67:     TRISC = 0x2C;
  5422     01C8  302C               	movlw	44
  5423     01C9  0094               	movwf	20	;volatile
  5424     01CA                     l1605:
  5425                           
  5426                           ;mcc_generated_files/pin_manager.c: 72:     ANSELC = 0x1B;
  5427     01CA  301B               	movlw	27
  5428     01CB  017E               	movlb	62	; select bank62
  5429     01CC  00CE               	movwf	78	;volatile
  5430     01CD                     l1607:
  5431                           
  5432                           ;mcc_generated_files/pin_manager.c: 73:     ANSELA = 0x37;
  5433     01CD  3037               	movlw	55
  5434     01CE  00B8               	movwf	56	;volatile
  5435                           
  5436                           ;mcc_generated_files/pin_manager.c: 78:     WPUA = 0x00;
  5437     01CF  01B9               	clrf	57	;volatile
  5438     01D0                     l1609:
  5439                           
  5440                           ;mcc_generated_files/pin_manager.c: 79:     WPUC = 0x04;
  5441     01D0  3004               	movlw	4
  5442     01D1  00CF               	movwf	79	;volatile
  5443                           
  5444                           ;mcc_generated_files/pin_manager.c: 84:     ODCONA = 0x00;
  5445     01D2  01BA               	clrf	58	;volatile
  5446                           
  5447                           ;mcc_generated_files/pin_manager.c: 85:     ODCONC = 0x00;
  5448     01D3  01D0               	clrf	80	;volatile
  5449     01D4                     l1611:
  5450                           
  5451                           ;mcc_generated_files/pin_manager.c: 90:     SLRCONA = 0x37;
  5452     01D4  3037               	movlw	55
  5453     01D5  00BB               	movwf	59	;volatile
  5454     01D6                     l1613:
  5455                           
  5456                           ;mcc_generated_files/pin_manager.c: 91:     SLRCONC = 0x3F;
  5457     01D6  303F               	movlw	63
  5458     01D7  00D1               	movwf	81	;volatile
  5459     01D8                     l1615:
  5460                           
  5461                           ;mcc_generated_files/pin_manager.c: 96:     INLVLA = 0x3F;
  5462     01D8  303F               	movlw	63
  5463     01D9  00BC               	movwf	60	;volatile
  5464     01DA                     l1617:
  5465                           
  5466                           ;mcc_generated_files/pin_manager.c: 97:     INLVLC = 0x3F;
  5467     01DA  303F               	movlw	63
  5468     01DB  00D2               	movwf	82	;volatile
  5469     01DC                     l1619:
  5470                           
  5471                           ;mcc_generated_files/pin_manager.c: 106:     RC0PPS = 0x18;
  5472     01DC  3018               	movlw	24
  5473     01DD  00A0               	movwf	32	;volatile
  5474     01DE                     l1621:
  5475                           
  5476                           ;mcc_generated_files/pin_manager.c: 107:     RC4PPS = 0x0F;
  5477     01DE  300F               	movlw	15
  5478     01DF  00A4               	movwf	36	;volatile
  5479     01E0                     l1623:
  5480                           
  5481                           ;mcc_generated_files/pin_manager.c: 108:     RX1PPS = 0x15;
  5482     01E0  3015               	movlw	21
  5483     01E1  017D               	movlb	61	; select bank61
  5484     01E2  00CB               	movwf	75	;volatile
  5485     01E3                     l139:
  5486     01E3  0008               	return
  5487     01E4                     __end_of_PIN_MANAGER_Initialize:
  5488                           
  5489                           	psect	text6
  5490     0283                     __ptext6:	
  5491 ;; *************** function _OSCILLATOR_Initialize *****************
  5492 ;; Defined at:
  5493 ;;		line 61 in file "mcc_generated_files/mcc.c"
  5494 ;; Parameters:    Size  Location     Type
  5495 ;;		None
  5496 ;; Auto vars:     Size  Location     Type
  5497 ;;		None
  5498 ;; Return value:  Size  Location     Type
  5499 ;;                  1    wreg      void 
  5500 ;; Registers used:
  5501 ;;		status,2
  5502 ;; Tracked objects:
  5503 ;;		On entry : 0/0
  5504 ;;		On exit  : 0/0
  5505 ;;		Unchanged: 0/0
  5506 ;; Data sizes:     COMMON   BANK0   BANK1   BANK2   BANK3   BANK4   BANK5   BANK6   BANK7   BANK8   BANK9  BANK10  BANK1
      +1  BANK12  BANK13  BANK14  BANK15  BANK16  BANK17  BANK18  BANK19  BANK20  BANK21  BANK22  BANK23  BANK24  BANK25
  5507 ;;      Params:         0       0       0       0       0       0       0       0       0       0       0       0       
      +0       0       0       0       0       0       0       0       0       0       0       0       0       0       0
  5508 ;;      Locals:         0       0       0       0       0       0       0       0       0       0       0       0       
      +0       0       0       0       0       0       0       0       0       0       0       0       0       0       0
  5509 ;;      Temps:          0       0       0       0       0       0       0       0       0       0       0       0       
      +0       0       0       0       0       0       0       0       0       0       0       0       0       0       0
  5510 ;;      Totals:         0       0       0       0       0       0       0       0       0       0       0       0       
      +0       0       0       0       0       0       0       0       0       0       0       0       0       0       0
  5511 ;;Total ram usage:        0 bytes
  5512 ;; Hardware stack levels used: 1
  5513 ;; Hardware stack levels required when called: 5
  5514 ;; This function calls:
  5515 ;;		Nothing
  5516 ;; This function is called by:
  5517 ;;		_SYSTEM_Initialize
  5518 ;; This function uses a non-reentrant model
  5519 ;;
  5520                           
  5521     0283                     _OSCILLATOR_Initialize:	
  5522                           ;psect for function _OSCILLATOR_Initialize
  5523                           
  5524     0283                     l1675:	
  5525                           ;incstack = 0
  5526                           ; Regs used in _OSCILLATOR_Initialize: [status,2]
  5527                           
  5528                           
  5529                           ;mcc_generated_files/mcc.c: 64:     OSCCON1 = 0x60;
  5530     0283  3060               	movlw	96
  5531     0284  0151               	movlb	17	; select bank17
  5532     0285  008D               	movwf	13	;volatile
  5533     0286                     l1677:
  5534                           
  5535                           ;mcc_generated_files/mcc.c: 66:     OSCCON3 = 0x00;
  5536     0286  018F               	clrf	15	;volatile
  5537                           
  5538                           ;mcc_generated_files/mcc.c: 68:     OSCEN = 0x00;
  5539     0287  0191               	clrf	17	;volatile
  5540     0288                     l1679:
  5541                           
  5542                           ;mcc_generated_files/mcc.c: 70:     OSCFRQ = 0x06;
  5543     0288  3006               	movlw	6
  5544     0289  0093               	movwf	19	;volatile
  5545                           
  5546                           ;mcc_generated_files/mcc.c: 72:     OSCTUNE = 0x00;
  5547     028A  0192               	clrf	18	;volatile
  5548     028B                     l378:
  5549     028B  0008               	return
  5550     028C                     __end_of_OSCILLATOR_Initialize:
  5551                           
  5552                           	psect	text7
  5553     024A                     __ptext7:	
  5554 ;; *************** function _NCO1_Initialize *****************
  5555 ;; Defined at:
  5556 ;;		line 64 in file "mcc_generated_files/nco1.c"
  5557 ;; Parameters:    Size  Location     Type
  5558 ;;		None
  5559 ;; Auto vars:     Size  Location     Type
  5560 ;;		None
  5561 ;; Return value:  Size  Location     Type
  5562 ;;                  1    wreg      void 
  5563 ;; Registers used:
  5564 ;;		status,2
  5565 ;; Tracked objects:
  5566 ;;		On entry : 0/0
  5567 ;;		On exit  : 0/0
  5568 ;;		Unchanged: 0/0
  5569 ;; Data sizes:     COMMON   BANK0   BANK1   BANK2   BANK3   BANK4   BANK5   BANK6   BANK7   BANK8   BANK9  BANK10  BANK1
      +1  BANK12  BANK13  BANK14  BANK15  BANK16  BANK17  BANK18  BANK19  BANK20  BANK21  BANK22  BANK23  BANK24  BANK25
  5570 ;;      Params:         0       0       0       0       0       0       0       0       0       0       0       0       
      +0       0       0       0       0       0       0       0       0       0       0       0       0       0       0
  5571 ;;      Locals:         0       0       0       0       0       0       0       0       0       0       0       0       
      +0       0       0       0       0       0       0       0       0       0       0       0       0       0       0
  5572 ;;      Temps:          0       0       0       0       0       0       0       0       0       0       0       0       
      +0       0       0       0       0       0       0       0       0       0       0       0       0       0       0
  5573 ;;      Totals:         0       0       0       0       0       0       0       0       0       0       0       0       
      +0       0       0       0       0       0       0       0       0       0       0       0       0       0       0
  5574 ;;Total ram usage:        0 bytes
  5575 ;; Hardware stack levels used: 1
  5576 ;; Hardware stack levels required when called: 5
  5577 ;; This function calls:
  5578 ;;		Nothing
  5579 ;; This function is called by:
  5580 ;;		_SYSTEM_Initialize
  5581 ;; This function uses a non-reentrant model
  5582 ;;
  5583                           
  5584     024A                     _NCO1_Initialize:	
  5585                           ;psect for function _NCO1_Initialize
  5586                           
  5587     024A                     l1661:	
  5588                           ;incstack = 0
  5589                           ; Regs used in _NCO1_Initialize: [status,2]
  5590                           
  5591                           
  5592                           ;mcc_generated_files/nco1.c: 68:     NCO1CON = 0x01;
  5593     024A  3001               	movlw	1
  5594     024B  014B               	movlb	11	; select bank11
  5595     024C  0092               	movwf	18	;volatile
  5596                           
  5597                           ;mcc_generated_files/nco1.c: 70:     NCO1CLK = 0xE0;
  5598     024D  30E0               	movlw	224
  5599     024E  0093               	movwf	19	;volatile
  5600     024F                     l1663:
  5601                           
  5602                           ;mcc_generated_files/nco1.c: 72:     NCO1ACCU = 0x00;
  5603     024F  018E               	clrf	14	;volatile
  5604                           
  5605                           ;mcc_generated_files/nco1.c: 74:     NCO1ACCH = 0x00;
  5606     0250  018D               	clrf	13	;volatile
  5607                           
  5608                           ;mcc_generated_files/nco1.c: 76:     NCO1ACCL = 0x00;
  5609     0251  018C               	clrf	12	;volatile
  5610                           
  5611                           ;mcc_generated_files/nco1.c: 78:     NCO1INCU = 0x00;
  5612     0252  0191               	clrf	17	;volatile
  5613                           
  5614                           ;mcc_generated_files/nco1.c: 80:     NCO1INCH = 0x00;
  5615     0253  0190               	clrf	16	;volatile
  5616     0254                     l1665:
  5617                           
  5618                           ;mcc_generated_files/nco1.c: 82:     NCO1INCL = 0x21;
  5619     0254  3021               	movlw	33
  5620     0255  008F               	movwf	15	;volatile
  5621     0256                     l1667:
  5622                           
  5623                           ;mcc_generated_files/nco1.c: 85:     NCO1CONbits.EN = 0;
  5624     0256  1392               	bcf	18,7	;volatile
  5625     0257                     l1669:
  5626                           
  5627                           ;mcc_generated_files/nco1.c: 88:     PIR7bits.NCO1IF = 0;
  5628     0257  014E               	movlb	14	; select bank14
  5629     0258  1213               	bcf	19,4	;volatile
  5630     0259                     l1671:
  5631                           
  5632                           ;mcc_generated_files/nco1.c: 90:     PIE7bits.NCO1IE = 1;
  5633     0259  161D               	bsf	29,4	;volatile
  5634     025A                     l311:
  5635     025A  0008               	return
  5636     025B                     __end_of_NCO1_Initialize:
  5637                           
  5638                           	psect	text8
  5639     0068                     __ptext8:	
  5640 ;; *************** function _MotorInit *****************
  5641 ;; Defined at:
  5642 ;;		line 5 in file "mcc_generated_files/motor.c"
  5643 ;; Parameters:    Size  Location     Type
  5644 ;;  motor           1    0[BANK0 ] PTR volatile struct .
  5645 ;;		 -> motor(1), 
  5646 ;;  position_ste    4    1[BANK0 ] long 
  5647 ;;  absolute_pos    4    5[BANK0 ] long 
  5648 ;;  target_steps    4    9[BANK0 ] long 
  5649 ;;  step_rate_hz    4   13[BANK0 ] unsigned long 
  5650 ;;  direction       1   17[BANK0 ] enum E10545
  5651 ;;  moving          1   18[BANK0 ] _Bool 
  5652 ;;  movement_typ    1   19[BANK0 ] enum E10549
  5653 ;;  steps_rev       4   20[BANK0 ] long 
  5654 ;;  reduction       4   24[BANK0 ] long 
  5655 ;;  microsteppin    4   28[BANK0 ] long 
  5656 ;; Auto vars:     Size  Location     Type
  5657 ;;		None
  5658 ;; Return value:  Size  Location     Type
  5659 ;;                  1    wreg      void 
  5660 ;; Registers used:
  5661 ;;		wreg, fsr1l, fsr1h, status,2, status,0
  5662 ;; Tracked objects:
  5663 ;;		On entry : 0/0
  5664 ;;		On exit  : 0/0
  5665 ;;		Unchanged: 0/0
  5666 ;; Data sizes:     COMMON   BANK0   BANK1   BANK2   BANK3   BANK4   BANK5   BANK6   BANK7   BANK8   BANK9  BANK10  BANK1
      +1  BANK12  BANK13  BANK14  BANK15  BANK16  BANK17  BANK18  BANK19  BANK20  BANK21  BANK22  BANK23  BANK24  BANK25
  5667 ;;      Params:         0      32       0       0       0       0       0       0       0       0       0       0       
      +0       0       0       0       0       0       0       0       0       0       0       0       0       0       0
  5668 ;;      Locals:         0       0       0       0       0       0       0       0       0       0       0       0       
      +0       0       0       0       0       0       0       0       0       0       0       0       0       0       0
  5669 ;;      Temps:          0       0       0       0       0       0       0       0       0       0       0       0       
      +0       0       0       0       0       0       0       0       0       0       0       0       0       0       0
  5670 ;;      Totals:         0      32       0       0       0       0       0       0       0       0       0       0       
      +0       0       0       0       0       0       0       0       0       0       0       0       0       0       0
  5671 ;;Total ram usage:       32 bytes
  5672 ;; Hardware stack levels used: 1
  5673 ;; Hardware stack levels required when called: 5
  5674 ;; This function calls:
  5675 ;;		Nothing
  5676 ;; This function is called by:
  5677 ;;		_SYSTEM_Initialize
  5678 ;; This function uses a non-reentrant model
  5679 ;;
  5680                           
  5681     0068                     _MotorInit:	
  5682                           ;psect for function _MotorInit
  5683                           
  5684     0068                     l1919:	
  5685                           ;incstack = 0
  5686                           ; Regs used in _MotorInit: [wreg+fsr1l+fsr1h+status,2+status,0]
  5687                           
  5688                           
  5689                           ;mcc_generated_files/motor.c: 5: void MotorInit(motor_status_t *motor,;mcc_generated_fil
      +                          es/motor.c: 6:         int32_t position_steps,;mcc_generated_files/motor.c: 7:         i
      +                          nt32_t absolute_position,;mcc_generated_files/motor.c: 8:         int32_t target_steps,;
      +                          mcc_generated_files/motor.c: 9:         uint32_t step_rate_hz,;mcc_generated_files/motor
      +                          .c: 10:         motor_dir_t direction,;mcc_generated_files/motor.c: 11:         _Bool mo
      +                          ving,;mcc_generated_files/motor.c: 12:         movement_type_t movement_type,
  5690     0068  0140               	movlb	0	; select bank0
  5691     0069  0820               	movf	MotorInit@motor,w
  5692     006A  0086               	movwf	6
  5693     006B  0187               	clrf	7
  5694     006C  0821               	movf	MotorInit@position_steps,w
  5695     006D  3FC0               	movwi [0]fsr1
  5696     006E  0822               	movf	MotorInit@position_steps+1,w
  5697     006F  3FC1               	movwi [1]fsr1
  5698     0070  0823               	movf	MotorInit@position_steps+2,w
  5699     0071  3FC2               	movwi [2]fsr1
  5700     0072  0824               	movf	MotorInit@position_steps+3,w
  5701     0073  3FC3               	movwi [3]fsr1
  5702     0074                     l1921:
  5703                           
  5704                           ;mcc_generated_files/motor.c: 17:     motor -> absolute_position = absolute_position;
  5705     0074  0820               	movf	MotorInit@motor,w
  5706     0075  3E04               	addlw	4
  5707     0076  0086               	movwf	6
  5708     0077  0187               	clrf	7
  5709     0078  0825               	movf	MotorInit@absolute_position,w
  5710     0079  3FC0               	movwi [0]fsr1
  5711     007A  0826               	movf	MotorInit@absolute_position+1,w
  5712     007B  3FC1               	movwi [1]fsr1
  5713     007C  0827               	movf	MotorInit@absolute_position+2,w
  5714     007D  3FC2               	movwi [2]fsr1
  5715     007E  0828               	movf	MotorInit@absolute_position+3,w
  5716     007F  3FC3               	movwi [3]fsr1
  5717     0080                     l1923:
  5718                           
  5719                           ;mcc_generated_files/motor.c: 18:     motor -> target = target_steps;
  5720     0080  0820               	movf	MotorInit@motor,w
  5721     0081  3E08               	addlw	8
  5722     0082  0086               	movwf	6
  5723     0083  0187               	clrf	7
  5724     0084  0829               	movf	MotorInit@target_steps,w
  5725     0085  3FC0               	movwi [0]fsr1
  5726     0086  082A               	movf	MotorInit@target_steps+1,w
  5727     0087  3FC1               	movwi [1]fsr1
  5728     0088  082B               	movf	MotorInit@target_steps+2,w
  5729     0089  3FC2               	movwi [2]fsr1
  5730     008A  082C               	movf	MotorInit@target_steps+3,w
  5731     008B  3FC3               	movwi [3]fsr1
  5732     008C                     l1925:
  5733                           
  5734                           ;mcc_generated_files/motor.c: 19:     motor -> step_rate_hz = step_rate_hz;
  5735     008C  0820               	movf	MotorInit@motor,w
  5736     008D  3E0C               	addlw	12
  5737     008E  0086               	movwf	6
  5738     008F  0187               	clrf	7
  5739     0090  082D               	movf	MotorInit@step_rate_hz,w
  5740     0091  3FC0               	movwi [0]fsr1
  5741     0092  082E               	movf	MotorInit@step_rate_hz+1,w
  5742     0093  3FC1               	movwi [1]fsr1
  5743     0094  082F               	movf	MotorInit@step_rate_hz+2,w
  5744     0095  3FC2               	movwi [2]fsr1
  5745     0096  0830               	movf	MotorInit@step_rate_hz+3,w
  5746     0097  3FC3               	movwi [3]fsr1
  5747     0098                     l1927:
  5748                           
  5749                           ;mcc_generated_files/motor.c: 20:     motor -> direction = direction;
  5750     0098  0820               	movf	MotorInit@motor,w
  5751     0099  3E10               	addlw	16
  5752     009A  0086               	movwf	6
  5753     009B  0187               	clrf	7
  5754     009C  0831               	movf	MotorInit@direction,w
  5755     009D  0081               	movwf	1
  5756     009E                     l1929:
  5757                           
  5758                           ;mcc_generated_files/motor.c: 21:     motor -> moving = moving;
  5759     009E  0820               	movf	MotorInit@motor,w
  5760     009F  3E11               	addlw	17
  5761     00A0  0086               	movwf	6
  5762     00A1  0187               	clrf	7
  5763     00A2  0832               	movf	MotorInit@moving,w
  5764     00A3  0081               	movwf	1
  5765     00A4                     l1931:
  5766                           
  5767                           ;mcc_generated_files/motor.c: 22:     motor -> movement_type = movement_type;
  5768     00A4  0820               	movf	MotorInit@motor,w
  5769     00A5  3E12               	addlw	18
  5770     00A6  0086               	movwf	6
  5771     00A7  0187               	clrf	7
  5772     00A8  0833               	movf	MotorInit@movement_type,w
  5773     00A9  0081               	movwf	1
  5774     00AA                     l1933:
  5775                           
  5776                           ;mcc_generated_files/motor.c: 23:     motor -> steps_rev = steps_rev;
  5777     00AA  0820               	movf	MotorInit@motor,w
  5778     00AB  3E13               	addlw	19
  5779     00AC  0086               	movwf	6
  5780     00AD  0187               	clrf	7
  5781     00AE  0834               	movf	MotorInit@steps_rev,w
  5782     00AF  3FC0               	movwi [0]fsr1
  5783     00B0  0835               	movf	MotorInit@steps_rev+1,w
  5784     00B1  3FC1               	movwi [1]fsr1
  5785     00B2  0836               	movf	MotorInit@steps_rev+2,w
  5786     00B3  3FC2               	movwi [2]fsr1
  5787     00B4  0837               	movf	MotorInit@steps_rev+3,w
  5788     00B5  3FC3               	movwi [3]fsr1
  5789     00B6                     l1935:
  5790                           
  5791                           ;mcc_generated_files/motor.c: 24:     motor -> reduction = reduction;
  5792     00B6  0820               	movf	MotorInit@motor,w
  5793     00B7  3E17               	addlw	23
  5794     00B8  0086               	movwf	6
  5795     00B9  0187               	clrf	7
  5796     00BA  0838               	movf	MotorInit@reduction,w
  5797     00BB  3FC0               	movwi [0]fsr1
  5798     00BC  0839               	movf	MotorInit@reduction+1,w
  5799     00BD  3FC1               	movwi [1]fsr1
  5800     00BE  083A               	movf	MotorInit@reduction+2,w
  5801     00BF  3FC2               	movwi [2]fsr1
  5802     00C0  083B               	movf	MotorInit@reduction+3,w
  5803     00C1  3FC3               	movwi [3]fsr1
  5804     00C2                     l1937:
  5805                           
  5806                           ;mcc_generated_files/motor.c: 25:     motor -> microstepping = microstepping;
  5807     00C2  0820               	movf	MotorInit@motor,w
  5808     00C3  3E1B               	addlw	27
  5809     00C4  0086               	movwf	6
  5810     00C5  0187               	clrf	7
  5811     00C6  083C               	movf	MotorInit@microstepping,w
  5812     00C7  3FC0               	movwi [0]fsr1
  5813     00C8  083D               	movf	MotorInit@microstepping+1,w
  5814     00C9  3FC1               	movwi [1]fsr1
  5815     00CA  083E               	movf	MotorInit@microstepping+2,w
  5816     00CB  3FC2               	movwi [2]fsr1
  5817     00CC  083F               	movf	MotorInit@microstepping+3,w
  5818     00CD  3FC3               	movwi [3]fsr1
  5819     00CE                     l398:
  5820     00CE  0008               	return
  5821     00CF                     __end_of_MotorInit:
  5822                           
  5823                           	psect	text9
  5824     0123                     __ptext9:	
  5825 ;; *************** function _EUSART1_Initialize *****************
  5826 ;; Defined at:
  5827 ;;		line 88 in file "mcc_generated_files/eusart1.c"
  5828 ;; Parameters:    Size  Location     Type
  5829 ;;		None
  5830 ;; Auto vars:     Size  Location     Type
  5831 ;;		None
  5832 ;; Return value:  Size  Location     Type
  5833 ;;                  1    wreg      void 
  5834 ;; Registers used:
  5835 ;;		wreg, status,2, status,0, pclath, cstack
  5836 ;; Tracked objects:
  5837 ;;		On entry : 0/0
  5838 ;;		On exit  : 0/0
  5839 ;;		Unchanged: 0/0
  5840 ;; Data sizes:     COMMON   BANK0   BANK1   BANK2   BANK3   BANK4   BANK5   BANK6   BANK7   BANK8   BANK9  BANK10  BANK1
      +1  BANK12  BANK13  BANK14  BANK15  BANK16  BANK17  BANK18  BANK19  BANK20  BANK21  BANK22  BANK23  BANK24  BANK25
  5841 ;;      Params:         0       0       0       0       0       0       0       0       0       0       0       0       
      +0       0       0       0       0       0       0       0       0       0       0       0       0       0       0
  5842 ;;      Locals:         0       0       0       0       0       0       0       0       0       0       0       0       
      +0       0       0       0       0       0       0       0       0       0       0       0       0       0       0
  5843 ;;      Temps:          0       0       0       0       0       0       0       0       0       0       0       0       
      +0       0       0       0       0       0       0       0       0       0       0       0       0       0       0
  5844 ;;      Totals:         0       0       0       0       0       0       0       0       0       0       0       0       
      +0       0       0       0       0       0       0       0       0       0       0       0       0       0       0
  5845 ;;Total ram usage:        0 bytes
  5846 ;; Hardware stack levels used: 1
  5847 ;; Hardware stack levels required when called: 6
  5848 ;; This function calls:
  5849 ;;		_EUSART1_SetErrorHandler
  5850 ;;		_EUSART1_SetFramingErrorHandler
  5851 ;;		_EUSART1_SetOverrunErrorHandler
  5852 ;;		_EUSART1_SetRxInterruptHandler
  5853 ;;		_EUSART1_SetTxInterruptHandler
  5854 ;; This function is called by:
  5855 ;;		_SYSTEM_Initialize
  5856 ;; This function uses a non-reentrant model
  5857 ;;
  5858                           
  5859     0123                     _EUSART1_Initialize:	
  5860                           ;psect for function _EUSART1_Initialize
  5861                           
  5862     0123                     l1887:	
  5863                           ;incstack = 0
  5864                           ; Regs used in _EUSART1_Initialize: [wreg+status,2+status,0+pclath+cstack]
  5865                           
  5866                           
  5867                           ;mcc_generated_files/eusart1.c: 91:     PIE3bits.RC1IE = 0;
  5868     0123  014E               	movlb	14	; select bank14
  5869     0124  1299               	bcf	25,5	;volatile
  5870     0125                     l1889:
  5871                           
  5872                           ;mcc_generated_files/eusart1.c: 92:     EUSART1_SetRxInterruptHandler(EUSART1_Receive_IS
      +                          R);
  5873     0125  3066               	movlw	low _EUSART1_Receive_ISR
  5874     0126  0140               	movlb	0	; select bank0
  5875     0127  00A0               	movwf	EUSART1_SetRxInterruptHandler@interruptHandler
  5876     0128  3001               	movlw	high _EUSART1_Receive_ISR
  5877     0129  00A1               	movwf	EUSART1_SetRxInterruptHandler@interruptHandler+1
  5878     012A  3182  22B6  3181   	fcall	_EUSART1_SetRxInterruptHandler
  5879     012D                     l1891:
  5880                           
  5881                           ;mcc_generated_files/eusart1.c: 93:     PIE3bits.TX1IE = 0;
  5882     012D  014E               	movlb	14	; select bank14
  5883     012E  1219               	bcf	25,4	;volatile
  5884                           
  5885                           ;mcc_generated_files/eusart1.c: 94:     EUSART1_SetTxInterruptHandler(EUSART1_Transmit_I
      +                          SR);
  5886     012F  3002               	movlw	low _EUSART1_Transmit_ISR
  5887     0130  0140               	movlb	0	; select bank0
  5888     0131  00A0               	movwf	EUSART1_SetTxInterruptHandler@interruptHandler
  5889     0132  3002               	movlw	high _EUSART1_Transmit_ISR
  5890     0133  00A1               	movwf	EUSART1_SetTxInterruptHandler@interruptHandler+1
  5891     0134  3182  22B0  3181   	fcall	_EUSART1_SetTxInterruptHandler
  5892     0137                     l1893:
  5893                           
  5894                           ;mcc_generated_files/eusart1.c: 98:     BAUD1CON = 0x08;
  5895     0137  3008               	movlw	8
  5896     0138  0142               	movlb	2	; select bank2
  5897     0139  009F               	movwf	31	;volatile
  5898     013A                     l1895:
  5899                           
  5900                           ;mcc_generated_files/eusart1.c: 101:     RC1STA = 0x90;
  5901     013A  3090               	movlw	144
  5902     013B  009D               	movwf	29	;volatile
  5903     013C                     l1897:
  5904                           
  5905                           ;mcc_generated_files/eusart1.c: 104:     TX1STA = 0x24;
  5906     013C  3024               	movlw	36
  5907     013D  009E               	movwf	30	;volatile
  5908     013E                     l1899:
  5909                           
  5910                           ;mcc_generated_files/eusart1.c: 107:     SP1BRGL = 0x40;
  5911     013E  3040               	movlw	64
  5912     013F  009B               	movwf	27	;volatile
  5913     0140                     l1901:
  5914                           
  5915                           ;mcc_generated_files/eusart1.c: 110:     SP1BRGH = 0x03;
  5916     0140  3003               	movlw	3
  5917     0141  009C               	movwf	28	;volatile
  5918                           
  5919                           ;mcc_generated_files/eusart1.c: 113:     EUSART1_SetFramingErrorHandler(EUSART1_DefaultF
      +                          ramingErrorHandler);
  5920     0142  30E2               	movlw	low _EUSART1_DefaultFramingErrorHandler
  5921     0143  0140               	movlb	0	; select bank0
  5922     0144  00A0               	movwf	EUSART1_SetFramingErrorHandler@interruptHandler
  5923     0145  3002               	movlw	high _EUSART1_DefaultFramingErrorHandler
  5924     0146  00A1               	movwf	EUSART1_SetFramingErrorHandler@interruptHandler+1
  5925     0147  3182  22C2  3181   	fcall	_EUSART1_SetFramingErrorHandler
  5926                           
  5927                           ;mcc_generated_files/eusart1.c: 114:     EUSART1_SetOverrunErrorHandler(EUSART1_DefaultO
      +                          verrunErrorHandler);
  5928     014A  30CE               	movlw	low _EUSART1_DefaultOverrunErrorHandler
  5929     014B  0140               	movlb	0	; select bank0
  5930     014C  00A0               	movwf	EUSART1_SetOverrunErrorHandler@interruptHandler
  5931     014D  3002               	movlw	high _EUSART1_DefaultOverrunErrorHandler
  5932     014E  00A1               	movwf	EUSART1_SetOverrunErrorHandler@interruptHandler+1
  5933     014F  3182  22BC  3181   	fcall	_EUSART1_SetOverrunErrorHandler
  5934                           
  5935                           ;mcc_generated_files/eusart1.c: 115:     EUSART1_SetErrorHandler(EUSART1_DefaultErrorHan
      +                          dler);
  5936     0152  30D2               	movlw	low _EUSART1_DefaultErrorHandler
  5937     0153  0140               	movlb	0	; select bank0
  5938     0154  00A0               	movwf	EUSART1_SetErrorHandler@interruptHandler
  5939     0155  3002               	movlw	high _EUSART1_DefaultErrorHandler
  5940     0156  00A1               	movwf	EUSART1_SetErrorHandler@interruptHandler+1
  5941     0157  3182  22C8  3181   	fcall	_EUSART1_SetErrorHandler
  5942     015A                     l1903:
  5943                           
  5944                           ;mcc_generated_files/eusart1.c: 117:     eusart1RxLastError.status = 0;
  5945     015A  0140               	movlb	0	; select bank0
  5946     015B  01DA               	clrf	_eusart1RxLastError	;volatile
  5947     015C                     l1905:
  5948                           
  5949                           ;mcc_generated_files/eusart1.c: 120:     eusart1TxHead = 0;
  5950     015C  01F7               	clrf	_eusart1TxHead	;volatile
  5951     015D                     l1907:
  5952                           
  5953                           ;mcc_generated_files/eusart1.c: 121:     eusart1TxTail = 0;
  5954     015D  01F6               	clrf	_eusart1TxTail	;volatile
  5955     015E                     l1909:
  5956                           
  5957                           ;mcc_generated_files/eusart1.c: 122:     eusart1TxBufferRemaining = sizeof(eusart1TxBuff
      +                          er);
  5958     015E  3008               	movlw	8
  5959     015F  00F5               	movwf	_eusart1TxBufferRemaining	;volatile
  5960     0160                     l1911:
  5961                           
  5962                           ;mcc_generated_files/eusart1.c: 124:     eusart1RxHead = 0;
  5963     0160  01F4               	clrf	_eusart1RxHead	;volatile
  5964     0161                     l1913:
  5965                           
  5966                           ;mcc_generated_files/eusart1.c: 125:     eusart1RxTail = 0;
  5967     0161  01F3               	clrf	_eusart1RxTail	;volatile
  5968     0162                     l1915:
  5969                           
  5970                           ;mcc_generated_files/eusart1.c: 126:     eusart1RxCount = 0;
  5971     0162  01F2               	clrf	_eusart1RxCount	;volatile
  5972     0163                     l1917:
  5973                           
  5974                           ;mcc_generated_files/eusart1.c: 129:     PIE3bits.RC1IE = 1;
  5975     0163  014E               	movlb	14	; select bank14
  5976     0164  1699               	bsf	25,5	;volatile
  5977     0165                     l217:
  5978     0165  0008               	return
  5979     0166                     __end_of_EUSART1_Initialize:
  5980                           
  5981                           	psect	text10
  5982     02B0                     __ptext10:	
  5983 ;; *************** function _EUSART1_SetTxInterruptHandler *****************
  5984 ;; Defined at:
  5985 ;;		line 276 in file "mcc_generated_files/eusart1.c"
  5986 ;; Parameters:    Size  Location     Type
  5987 ;;  interruptHan    2    0[BANK0 ] PTR FTN()void 
  5988 ;;		 -> EUSART1_Transmit_ISR(1), 
  5989 ;; Auto vars:     Size  Location     Type
  5990 ;;		None
  5991 ;; Return value:  Size  Location     Type
  5992 ;;                  1    wreg      void 
  5993 ;; Registers used:
  5994 ;;		wreg
  5995 ;; Tracked objects:
  5996 ;;		On entry : 0/0
  5997 ;;		On exit  : 0/0
  5998 ;;		Unchanged: 0/0
  5999 ;; Data sizes:     COMMON   BANK0   BANK1   BANK2   BANK3   BANK4   BANK5   BANK6   BANK7   BANK8   BANK9  BANK10  BANK1
      +1  BANK12  BANK13  BANK14  BANK15  BANK16  BANK17  BANK18  BANK19  BANK20  BANK21  BANK22  BANK23  BANK24  BANK25
  6000 ;;      Params:         0       2       0       0       0       0       0       0       0       0       0       0       
      +0       0       0       0       0       0       0       0       0       0       0       0       0       0       0
  6001 ;;      Locals:         0       0       0       0       0       0       0       0       0       0       0       0       
      +0       0       0       0       0       0       0       0       0       0       0       0       0       0       0
  6002 ;;      Temps:          0       0       0       0       0       0       0       0       0       0       0       0       
      +0       0       0       0       0       0       0       0       0       0       0       0       0       0       0
  6003 ;;      Totals:         0       2       0       0       0       0       0       0       0       0       0       0       
      +0       0       0       0       0       0       0       0       0       0       0       0       0       0       0
  6004 ;;Total ram usage:        2 bytes
  6005 ;; Hardware stack levels used: 1
  6006 ;; Hardware stack levels required when called: 5
  6007 ;; This function calls:
  6008 ;;		Nothing
  6009 ;; This function is called by:
  6010 ;;		_EUSART1_Initialize
  6011 ;; This function uses a non-reentrant model
  6012 ;;
  6013                           
  6014     02B0                     _EUSART1_SetTxInterruptHandler:	
  6015                           ;psect for function _EUSART1_SetTxInterruptHandler
  6016                           
  6017     02B0                     l1861:	
  6018                           ;incstack = 0
  6019                           ; Regs used in _EUSART1_SetTxInterruptHandler: [wreg]
  6020                           
  6021                           
  6022                           ;mcc_generated_files/eusart1.c: 277:     EUSART1_TxDefaultInterruptHandler = interruptHa
      +                          ndler;
  6023     02B0  0140               	movlb	0	; select bank0
  6024     02B1  0821               	movf	EUSART1_SetTxInterruptHandler@interruptHandler+1,w
  6025     02B2  00E6               	movwf	_EUSART1_TxDefaultInterruptHandler+1
  6026     02B3  0820               	movf	EUSART1_SetTxInterruptHandler@interruptHandler,w
  6027     02B4  00E5               	movwf	_EUSART1_TxDefaultInterruptHandler
  6028     02B5                     l283:
  6029     02B5  0008               	return
  6030     02B6                     __end_of_EUSART1_SetTxInterruptHandler:
  6031                           
  6032                           	psect	text11
  6033     02B6                     __ptext11:	
  6034 ;; *************** function _EUSART1_SetRxInterruptHandler *****************
  6035 ;; Defined at:
  6036 ;;		line 280 in file "mcc_generated_files/eusart1.c"
  6037 ;; Parameters:    Size  Location     Type
  6038 ;;  interruptHan    2    0[BANK0 ] PTR FTN()void 
  6039 ;;		 -> EUSART1_Receive_ISR(1), 
  6040 ;; Auto vars:     Size  Location     Type
  6041 ;;		None
  6042 ;; Return value:  Size  Location     Type
  6043 ;;                  1    wreg      void 
  6044 ;; Registers used:
  6045 ;;		wreg
  6046 ;; Tracked objects:
  6047 ;;		On entry : 0/0
  6048 ;;		On exit  : 0/0
  6049 ;;		Unchanged: 0/0
  6050 ;; Data sizes:     COMMON   BANK0   BANK1   BANK2   BANK3   BANK4   BANK5   BANK6   BANK7   BANK8   BANK9  BANK10  BANK1
      +1  BANK12  BANK13  BANK14  BANK15  BANK16  BANK17  BANK18  BANK19  BANK20  BANK21  BANK22  BANK23  BANK24  BANK25
  6051 ;;      Params:         0       2       0       0       0       0       0       0       0       0       0       0       
      +0       0       0       0       0       0       0       0       0       0       0       0       0       0       0
  6052 ;;      Locals:         0       0       0       0       0       0       0       0       0       0       0       0       
      +0       0       0       0       0       0       0       0       0       0       0       0       0       0       0
  6053 ;;      Temps:          0       0       0       0       0       0       0       0       0       0       0       0       
      +0       0       0       0       0       0       0       0       0       0       0       0       0       0       0
  6054 ;;      Totals:         0       2       0       0       0       0       0       0       0       0       0       0       
      +0       0       0       0       0       0       0       0       0       0       0       0       0       0       0
  6055 ;;Total ram usage:        2 bytes
  6056 ;; Hardware stack levels used: 1
  6057 ;; Hardware stack levels required when called: 5
  6058 ;; This function calls:
  6059 ;;		Nothing
  6060 ;; This function is called by:
  6061 ;;		_EUSART1_Initialize
  6062 ;; This function uses a non-reentrant model
  6063 ;;
  6064                           
  6065     02B6                     _EUSART1_SetRxInterruptHandler:	
  6066                           ;psect for function _EUSART1_SetRxInterruptHandler
  6067                           
  6068     02B6                     l1859:	
  6069                           ;incstack = 0
  6070                           ; Regs used in _EUSART1_SetRxInterruptHandler: [wreg]
  6071                           
  6072                           
  6073                           ;mcc_generated_files/eusart1.c: 281:     EUSART1_RxDefaultInterruptHandler = interruptHa
      +                          ndler;
  6074     02B6  0140               	movlb	0	; select bank0
  6075     02B7  0821               	movf	EUSART1_SetRxInterruptHandler@interruptHandler+1,w
  6076     02B8  00E4               	movwf	_EUSART1_RxDefaultInterruptHandler+1
  6077     02B9  0820               	movf	EUSART1_SetRxInterruptHandler@interruptHandler,w
  6078     02BA  00E3               	movwf	_EUSART1_RxDefaultInterruptHandler
  6079     02BB                     l286:
  6080     02BB  0008               	return
  6081     02BC                     __end_of_EUSART1_SetRxInterruptHandler:
  6082                           
  6083                           	psect	text12
  6084     02BC                     __ptext12:	
  6085 ;; *************** function _EUSART1_SetOverrunErrorHandler *****************
  6086 ;; Defined at:
  6087 ;;		line 268 in file "mcc_generated_files/eusart1.c"
  6088 ;; Parameters:    Size  Location     Type
  6089 ;;  interruptHan    2    0[BANK0 ] PTR FTN()void 
  6090 ;;		 -> EUSART1_DefaultOverrunErrorHandler(1), 
  6091 ;; Auto vars:     Size  Location     Type
  6092 ;;		None
  6093 ;; Return value:  Size  Location     Type
  6094 ;;                  1    wreg      void 
  6095 ;; Registers used:
  6096 ;;		wreg
  6097 ;; Tracked objects:
  6098 ;;		On entry : 0/0
  6099 ;;		On exit  : 0/0
  6100 ;;		Unchanged: 0/0
  6101 ;; Data sizes:     COMMON   BANK0   BANK1   BANK2   BANK3   BANK4   BANK5   BANK6   BANK7   BANK8   BANK9  BANK10  BANK1
      +1  BANK12  BANK13  BANK14  BANK15  BANK16  BANK17  BANK18  BANK19  BANK20  BANK21  BANK22  BANK23  BANK24  BANK25
  6102 ;;      Params:         0       2       0       0       0       0       0       0       0       0       0       0       
      +0       0       0       0       0       0       0       0       0       0       0       0       0       0       0
  6103 ;;      Locals:         0       0       0       0       0       0       0       0       0       0       0       0       
      +0       0       0       0       0       0       0       0       0       0       0       0       0       0       0
  6104 ;;      Temps:          0       0       0       0       0       0       0       0       0       0       0       0       
      +0       0       0       0       0       0       0       0       0       0       0       0       0       0       0
  6105 ;;      Totals:         0       2       0       0       0       0       0       0       0       0       0       0       
      +0       0       0       0       0       0       0       0       0       0       0       0       0       0       0
  6106 ;;Total ram usage:        2 bytes
  6107 ;; Hardware stack levels used: 1
  6108 ;; Hardware stack levels required when called: 5
  6109 ;; This function calls:
  6110 ;;		Nothing
  6111 ;; This function is called by:
  6112 ;;		_EUSART1_Initialize
  6113 ;; This function uses a non-reentrant model
  6114 ;;
  6115                           
  6116     02BC                     _EUSART1_SetOverrunErrorHandler:	
  6117                           ;psect for function _EUSART1_SetOverrunErrorHandler
  6118                           
  6119     02BC                     l1865:	
  6120                           ;incstack = 0
  6121                           ; Regs used in _EUSART1_SetOverrunErrorHandler: [wreg]
  6122                           
  6123                           
  6124                           ;mcc_generated_files/eusart1.c: 269:     EUSART1_OverrunErrorHandler = interruptHandler;
  6125     02BC  0140               	movlb	0	; select bank0
  6126     02BD  0821               	movf	EUSART1_SetOverrunErrorHandler@interruptHandler+1,w
  6127     02BE  00DE               	movwf	_EUSART1_OverrunErrorHandler+1
  6128     02BF  0820               	movf	EUSART1_SetOverrunErrorHandler@interruptHandler,w
  6129     02C0  00DD               	movwf	_EUSART1_OverrunErrorHandler
  6130     02C1                     l277:
  6131     02C1  0008               	return
  6132     02C2                     __end_of_EUSART1_SetOverrunErrorHandler:
  6133                           
  6134                           	psect	text13
  6135     02C2                     __ptext13:	
  6136 ;; *************** function _EUSART1_SetFramingErrorHandler *****************
  6137 ;; Defined at:
  6138 ;;		line 264 in file "mcc_generated_files/eusart1.c"
  6139 ;; Parameters:    Size  Location     Type
  6140 ;;  interruptHan    2    0[BANK0 ] PTR FTN()void 
  6141 ;;		 -> EUSART1_DefaultFramingErrorHandler(1), 
  6142 ;; Auto vars:     Size  Location     Type
  6143 ;;		None
  6144 ;; Return value:  Size  Location     Type
  6145 ;;                  1    wreg      void 
  6146 ;; Registers used:
  6147 ;;		wreg
  6148 ;; Tracked objects:
  6149 ;;		On entry : 0/0
  6150 ;;		On exit  : 0/0
  6151 ;;		Unchanged: 0/0
  6152 ;; Data sizes:     COMMON   BANK0   BANK1   BANK2   BANK3   BANK4   BANK5   BANK6   BANK7   BANK8   BANK9  BANK10  BANK1
      +1  BANK12  BANK13  BANK14  BANK15  BANK16  BANK17  BANK18  BANK19  BANK20  BANK21  BANK22  BANK23  BANK24  BANK25
  6153 ;;      Params:         0       2       0       0       0       0       0       0       0       0       0       0       
      +0       0       0       0       0       0       0       0       0       0       0       0       0       0       0
  6154 ;;      Locals:         0       0       0       0       0       0       0       0       0       0       0       0       
      +0       0       0       0       0       0       0       0       0       0       0       0       0       0       0
  6155 ;;      Temps:          0       0       0       0       0       0       0       0       0       0       0       0       
      +0       0       0       0       0       0       0       0       0       0       0       0       0       0       0
  6156 ;;      Totals:         0       2       0       0       0       0       0       0       0       0       0       0       
      +0       0       0       0       0       0       0       0       0       0       0       0       0       0       0
  6157 ;;Total ram usage:        2 bytes
  6158 ;; Hardware stack levels used: 1
  6159 ;; Hardware stack levels required when called: 5
  6160 ;; This function calls:
  6161 ;;		Nothing
  6162 ;; This function is called by:
  6163 ;;		_EUSART1_Initialize
  6164 ;; This function uses a non-reentrant model
  6165 ;;
  6166                           
  6167     02C2                     _EUSART1_SetFramingErrorHandler:	
  6168                           ;psect for function _EUSART1_SetFramingErrorHandler
  6169                           
  6170     02C2                     l1863:	
  6171                           ;incstack = 0
  6172                           ; Regs used in _EUSART1_SetFramingErrorHandler: [wreg]
  6173                           
  6174                           
  6175                           ;mcc_generated_files/eusart1.c: 265:     EUSART1_FramingErrorHandler = interruptHandler;
  6176     02C2  0140               	movlb	0	; select bank0
  6177     02C3  0821               	movf	EUSART1_SetFramingErrorHandler@interruptHandler+1,w
  6178     02C4  00E0               	movwf	_EUSART1_FramingErrorHandler+1
  6179     02C5  0820               	movf	EUSART1_SetFramingErrorHandler@interruptHandler,w
  6180     02C6  00DF               	movwf	_EUSART1_FramingErrorHandler
  6181     02C7                     l274:
  6182     02C7  0008               	return
  6183     02C8                     __end_of_EUSART1_SetFramingErrorHandler:
  6184                           
  6185                           	psect	text14
  6186     02C8                     __ptext14:	
  6187 ;; *************** function _EUSART1_SetErrorHandler *****************
  6188 ;; Defined at:
  6189 ;;		line 272 in file "mcc_generated_files/eusart1.c"
  6190 ;; Parameters:    Size  Location     Type
  6191 ;;  interruptHan    2    0[BANK0 ] PTR FTN()void 
  6192 ;;		 -> EUSART1_DefaultErrorHandler(1), 
  6193 ;; Auto vars:     Size  Location     Type
  6194 ;;		None
  6195 ;; Return value:  Size  Location     Type
  6196 ;;                  1    wreg      void 
  6197 ;; Registers used:
  6198 ;;		wreg
  6199 ;; Tracked objects:
  6200 ;;		On entry : 0/0
  6201 ;;		On exit  : 0/0
  6202 ;;		Unchanged: 0/0
  6203 ;; Data sizes:     COMMON   BANK0   BANK1   BANK2   BANK3   BANK4   BANK5   BANK6   BANK7   BANK8   BANK9  BANK10  BANK1
      +1  BANK12  BANK13  BANK14  BANK15  BANK16  BANK17  BANK18  BANK19  BANK20  BANK21  BANK22  BANK23  BANK24  BANK25
  6204 ;;      Params:         0       2       0       0       0       0       0       0       0       0       0       0       
      +0       0       0       0       0       0       0       0       0       0       0       0       0       0       0
  6205 ;;      Locals:         0       0       0       0       0       0       0       0       0       0       0       0       
      +0       0       0       0       0       0       0       0       0       0       0       0       0       0       0
  6206 ;;      Temps:          0       0       0       0       0       0       0       0       0       0       0       0       
      +0       0       0       0       0       0       0       0       0       0       0       0       0       0       0
  6207 ;;      Totals:         0       2       0       0       0       0       0       0       0       0       0       0       
      +0       0       0       0       0       0       0       0       0       0       0       0       0       0       0
  6208 ;;Total ram usage:        2 bytes
  6209 ;; Hardware stack levels used: 1
  6210 ;; Hardware stack levels required when called: 5
  6211 ;; This function calls:
  6212 ;;		Nothing
  6213 ;; This function is called by:
  6214 ;;		_EUSART1_Initialize
  6215 ;; This function uses a non-reentrant model
  6216 ;;
  6217                           
  6218     02C8                     _EUSART1_SetErrorHandler:	
  6219                           ;psect for function _EUSART1_SetErrorHandler
  6220                           
  6221     02C8                     l1867:	
  6222                           ;incstack = 0
  6223                           ; Regs used in _EUSART1_SetErrorHandler: [wreg]
  6224                           
  6225                           
  6226                           ;mcc_generated_files/eusart1.c: 273:     EUSART1_ErrorHandler = interruptHandler;
  6227     02C8  0140               	movlb	0	; select bank0
  6228     02C9  0821               	movf	EUSART1_SetErrorHandler@interruptHandler+1,w
  6229     02CA  00DC               	movwf	_EUSART1_ErrorHandler+1
  6230     02CB  0820               	movf	EUSART1_SetErrorHandler@interruptHandler,w
  6231     02CC  00DB               	movwf	_EUSART1_ErrorHandler
  6232     02CD                     l280:
  6233     02CD  0008               	return
  6234     02CE                     __end_of_EUSART1_SetErrorHandler:
  6235                           
  6236                           	psect	intentry
  6237     0004                     __pintentry:	
  6238 ;; *************** function _INTERRUPT_InterruptManager *****************
  6239 ;; Defined at:
  6240 ;;		line 52 in file "mcc_generated_files/interrupt_manager.c"
  6241 ;; Parameters:    Size  Location     Type
  6242 ;;		None
  6243 ;; Auto vars:     Size  Location     Type
  6244 ;;		None
  6245 ;; Return value:  Size  Location     Type
  6246 ;;                  1    wreg      void 
  6247 ;; Registers used:
  6248 ;;		wreg, fsr1l, fsr1h, status,2, status,0, pclath, cstack
  6249 ;; Tracked objects:
  6250 ;;		On entry : 0/0
  6251 ;;		On exit  : 0/0
  6252 ;;		Unchanged: 0/0
  6253 ;; Data sizes:     COMMON   BANK0   BANK1   BANK2   BANK3   BANK4   BANK5   BANK6   BANK7   BANK8   BANK9  BANK10  BANK1
      +1  BANK12  BANK13  BANK14  BANK15  BANK16  BANK17  BANK18  BANK19  BANK20  BANK21  BANK22  BANK23  BANK24  BANK25
  6254 ;;      Params:         0       0       0       0       0       0       0       0       0       0       0       0       
      +0       0       0       0       0       0       0       0       0       0       0       0       0       0       0
  6255 ;;      Locals:         0       0       0       0       0       0       0       0       0       0       0       0       
      +0       0       0       0       0       0       0       0       0       0       0       0       0       0       0
  6256 ;;      Temps:          0       0       0       0       0       0       0       0       0       0       0       0       
      +0       0       0       0       0       0       0       0       0       0       0       0       0       0       0
  6257 ;;      Totals:         0       0       0       0       0       0       0       0       0       0       0       0       
      +0       0       0       0       0       0       0       0       0       0       0       0       0       0       0
  6258 ;;Total ram usage:        0 bytes
  6259 ;; Hardware stack levels used: 1
  6260 ;; Hardware stack levels required when called: 4
  6261 ;; This function calls:
  6262 ;;		NULL
  6263 ;;		_EUSART1_Receive_ISR
  6264 ;;		_EUSART1_Transmit_ISR
  6265 ;;		_NCO1_ISR
  6266 ;;		_TMR1_ISR
  6267 ;; This function is called by:
  6268 ;;		Interrupt level 1
  6269 ;; This function uses a non-reentrant model
  6270 ;;
  6271                           
  6272     0004                     _INTERRUPT_InterruptManager:
  6273                           
  6274                           ;incstack = 0
  6275     0004  147E               	bsf	int$flags,0	;set compiler interrupt flag (level 1)
  6276                           
  6277                           ; Regs used in _INTERRUPT_InterruptManager: [wreg+fsr1l+fsr1h+status,2+status,0+pclath+c
      +                          stack]
  6278     0005  3180               	pagesel	$
  6279     0006  3000               	movlw	low ___int_sp
  6280     0007  0086               	movwf	6
  6281     0008  3000               	movlw	high ___int_sp
  6282     0009  0087               	movwf	7
  6283     000A                     i1l1749:
  6284                           
  6285                           ;mcc_generated_files/interrupt_manager.c: 55:     if(INTCONbits.PEIE == 1)
  6286     000A  1F0B               	btfss	11,6	;volatile
  6287     000B  280D               	goto	u60_21
  6288     000C  280E               	goto	u60_20
  6289     000D                     u60_21:
  6290     000D  2844               	goto	i1l37
  6291     000E                     u60_20:
  6292     000E                     i1l1751:
  6293                           
  6294                           ;mcc_generated_files/interrupt_manager.c: 56:     {;mcc_generated_files/interrupt_manage
      +                          r.c: 57:         if(PIE7bits.NCO1IE == 1 && PIR7bits.NCO1IF == 1)
  6295     000E  014E               	movlb	14	; select bank14
  6296     000F  1E1D               	btfss	29,4	;volatile
  6297     0010  2812               	goto	u61_21
  6298     0011  2813               	goto	u61_20
  6299     0012                     u61_21:
  6300     0012  281B               	goto	i1l28
  6301     0013                     u61_20:
  6302     0013                     i1l1753:
  6303     0013  1E13               	btfss	19,4	;volatile
  6304     0014  2816               	goto	u62_21
  6305     0015  2817               	goto	u62_20
  6306     0016                     u62_21:
  6307     0016  281B               	goto	i1l28
  6308     0017                     u62_20:
  6309     0017                     i1l1755:
  6310                           
  6311                           ;mcc_generated_files/interrupt_manager.c: 58:         {;mcc_generated_files/interrupt_ma
      +                          nager.c: 59:             NCO1_ISR();
  6312     0017  3182  22D6  3180   	fcall	_NCO1_ISR
  6313                           
  6314                           ;mcc_generated_files/interrupt_manager.c: 60:         }
  6315     001A  2844               	goto	i1l37
  6316     001B                     i1l28:	
  6317                           ;mcc_generated_files/interrupt_manager.c: 61:         else if(PIE3bits.TX1IE == 1 && PIR
      +                          3bits.TX1IF == 1)
  6318                           
  6319     001B  1E19               	btfss	25,4	;volatile
  6320     001C  281E               	goto	u63_21
  6321     001D  281F               	goto	u63_20
  6322     001E                     u63_21:
  6323     001E  282A               	goto	i1l30
  6324     001F                     u63_20:
  6325     001F                     i1l1757:
  6326     001F  1E0F               	btfss	15,4	;volatile
  6327     0020  2822               	goto	u64_21
  6328     0021  2823               	goto	u64_20
  6329     0022                     u64_21:
  6330     0022  282A               	goto	i1l30
  6331     0023                     u64_20:
  6332     0023                     i1l1759:
  6333                           
  6334                           ;mcc_generated_files/interrupt_manager.c: 62:         {;mcc_generated_files/interrupt_ma
      +                          nager.c: 63:             EUSART1_TxDefaultInterruptHandler();
  6335     0023  0140               	movlb	0	; select bank0
  6336     0024  0866               	movf	_EUSART1_TxDefaultInterruptHandler+1,w
  6337     0025  008A               	movwf	10
  6338     0026  0865               	movf	_EUSART1_TxDefaultInterruptHandler,w
  6339     0027  000A               	callw
  6340     0028  3180               	pagesel	$
  6341                           
  6342                           ;mcc_generated_files/interrupt_manager.c: 64:         }
  6343     0029  2844               	goto	i1l37
  6344     002A                     i1l30:	
  6345                           ;mcc_generated_files/interrupt_manager.c: 65:         else if(PIE3bits.RC1IE == 1 && PIR
      +                          3bits.RC1IF == 1)
  6346                           
  6347     002A  1E99               	btfss	25,5	;volatile
  6348     002B  282D               	goto	u65_21
  6349     002C  282E               	goto	u65_20
  6350     002D                     u65_21:
  6351     002D  2839               	goto	i1l32
  6352     002E                     u65_20:
  6353     002E                     i1l1761:
  6354     002E  1E8F               	btfss	15,5	;volatile
  6355     002F  2831               	goto	u66_21
  6356     0030  2832               	goto	u66_20
  6357     0031                     u66_21:
  6358     0031  2839               	goto	i1l32
  6359     0032                     u66_20:
  6360     0032                     i1l1763:
  6361                           
  6362                           ;mcc_generated_files/interrupt_manager.c: 66:         {;mcc_generated_files/interrupt_ma
      +                          nager.c: 67:             EUSART1_RxDefaultInterruptHandler();
  6363     0032  0140               	movlb	0	; select bank0
  6364     0033  0864               	movf	_EUSART1_RxDefaultInterruptHandler+1,w
  6365     0034  008A               	movwf	10
  6366     0035  0863               	movf	_EUSART1_RxDefaultInterruptHandler,w
  6367     0036  000A               	callw
  6368     0037  3180               	pagesel	$
  6369                           
  6370                           ;mcc_generated_files/interrupt_manager.c: 68:         }
  6371     0038  2844               	goto	i1l37
  6372     0039                     i1l32:	
  6373                           ;mcc_generated_files/interrupt_manager.c: 69:         else if(PIE4bits.TMR1IE == 1 && PI
      +                          R4bits.TMR1IF == 1)
  6374                           
  6375     0039  1C1A               	btfss	26,0	;volatile
  6376     003A  283C               	goto	u67_21
  6377     003B  283D               	goto	u67_20
  6378     003C                     u67_21:
  6379     003C  2844               	goto	i1l37
  6380     003D                     u67_20:
  6381     003D                     i1l1765:
  6382     003D  1C10               	btfss	16,0	;volatile
  6383     003E  2840               	goto	u68_21
  6384     003F  2841               	goto	u68_20
  6385     0040                     u68_21:
  6386     0040  2844               	goto	i1l37
  6387     0041                     u68_20:
  6388     0041                     i1l1767:
  6389                           
  6390                           ;mcc_generated_files/interrupt_manager.c: 70:         {;mcc_generated_files/interrupt_ma
      +                          nager.c: 71:             TMR1_ISR();
  6391     0041  3182  226C  3180   	fcall	_TMR1_ISR
  6392     0044                     i1l37:	
  6393                           ;mcc_generated_files/interrupt_manager.c: 72:         }
  6394                           
  6395     0044  107E               	bcf	int$flags,0	;clear compiler interrupt flag (level 1)
  6396     0045  0009               	retfie
  6397     0046                     __end_of_INTERRUPT_InterruptManager:
  6398                           
  6399                           	psect	text16
  6400     026C                     __ptext16:	
  6401 ;; *************** function _TMR1_ISR *****************
  6402 ;; Defined at:
  6403 ;;		line 165 in file "mcc_generated_files/tmr1.c"
  6404 ;; Parameters:    Size  Location     Type
  6405 ;;		None
  6406 ;; Auto vars:     Size  Location     Type
  6407 ;;		None
  6408 ;; Return value:  Size  Location     Type
  6409 ;;                  1    wreg      void 
  6410 ;; Registers used:
  6411 ;;		wreg, fsr1l, fsr1h, status,2, status,0, pclath, cstack
  6412 ;; Tracked objects:
  6413 ;;		On entry : 0/0
  6414 ;;		On exit  : 0/0
  6415 ;;		Unchanged: 0/0
  6416 ;; Data sizes:     COMMON   BANK0   BANK1   BANK2   BANK3   BANK4   BANK5   BANK6   BANK7   BANK8   BANK9  BANK10  BANK1
      +1  BANK12  BANK13  BANK14  BANK15  BANK16  BANK17  BANK18  BANK19  BANK20  BANK21  BANK22  BANK23  BANK24  BANK25
  6417 ;;      Params:         0       0       0       0       0       0       0       0       0       0       0       0       
      +0       0       0       0       0       0       0       0       0       0       0       0       0       0       0
  6418 ;;      Locals:         0       0       0       0       0       0       0       0       0       0       0       0       
      +0       0       0       0       0       0       0       0       0       0       0       0       0       0       0
  6419 ;;      Temps:          0       0       0       0       0       0       0       0       0       0       0       0       
      +0       0       0       0       0       0       0       0       0       0       0       0       0       0       0
  6420 ;;      Totals:         0       0       0       0       0       0       0       0       0       0       0       0       
      +0       0       0       0       0       0       0       0       0       0       0       0       0       0       0
  6421 ;;Total ram usage:        0 bytes
  6422 ;; Hardware stack levels used: 1
  6423 ;; Hardware stack levels required when called: 3
  6424 ;; This function calls:
  6425 ;;		_Serial_Timer100msISR
  6426 ;;		_TMR1_WriteTimer
  6427 ;; This function is called by:
  6428 ;;		_INTERRUPT_InterruptManager
  6429 ;; This function uses a non-reentrant model
  6430 ;;
  6431                           
  6432     026C                     _TMR1_ISR:	
  6433                           ;psect for function _TMR1_ISR
  6434                           
  6435     026C                     i1l1703:	
  6436                           ;incstack = 0
  6437                           ; Regs used in _TMR1_ISR: [wreg+fsr1l+fsr1h+status,2+status,0+pclath+cstack]
  6438                           
  6439                           
  6440                           ;mcc_generated_files/tmr1.c: 169:     PIR4bits.TMR1IF = 0;
  6441     026C  014E               	movlb	14	; select bank14
  6442     026D  1010               	bcf	16,0	;volatile
  6443     026E                     i1l1705:
  6444                           
  6445                           ;mcc_generated_files/tmr1.c: 170:     TMR1_WriteTimer(timer1ReloadVal);
  6446     026E  0871               	movf	_timer1ReloadVal+1,w	;volatile
  6447     026F  00F9               	movwf	TMR1_WriteTimer@timerVal+1
  6448     0270  0870               	movf	_timer1ReloadVal,w	;volatile
  6449     0271  00F8               	movwf	TMR1_WriteTimer@timerVal
  6450     0272  3182  225B  3182   	fcall	_TMR1_WriteTimer
  6451     0275                     i1l1707:
  6452                           
  6453                           ;mcc_generated_files/tmr1.c: 172:     Serial_Timer100msISR();
  6454     0275  3182  2294  3182   	fcall	_Serial_Timer100msISR
  6455     0278                     i1l96:
  6456     0278  0008               	return
  6457     0279                     __end_of_TMR1_ISR:
  6458                           
  6459                           	psect	text17
  6460     025B                     __ptext17:	
  6461 ;; *************** function _TMR1_WriteTimer *****************
  6462 ;; Defined at:
  6463 ;;		line 128 in file "mcc_generated_files/tmr1.c"
  6464 ;; Parameters:    Size  Location     Type
  6465 ;;  timerVal        2    0[COMMON] unsigned short 
  6466 ;; Auto vars:     Size  Location     Type
  6467 ;;		None
  6468 ;; Return value:  Size  Location     Type
  6469 ;;                  1    wreg      void 
  6470 ;; Registers used:
  6471 ;;		wreg, status,2
  6472 ;; Tracked objects:
  6473 ;;		On entry : 0/0
  6474 ;;		On exit  : 0/0
  6475 ;;		Unchanged: 0/0
  6476 ;; Data sizes:     COMMON   BANK0   BANK1   BANK2   BANK3   BANK4   BANK5   BANK6   BANK7   BANK8   BANK9  BANK10  BANK1
      +1  BANK12  BANK13  BANK14  BANK15  BANK16  BANK17  BANK18  BANK19  BANK20  BANK21  BANK22  BANK23  BANK24  BANK25
  6477 ;;      Params:         2       0       0       0       0       0       0       0       0       0       0       0       
      +0       0       0       0       0       0       0       0       0       0       0       0       0       0       0
  6478 ;;      Locals:         0       0       0       0       0       0       0       0       0       0       0       0       
      +0       0       0       0       0       0       0       0       0       0       0       0       0       0       0
  6479 ;;      Temps:          0       0       0       0       0       0       0       0       0       0       0       0       
      +0       0       0       0       0       0       0       0       0       0       0       0       0       0       0
  6480 ;;      Totals:         2       0       0       0       0       0       0       0       0       0       0       0       
      +0       0       0       0       0       0       0       0       0       0       0       0       0       0       0
  6481 ;;Total ram usage:        2 bytes
  6482 ;; Hardware stack levels used: 1
  6483 ;; This function calls:
  6484 ;;		Nothing
  6485 ;; This function is called by:
  6486 ;;		_TMR1_ISR
  6487 ;;		_TMR1_Reload
  6488 ;; This function uses a non-reentrant model
  6489 ;;
  6490                           
  6491     025B                     _TMR1_WriteTimer:	
  6492                           ;psect for function _TMR1_WriteTimer
  6493                           
  6494     025B                     i1l1583:	
  6495                           ;incstack = 0
  6496                           ; Regs used in _TMR1_WriteTimer: [wreg+status,2]
  6497                           
  6498                           
  6499                           ;mcc_generated_files/tmr1.c: 128: void TMR1_WriteTimer(uint16_t timerVal);mcc_generated_
      +                          files/tmr1.c: 129: {;mcc_generated_files/tmr1.c: 130:     if (T1CONbits.NOT_SYNC == 1)
  6500     025B  0144               	movlb	4	; select bank4
  6501     025C  1D0E               	btfss	14,2	;volatile
  6502     025D  2A5F               	goto	u54_21
  6503     025E  2A60               	goto	u54_20
  6504     025F                     u54_21:
  6505     025F  2A67               	goto	i1l1593
  6506     0260                     u54_20:
  6507     0260                     i1l1585:
  6508                           
  6509                           ;mcc_generated_files/tmr1.c: 131:     {;mcc_generated_files/tmr1.c: 133:         T1CONbi
      +                          ts.TMR1ON = 0;
  6510     0260  100E               	bcf	14,0	;volatile
  6511     0261                     i1l1587:
  6512                           
  6513                           ;mcc_generated_files/tmr1.c: 136:         TMR1H = (uint8_t)(timerVal >> 8);
  6514     0261  0879               	movf	TMR1_WriteTimer@timerVal+1,w
  6515     0262  008D               	movwf	13	;volatile
  6516     0263                     i1l1589:
  6517                           
  6518                           ;mcc_generated_files/tmr1.c: 137:         TMR1L = (uint8_t)timerVal;
  6519     0263  0878               	movf	TMR1_WriteTimer@timerVal,w
  6520     0264  008C               	movwf	12	;volatile
  6521     0265                     i1l1591:
  6522                           
  6523                           ;mcc_generated_files/tmr1.c: 140:         T1CONbits.TMR1ON =1;
  6524     0265  140E               	bsf	14,0	;volatile
  6525                           
  6526                           ;mcc_generated_files/tmr1.c: 141:     }
  6527     0266  2A6B               	goto	i1l84
  6528     0267                     i1l1593:
  6529                           
  6530                           ;mcc_generated_files/tmr1.c: 143:     {;mcc_generated_files/tmr1.c: 145:         TMR1H =
      +                           (uint8_t)(timerVal >> 8);
  6531     0267  0879               	movf	TMR1_WriteTimer@timerVal+1,w
  6532     0268  008D               	movwf	13	;volatile
  6533     0269                     i1l1595:
  6534                           
  6535                           ;mcc_generated_files/tmr1.c: 146:         TMR1L = (uint8_t)timerVal;
  6536     0269  0878               	movf	TMR1_WriteTimer@timerVal,w
  6537     026A  008C               	movwf	12	;volatile
  6538     026B                     i1l84:
  6539     026B  0008               	return
  6540     026C                     __end_of_TMR1_WriteTimer:
  6541                           
  6542                           	psect	text18
  6543     0294                     __ptext18:	
  6544 ;; *************** function _Serial_Timer100msISR *****************
  6545 ;; Defined at:
  6546 ;;		line 23 in file "mcc_generated_files/serial.c"
  6547 ;; Parameters:    Size  Location     Type
  6548 ;;		None
  6549 ;; Auto vars:     Size  Location     Type
  6550 ;;		None
  6551 ;; Return value:  Size  Location     Type
  6552 ;;                  1    wreg      void 
  6553 ;; Registers used:
  6554 ;;		wreg, fsr1l, fsr1h, status,2, status,0, pclath, cstack
  6555 ;; Tracked objects:
  6556 ;;		On entry : 0/0
  6557 ;;		On exit  : 0/0
  6558 ;;		Unchanged: 0/0
  6559 ;; Data sizes:     COMMON   BANK0   BANK1   BANK2   BANK3   BANK4   BANK5   BANK6   BANK7   BANK8   BANK9  BANK10  BANK1
      +1  BANK12  BANK13  BANK14  BANK15  BANK16  BANK17  BANK18  BANK19  BANK20  BANK21  BANK22  BANK23  BANK24  BANK25
  6560 ;;      Params:         0       0       0       0       0       0       0       0       0       0       0       0       
      +0       0       0       0       0       0       0       0       0       0       0       0       0       0       0
  6561 ;;      Locals:         0       0       0       0       0       0       0       0       0       0       0       0       
      +0       0       0       0       0       0       0       0       0       0       0       0       0       0       0
  6562 ;;      Temps:          0       0       0       0       0       0       0       0       0       0       0       0       
      +0       0       0       0       0       0       0       0       0       0       0       0       0       0       0
  6563 ;;      Totals:         0       0       0       0       0       0       0       0       0       0       0       0       
      +0       0       0       0       0       0       0       0       0       0       0       0       0       0       0
  6564 ;;Total ram usage:        0 bytes
  6565 ;; Hardware stack levels used: 1
  6566 ;; Hardware stack levels required when called: 2
  6567 ;; This function calls:
  6568 ;;		_SerialSendData
  6569 ;; This function is called by:
  6570 ;;		_TMR1_ISR
  6571 ;; This function uses a non-reentrant model
  6572 ;;
  6573                           
  6574     0294                     _Serial_Timer100msISR:	
  6575                           ;psect for function _Serial_Timer100msISR
  6576                           
  6577     0294                     i1l1597:	
  6578                           ;incstack = 0
  6579                           ; Regs used in _Serial_Timer100msISR: [wreg+fsr1l+fsr1h+status,2+status,0+pclath+cstack]
  6580                           
  6581                           
  6582                           ;mcc_generated_files/serial.c: 27:     SerialSendData(1000);
  6583     0294  30E8               	movlw	232
  6584     0295  00F9               	movwf	SerialSendData@value
  6585     0296  3003               	movlw	3
  6586     0297  00FA               	movwf	SerialSendData@value+1
  6587     0298  3182  221E  3182   	fcall	_SerialSendData
  6588     029B                     i1l479:
  6589     029B  0008               	return
  6590     029C                     __end_of_Serial_Timer100msISR:
  6591                           
  6592                           	psect	text19
  6593     021E                     __ptext19:	
  6594 ;; *************** function _SerialSendData *****************
  6595 ;; Defined at:
  6596 ;;		line 15 in file "mcc_generated_files/serial.c"
  6597 ;; Parameters:    Size  Location     Type
  6598 ;;  value           2    1[COMMON] unsigned short 
  6599 ;; Auto vars:     Size  Location     Type
  6600 ;;		None
  6601 ;; Return value:  Size  Location     Type
  6602 ;;                  1    wreg      void 
  6603 ;; Registers used:
  6604 ;;		wreg, fsr1l, fsr1h, status,2, status,0, pclath, cstack
  6605 ;; Tracked objects:
  6606 ;;		On entry : 0/0
  6607 ;;		On exit  : 0/0
  6608 ;;		Unchanged: 0/0
  6609 ;; Data sizes:     COMMON   BANK0   BANK1   BANK2   BANK3   BANK4   BANK5   BANK6   BANK7   BANK8   BANK9  BANK10  BANK1
      +1  BANK12  BANK13  BANK14  BANK15  BANK16  BANK17  BANK18  BANK19  BANK20  BANK21  BANK22  BANK23  BANK24  BANK25
  6610 ;;      Params:         2       0       0       0       0       0       0       0       0       0       0       0       
      +0       0       0       0       0       0       0       0       0       0       0       0       0       0       0
  6611 ;;      Locals:         0       0       0       0       0       0       0       0       0       0       0       0       
      +0       0       0       0       0       0       0       0       0       0       0       0       0       0       0
  6612 ;;      Temps:          0       0       0       0       0       0       0       0       0       0       0       0       
      +0       0       0       0       0       0       0       0       0       0       0       0       0       0       0
  6613 ;;      Totals:         2       0       0       0       0       0       0       0       0       0       0       0       
      +0       0       0       0       0       0       0       0       0       0       0       0       0       0       0
  6614 ;;Total ram usage:        2 bytes
  6615 ;; Hardware stack levels used: 1
  6616 ;; Hardware stack levels required when called: 1
  6617 ;; This function calls:
  6618 ;;		_EUSART1_Write
  6619 ;;		_EUSART1_is_tx_ready
  6620 ;; This function is called by:
  6621 ;;		_Serial_Timer100msISR
  6622 ;; This function uses a non-reentrant model
  6623 ;;
  6624                           
  6625     021E                     _SerialSendData:	
  6626                           ;psect for function _SerialSendData
  6627                           
  6628     021E                     i1l1555:	
  6629                           ;incstack = 0
  6630                           ; Regs used in _SerialSendData: [wreg+fsr1l+fsr1h+status,2+status,0+pclath+cstack]
  6631                           
  6632     021E                     i1l1557:	
  6633                           ;mcc_generated_files/serial.c: 16:     while (!EUSART1_is_tx_ready());
  6634                           
  6635     021E  3182  229C  3182   	fcall	_EUSART1_is_tx_ready
  6636     0221  3A00               	xorlw	0
  6637     0222  1903               	skipnz
  6638     0223  2A25               	goto	u52_21
  6639     0224  2A26               	goto	u52_20
  6640     0225                     u52_21:
  6641     0225  2A1E               	goto	i1l1557
  6642     0226                     u52_20:
  6643     0226                     i1l1559:
  6644                           
  6645                           ;mcc_generated_files/serial.c: 17:     EUSART1_Write((uint8_t)(value & 0xFF));
  6646     0226  0879               	movf	SerialSendData@value,w
  6647     0227  3181  219F  3182   	fcall	_EUSART1_Write
  6648     022A                     i1l1561:	
  6649                           ;mcc_generated_files/serial.c: 19:     while (!EUSART1_is_tx_ready());
  6650                           
  6651     022A  3182  229C  3182   	fcall	_EUSART1_is_tx_ready
  6652     022D  3A00               	xorlw	0
  6653     022E  1903               	skipnz
  6654     022F  2A31               	goto	u53_21
  6655     0230  2A32               	goto	u53_20
  6656     0231                     u53_21:
  6657     0231  2A2A               	goto	i1l1561
  6658     0232                     u53_20:
  6659     0232                     i1l1563:
  6660                           
  6661                           ;mcc_generated_files/serial.c: 20:     EUSART1_Write((uint8_t)((value >> 8) & 0xFF));
  6662     0232  087A               	movf	SerialSendData@value+1,w
  6663     0233  3181  219F  3182   	fcall	_EUSART1_Write
  6664     0236                     i1l476:
  6665     0236  0008               	return
  6666     0237                     __end_of_SerialSendData:
  6667                           
  6668                           	psect	text20
  6669     029C                     __ptext20:	
  6670 ;; *************** function _EUSART1_is_tx_ready *****************
  6671 ;; Defined at:
  6672 ;;		line 132 in file "mcc_generated_files/eusart1.c"
  6673 ;; Parameters:    Size  Location     Type
  6674 ;;		None
  6675 ;; Auto vars:     Size  Location     Type
  6676 ;;		None
  6677 ;; Return value:  Size  Location     Type
  6678 ;;                  1    wreg      _Bool 
  6679 ;; Registers used:
  6680 ;;		wreg, status,2, status,0
  6681 ;; Tracked objects:
  6682 ;;		On entry : 0/0
  6683 ;;		On exit  : 0/0
  6684 ;;		Unchanged: 0/0
  6685 ;; Data sizes:     COMMON   BANK0   BANK1   BANK2   BANK3   BANK4   BANK5   BANK6   BANK7   BANK8   BANK9  BANK10  BANK1
      +1  BANK12  BANK13  BANK14  BANK15  BANK16  BANK17  BANK18  BANK19  BANK20  BANK21  BANK22  BANK23  BANK24  BANK25
  6686 ;;      Params:         0       0       0       0       0       0       0       0       0       0       0       0       
      +0       0       0       0       0       0       0       0       0       0       0       0       0       0       0
  6687 ;;      Locals:         0       0       0       0       0       0       0       0       0       0       0       0       
      +0       0       0       0       0       0       0       0       0       0       0       0       0       0       0
  6688 ;;      Temps:          0       0       0       0       0       0       0       0       0       0       0       0       
      +0       0       0       0       0       0       0       0       0       0       0       0       0       0       0
  6689 ;;      Totals:         0       0       0       0       0       0       0       0       0       0       0       0       
      +0       0       0       0       0       0       0       0       0       0       0       0       0       0       0
  6690 ;;Total ram usage:        0 bytes
  6691 ;; Hardware stack levels used: 1
  6692 ;; This function calls:
  6693 ;;		Nothing
  6694 ;; This function is called by:
  6695 ;;		_SerialSendData
  6696 ;; This function uses a non-reentrant model
  6697 ;;
  6698                           
  6699     029C                     _EUSART1_is_tx_ready:	
  6700                           ;psect for function _EUSART1_is_tx_ready
  6701                           
  6702     029C                     i1l1511:	
  6703                           ;incstack = 0
  6704                           ; Regs used in _EUSART1_is_tx_ready: [wreg+status,2+status,0]
  6705                           
  6706                           
  6707                           ;mcc_generated_files/eusart1.c: 134:     return (eusart1TxBufferRemaining ? 1 : 0);
  6708     029C  0875               	movf	_eusart1TxBufferRemaining,w	;volatile
  6709     029D  1D03               	btfss	3,2
  6710     029E  2AA0               	goto	u46_21
  6711     029F  2AA2               	goto	u46_20
  6712     02A0                     u46_21:
  6713     02A0  3001               	movlw	1
  6714     02A1  2AA3               	goto	u47_20
  6715     02A2                     u46_20:
  6716     02A2  3000               	movlw	0
  6717     02A3                     u47_20:
  6718     02A3                     i1l220:
  6719     02A3  0008               	return
  6720     02A4                     __end_of_EUSART1_is_tx_ready:
  6721                           
  6722                           	psect	text21
  6723     019F                     __ptext21:	
  6724 ;; *************** function _EUSART1_Write *****************
  6725 ;; Defined at:
  6726 ;;		line 173 in file "mcc_generated_files/eusart1.c"
  6727 ;; Parameters:    Size  Location     Type
  6728 ;;  txData          1    wreg     unsigned char 
  6729 ;; Auto vars:     Size  Location     Type
  6730 ;;  txData          1    0[COMMON] unsigned char 
  6731 ;; Return value:  Size  Location     Type
  6732 ;;                  1    wreg      void 
  6733 ;; Registers used:
  6734 ;;		wreg, fsr1l, fsr1h, status,2, status,0
  6735 ;; Tracked objects:
  6736 ;;		On entry : 0/0
  6737 ;;		On exit  : 0/0
  6738 ;;		Unchanged: 0/0
  6739 ;; Data sizes:     COMMON   BANK0   BANK1   BANK2   BANK3   BANK4   BANK5   BANK6   BANK7   BANK8   BANK9  BANK10  BANK1
      +1  BANK12  BANK13  BANK14  BANK15  BANK16  BANK17  BANK18  BANK19  BANK20  BANK21  BANK22  BANK23  BANK24  BANK25
  6740 ;;      Params:         0       0       0       0       0       0       0       0       0       0       0       0       
      +0       0       0       0       0       0       0       0       0       0       0       0       0       0       0
  6741 ;;      Locals:         1       0       0       0       0       0       0       0       0       0       0       0       
      +0       0       0       0       0       0       0       0       0       0       0       0       0       0       0
  6742 ;;      Temps:          0       0       0       0       0       0       0       0       0       0       0       0       
      +0       0       0       0       0       0       0       0       0       0       0       0       0       0       0
  6743 ;;      Totals:         1       0       0       0       0       0       0       0       0       0       0       0       
      +0       0       0       0       0       0       0       0       0       0       0       0       0       0       0
  6744 ;;Total ram usage:        1 bytes
  6745 ;; Hardware stack levels used: 1
  6746 ;; This function calls:
  6747 ;;		Nothing
  6748 ;; This function is called by:
  6749 ;;		_SerialSendData
  6750 ;; This function uses a non-reentrant model
  6751 ;;
  6752                           
  6753     019F                     _EUSART1_Write:	
  6754                           ;psect for function _EUSART1_Write
  6755                           
  6756                           
  6757                           ;incstack = 0
  6758                           ; Regs used in _EUSART1_Write: [wreg+fsr1l+fsr1h+status,2+status,0]
  6759                           ;EUSART1_Write@txData stored from wreg
  6760     019F  00F8               	movwf	EUSART1_Write@txData
  6761     01A0                     i1l1515:
  6762     01A0                     i1l1517:	
  6763                           ;mcc_generated_files/eusart1.c: 173: void EUSART1_Write(uint8_t txData);mcc_generated_fi
      +                          les/eusart1.c: 174: {;mcc_generated_files/eusart1.c: 175:     while(0 == eusart1TxBuffer
      +                          Remaining)
  6764                           
  6765                           
  6766                           ;mcc_generated_files/eusart1.c: 175:     while(0 == eusart1TxBufferRemaining)
  6767     01A0  0875               	movf	_eusart1TxBufferRemaining,w	;volatile
  6768     01A1  1903               	btfsc	3,2
  6769     01A2  29A4               	goto	u48_21
  6770     01A3  29A5               	goto	u48_20
  6771     01A4                     u48_21:
  6772     01A4  29A0               	goto	i1l1517
  6773     01A5                     u48_20:
  6774     01A5                     i1l241:
  6775                           
  6776                           ;mcc_generated_files/eusart1.c: 179:     if(0 == PIE3bits.TX1IE)
  6777     01A5  014E               	movlb	14	; select bank14
  6778     01A6  1A19               	btfsc	25,4	;volatile
  6779     01A7  29A9               	goto	u49_21
  6780     01A8  29AA               	goto	u49_20
  6781     01A9                     u49_21:
  6782     01A9  29AE               	goto	i1l242
  6783     01AA                     u49_20:
  6784     01AA                     i1l1519:
  6785                           
  6786                           ;mcc_generated_files/eusart1.c: 180:     {;mcc_generated_files/eusart1.c: 181:         T
      +                          X1REG = txData;
  6787     01AA  0878               	movf	EUSART1_Write@txData,w
  6788     01AB  0142               	movlb	2	; select bank2
  6789     01AC  009A               	movwf	26	;volatile
  6790                           
  6791                           ;mcc_generated_files/eusart1.c: 182:     }
  6792     01AD  29C0               	goto	i1l1531
  6793     01AE                     i1l242:	
  6794                           ;mcc_generated_files/eusart1.c: 183:     else
  6795                           
  6796                           
  6797                           ;mcc_generated_files/eusart1.c: 184:     {;mcc_generated_files/eusart1.c: 185:         P
      +                          IE3bits.TX1IE = 0;
  6798     01AE  1219               	bcf	25,4	;volatile
  6799     01AF                     i1l1521:
  6800                           
  6801                           ;mcc_generated_files/eusart1.c: 186:         eusart1TxBuffer[eusart1TxHead++] = txData;
  6802     01AF  0877               	movf	_eusart1TxHead,w
  6803     01B0  3E50               	addlw	(low (_eusart1TxBuffer| 0))& (0+255)
  6804     01B1  0086               	movwf	6
  6805     01B2  0187               	clrf	7
  6806     01B3  0878               	movf	EUSART1_Write@txData,w
  6807     01B4  0081               	movwf	1
  6808     01B5                     i1l1523:
  6809     01B5  3001               	movlw	1
  6810     01B6  07F7               	addwf	_eusart1TxHead,f	;volatile
  6811     01B7                     i1l1525:
  6812                           
  6813                           ;mcc_generated_files/eusart1.c: 187:         if(sizeof(eusart1TxBuffer) <= eusart1TxHead
      +                          )
  6814     01B7  3008               	movlw	8
  6815     01B8  0277               	subwf	_eusart1TxHead,w	;volatile
  6816     01B9  1C03               	skipc
  6817     01BA  29BC               	goto	u50_21
  6818     01BB  29BD               	goto	u50_20
  6819     01BC                     u50_21:
  6820     01BC  29BE               	goto	i1l1529
  6821     01BD                     u50_20:
  6822     01BD                     i1l1527:
  6823                           
  6824                           ;mcc_generated_files/eusart1.c: 188:         {;mcc_generated_files/eusart1.c: 189:      
      +                                 eusart1TxHead = 0;
  6825     01BD  01F7               	clrf	_eusart1TxHead	;volatile
  6826     01BE                     i1l1529:
  6827                           
  6828                           ;mcc_generated_files/eusart1.c: 191:         eusart1TxBufferRemaining--;
  6829     01BE  3001               	movlw	1
  6830     01BF  02F5               	subwf	_eusart1TxBufferRemaining,f	;volatile
  6831     01C0                     i1l1531:
  6832                           
  6833                           ;mcc_generated_files/eusart1.c: 193:     PIE3bits.TX1IE = 1;
  6834     01C0  014E               	movlb	14	; select bank14
  6835     01C1  1619               	bsf	25,4	;volatile
  6836     01C2                     i1l245:
  6837     01C2  0008               	return
  6838     01C3                     __end_of_EUSART1_Write:
  6839                           
  6840                           	psect	text22
  6841     02D6                     __ptext22:	
  6842 ;; *************** function _NCO1_ISR *****************
  6843 ;; Defined at:
  6844 ;;		line 137 in file "mcc_generated_files/nco1.c"
  6845 ;; Parameters:    Size  Location     Type
  6846 ;;		None
  6847 ;; Auto vars:     Size  Location     Type
  6848 ;;		None
  6849 ;; Return value:  Size  Location     Type
  6850 ;;                  1    wreg      void 
  6851 ;; Registers used:
  6852 ;;		None
  6853 ;; Tracked objects:
  6854 ;;		On entry : 0/0
  6855 ;;		On exit  : 0/0
  6856 ;;		Unchanged: 0/0
  6857 ;; Data sizes:     COMMON   BANK0   BANK1   BANK2   BANK3   BANK4   BANK5   BANK6   BANK7   BANK8   BANK9  BANK10  BANK1
      +1  BANK12  BANK13  BANK14  BANK15  BANK16  BANK17  BANK18  BANK19  BANK20  BANK21  BANK22  BANK23  BANK24  BANK25
  6858 ;;      Params:         0       0       0       0       0       0       0       0       0       0       0       0       
      +0       0       0       0       0       0       0       0       0       0       0       0       0       0       0
  6859 ;;      Locals:         0       0       0       0       0       0       0       0       0       0       0       0       
      +0       0       0       0       0       0       0       0       0       0       0       0       0       0       0
  6860 ;;      Temps:          0       0       0       0       0       0       0       0       0       0       0       0       
      +0       0       0       0       0       0       0       0       0       0       0       0       0       0       0
  6861 ;;      Totals:         0       0       0       0       0       0       0       0       0       0       0       0       
      +0       0       0       0       0       0       0       0       0       0       0       0       0       0       0
  6862 ;;Total ram usage:        0 bytes
  6863 ;; Hardware stack levels used: 1
  6864 ;; This function calls:
  6865 ;;		Nothing
  6866 ;; This function is called by:
  6867 ;;		_INTERRUPT_InterruptManager
  6868 ;; This function uses a non-reentrant model
  6869 ;;
  6870                           
  6871     02D6                     _NCO1_ISR:	
  6872                           ;psect for function _NCO1_ISR
  6873                           
  6874     02D6                     i1l1701:	
  6875                           ;incstack = 0
  6876                           ; Regs used in _NCO1_ISR: []
  6877                           
  6878                           
  6879                           ;mcc_generated_files/nco1.c: 140:     PIR7bits.NCO1IF = 0;
  6880     02D6  014E               	movlb	14	; select bank14
  6881     02D7  1213               	bcf	19,4	;volatile
  6882     02D8                     i1l330:
  6883     02D8  0008               	return
  6884     02D9                     __end_of_NCO1_ISR:
  6885                           
  6886                           	psect	text23
  6887     0202                     __ptext23:	
  6888 ;; *************** function _EUSART1_Transmit_ISR *****************
  6889 ;; Defined at:
  6890 ;;		line 197 in file "mcc_generated_files/eusart1.c"
  6891 ;; Parameters:    Size  Location     Type
  6892 ;;		None
  6893 ;; Auto vars:     Size  Location     Type
  6894 ;;		None
  6895 ;; Return value:  Size  Location     Type
  6896 ;;                  1    wreg      void 
  6897 ;; Registers used:
  6898 ;;		wreg, fsr1l, fsr1h, status,2, status,0
  6899 ;; Tracked objects:
  6900 ;;		On entry : 0/0
  6901 ;;		On exit  : 0/0
  6902 ;;		Unchanged: 0/0
  6903 ;; Data sizes:     COMMON   BANK0   BANK1   BANK2   BANK3   BANK4   BANK5   BANK6   BANK7   BANK8   BANK9  BANK10  BANK1
      +1  BANK12  BANK13  BANK14  BANK15  BANK16  BANK17  BANK18  BANK19  BANK20  BANK21  BANK22  BANK23  BANK24  BANK25
  6904 ;;      Params:         0       0       0       0       0       0       0       0       0       0       0       0       
      +0       0       0       0       0       0       0       0       0       0       0       0       0       0       0
  6905 ;;      Locals:         0       0       0       0       0       0       0       0       0       0       0       0       
      +0       0       0       0       0       0       0       0       0       0       0       0       0       0       0
  6906 ;;      Temps:          0       0       0       0       0       0       0       0       0       0       0       0       
      +0       0       0       0       0       0       0       0       0       0       0       0       0       0       0
  6907 ;;      Totals:         0       0       0       0       0       0       0       0       0       0       0       0       
      +0       0       0       0       0       0       0       0       0       0       0       0       0       0       0
  6908 ;;Total ram usage:        0 bytes
  6909 ;; Hardware stack levels used: 1
  6910 ;; This function calls:
  6911 ;;		Nothing
  6912 ;; This function is called by:
  6913 ;;		_EUSART1_Initialize
  6914 ;;		_INTERRUPT_InterruptManager
  6915 ;; This function uses a non-reentrant model
  6916 ;;
  6917                           
  6918     0202                     _EUSART1_Transmit_ISR:	
  6919                           ;psect for function _EUSART1_Transmit_ISR
  6920                           
  6921     0202                     i1l1709:	
  6922                           ;incstack = 0
  6923                           ; Regs used in _EUSART1_Transmit_ISR: [wreg+fsr1l+fsr1h+status,2+status,0]
  6924                           
  6925                           
  6926                           ;mcc_generated_files/eusart1.c: 201:     if(sizeof(eusart1TxBuffer) > eusart1TxBufferRem
      +                          aining)
  6927     0202  3008               	movlw	8
  6928     0203  0275               	subwf	_eusart1TxBufferRemaining,w	;volatile
  6929     0204  1803               	skipnc
  6930     0205  2A07               	goto	u55_21
  6931     0206  2A08               	goto	u55_20
  6932     0207                     u55_21:
  6933     0207  2A1B               	goto	i1l248
  6934     0208                     u55_20:
  6935     0208                     i1l1711:
  6936                           
  6937                           ;mcc_generated_files/eusart1.c: 202:     {;mcc_generated_files/eusart1.c: 203:         T
      +                          X1REG = eusart1TxBuffer[eusart1TxTail++];
  6938     0208  0876               	movf	_eusart1TxTail,w
  6939     0209  3E50               	addlw	(low (_eusart1TxBuffer| 0))& (0+255)
  6940     020A  0086               	movwf	6
  6941     020B  0187               	clrf	7
  6942     020C  0801               	movf	1,w
  6943     020D  0142               	movlb	2	; select bank2
  6944     020E  009A               	movwf	26	;volatile
  6945     020F                     i1l1713:
  6946     020F  3001               	movlw	1
  6947     0210  07F6               	addwf	_eusart1TxTail,f	;volatile
  6948     0211                     i1l1715:
  6949                           
  6950                           ;mcc_generated_files/eusart1.c: 204:         if(sizeof(eusart1TxBuffer) <= eusart1TxTail
      +                          )
  6951     0211  3008               	movlw	8
  6952     0212  0276               	subwf	_eusart1TxTail,w	;volatile
  6953     0213  1C03               	skipc
  6954     0214  2A16               	goto	u56_21
  6955     0215  2A17               	goto	u56_20
  6956     0216                     u56_21:
  6957     0216  2A18               	goto	i1l1719
  6958     0217                     u56_20:
  6959     0217                     i1l1717:
  6960                           
  6961                           ;mcc_generated_files/eusart1.c: 205:         {;mcc_generated_files/eusart1.c: 206:      
      +                                 eusart1TxTail = 0;
  6962     0217  01F6               	clrf	_eusart1TxTail	;volatile
  6963     0218                     i1l1719:
  6964                           
  6965                           ;mcc_generated_files/eusart1.c: 208:         eusart1TxBufferRemaining++;
  6966     0218  3001               	movlw	1
  6967     0219  07F5               	addwf	_eusart1TxBufferRemaining,f	;volatile
  6968                           
  6969                           ;mcc_generated_files/eusart1.c: 209:     }
  6970     021A  2A1D               	goto	i1l251
  6971     021B                     i1l248:	
  6972                           ;mcc_generated_files/eusart1.c: 210:     else
  6973                           
  6974                           
  6975                           ;mcc_generated_files/eusart1.c: 211:     {;mcc_generated_files/eusart1.c: 212:         P
      +                          IE3bits.TX1IE = 0;
  6976     021B  014E               	movlb	14	; select bank14
  6977     021C  1219               	bcf	25,4	;volatile
  6978     021D                     i1l251:
  6979     021D  0008               	return
  6980     021E                     __end_of_EUSART1_Transmit_ISR:
  6981                           
  6982                           	psect	text24
  6983     0166                     __ptext24:	
  6984 ;; *************** function _EUSART1_Receive_ISR *****************
  6985 ;; Defined at:
  6986 ;;		line 216 in file "mcc_generated_files/eusart1.c"
  6987 ;; Parameters:    Size  Location     Type
  6988 ;;		None
  6989 ;; Auto vars:     Size  Location     Type
  6990 ;;		None
  6991 ;; Return value:  Size  Location     Type
  6992 ;;                  1    wreg      void 
  6993 ;; Registers used:
  6994 ;;		wreg, fsr1l, fsr1h, status,2, status,0, pclath, cstack
  6995 ;; Tracked objects:
  6996 ;;		On entry : 0/0
  6997 ;;		On exit  : 0/0
  6998 ;;		Unchanged: 0/0
  6999 ;; Data sizes:     COMMON   BANK0   BANK1   BANK2   BANK3   BANK4   BANK5   BANK6   BANK7   BANK8   BANK9  BANK10  BANK1
      +1  BANK12  BANK13  BANK14  BANK15  BANK16  BANK17  BANK18  BANK19  BANK20  BANK21  BANK22  BANK23  BANK24  BANK25
  7000 ;;      Params:         0       0       0       0       0       0       0       0       0       0       0       0       
      +0       0       0       0       0       0       0       0       0       0       0       0       0       0       0
  7001 ;;      Locals:         0       0       0       0       0       0       0       0       0       0       0       0       
      +0       0       0       0       0       0       0       0       0       0       0       0       0       0       0
  7002 ;;      Temps:          0       0       0       0       0       0       0       0       0       0       0       0       
      +0       0       0       0       0       0       0       0       0       0       0       0       0       0       0
  7003 ;;      Totals:         0       0       0       0       0       0       0       0       0       0       0       0       
      +0       0       0       0       0       0       0       0       0       0       0       0       0       0       0
  7004 ;;Total ram usage:        0 bytes
  7005 ;; Hardware stack levels used: 1
  7006 ;; Hardware stack levels required when called: 2
  7007 ;; This function calls:
  7008 ;;		NULL
  7009 ;;		_EUSART1_DefaultErrorHandler
  7010 ;;		_EUSART1_DefaultFramingErrorHandler
  7011 ;;		_EUSART1_DefaultOverrunErrorHandler
  7012 ;;		_EUSART1_RxDataHandler
  7013 ;; This function is called by:
  7014 ;;		_EUSART1_Initialize
  7015 ;;		_INTERRUPT_InterruptManager
  7016 ;; This function uses a non-reentrant model
  7017 ;;
  7018                           
  7019     0166                     _EUSART1_Receive_ISR:	
  7020                           ;psect for function _EUSART1_Receive_ISR
  7021                           
  7022     0166                     i1l1721:	
  7023                           ;incstack = 0
  7024                           ; Regs used in _EUSART1_Receive_ISR: [wreg+fsr1l+fsr1h+status,2+status,0+pclath+cstack]
  7025                           
  7026                           
  7027                           ;mcc_generated_files/eusart1.c: 219:     eusart1RxStatusBuffer[eusart1RxHead].status = 0
      +                          ;
  7028     0166  0874               	movf	_eusart1RxHead,w	;volatile
  7029     0167  3E40               	addlw	(low (_eusart1RxStatusBuffer| 0))& (0+255)
  7030     0168  0086               	movwf	6
  7031     0169  0187               	clrf	7
  7032     016A  0181               	clrf	1
  7033     016B                     i1l1723:
  7034                           
  7035                           ;mcc_generated_files/eusart1.c: 221:     if(RC1STAbits.FERR){
  7036     016B  0142               	movlb	2	; select bank2
  7037     016C  1D1D               	btfss	29,2	;volatile
  7038     016D  296F               	goto	u57_21
  7039     016E  2970               	goto	u57_20
  7040     016F                     u57_21:
  7041     016F  297B               	goto	i1l1729
  7042     0170                     u57_20:
  7043     0170                     i1l1725:
  7044                           
  7045                           ;mcc_generated_files/eusart1.c: 222:         eusart1RxStatusBuffer[eusart1RxHead].ferr =
      +                           1;
  7046     0170  0874               	movf	_eusart1RxHead,w	;volatile
  7047     0171  3E40               	addlw	(low (_eusart1RxStatusBuffer| 0))& (0+255)
  7048     0172  0086               	movwf	6
  7049     0173  0187               	clrf	7
  7050     0174  1481               	bsf	1,1
  7051     0175                     i1l1727:
  7052                           
  7053                           ;mcc_generated_files/eusart1.c: 223:         EUSART1_FramingErrorHandler();
  7054     0175  0140               	movlb	0	; select bank0
  7055     0176  0860               	movf	_EUSART1_FramingErrorHandler+1,w
  7056     0177  008A               	movwf	10
  7057     0178  085F               	movf	_EUSART1_FramingErrorHandler,w
  7058     0179  000A               	callw
  7059     017A  3181               	pagesel	$
  7060     017B                     i1l1729:
  7061                           
  7062                           ;mcc_generated_files/eusart1.c: 226:     if(RC1STAbits.OERR){
  7063     017B  0142               	movlb	2	; select bank2
  7064     017C  1C9D               	btfss	29,1	;volatile
  7065     017D  297F               	goto	u58_21
  7066     017E  2980               	goto	u58_20
  7067     017F                     u58_21:
  7068     017F  298B               	goto	i1l1735
  7069     0180                     u58_20:
  7070     0180                     i1l1731:
  7071                           
  7072                           ;mcc_generated_files/eusart1.c: 227:         eusart1RxStatusBuffer[eusart1RxHead].oerr =
      +                           1;
  7073     0180  0874               	movf	_eusart1RxHead,w	;volatile
  7074     0181  3E40               	addlw	(low (_eusart1RxStatusBuffer| 0))& (0+255)
  7075     0182  0086               	movwf	6
  7076     0183  0187               	clrf	7
  7077     0184  1501               	bsf	1,2
  7078     0185                     i1l1733:
  7079                           
  7080                           ;mcc_generated_files/eusart1.c: 228:         EUSART1_OverrunErrorHandler();
  7081     0185  0140               	movlb	0	; select bank0
  7082     0186  085E               	movf	_EUSART1_OverrunErrorHandler+1,w
  7083     0187  008A               	movwf	10
  7084     0188  085D               	movf	_EUSART1_OverrunErrorHandler,w
  7085     0189  000A               	callw
  7086     018A  3181               	pagesel	$
  7087     018B                     i1l1735:
  7088                           
  7089                           ;mcc_generated_files/eusart1.c: 231:     if(eusart1RxStatusBuffer[eusart1RxHead].status)
      +                          {
  7090     018B  0874               	movf	_eusart1RxHead,w	;volatile
  7091     018C  3E40               	addlw	(low (_eusart1RxStatusBuffer| 0))& (0+255)
  7092     018D  0086               	movwf	6
  7093     018E  0187               	clrf	7
  7094     018F  0801               	movf	1,w
  7095     0190  1903               	btfsc	3,2
  7096     0191  2993               	goto	u59_21
  7097     0192  2994               	goto	u59_20
  7098     0193                     u59_21:
  7099     0193  299B               	goto	i1l1739
  7100     0194                     u59_20:
  7101     0194                     i1l1737:
  7102                           
  7103                           ;mcc_generated_files/eusart1.c: 232:         EUSART1_ErrorHandler();
  7104     0194  0140               	movlb	0	; select bank0
  7105     0195  085C               	movf	_EUSART1_ErrorHandler+1,w
  7106     0196  008A               	movwf	10
  7107     0197  085B               	movf	_EUSART1_ErrorHandler,w
  7108     0198  000A               	callw
  7109     0199  3181               	pagesel	$
  7110                           
  7111                           ;mcc_generated_files/eusart1.c: 233:     } else {
  7112     019A  299E               	goto	i1l258
  7113     019B                     i1l1739:
  7114                           
  7115                           ;mcc_generated_files/eusart1.c: 234:         EUSART1_RxDataHandler();
  7116     019B  3182  2237  3181   	fcall	_EUSART1_RxDataHandler
  7117     019E                     i1l258:
  7118     019E  0008               	return
  7119     019F                     __end_of_EUSART1_Receive_ISR:
  7120                           
  7121                           	psect	text25
  7122     02CE                     __ptext25:	
  7123 ;; *************** function _EUSART1_DefaultOverrunErrorHandler *****************
  7124 ;; Defined at:
  7125 ;;		line 252 in file "mcc_generated_files/eusart1.c"
  7126 ;; Parameters:    Size  Location     Type
  7127 ;;		None
  7128 ;; Auto vars:     Size  Location     Type
  7129 ;;		None
  7130 ;; Return value:  Size  Location     Type
  7131 ;;                  1    wreg      void 
  7132 ;; Registers used:
  7133 ;;		None
  7134 ;; Tracked objects:
  7135 ;;		On entry : 0/0
  7136 ;;		On exit  : 0/0
  7137 ;;		Unchanged: 0/0
  7138 ;; Data sizes:     COMMON   BANK0   BANK1   BANK2   BANK3   BANK4   BANK5   BANK6   BANK7   BANK8   BANK9  BANK10  BANK1
      +1  BANK12  BANK13  BANK14  BANK15  BANK16  BANK17  BANK18  BANK19  BANK20  BANK21  BANK22  BANK23  BANK24  BANK25
  7139 ;;      Params:         0       0       0       0       0       0       0       0       0       0       0       0       
      +0       0       0       0       0       0       0       0       0       0       0       0       0       0       0
  7140 ;;      Locals:         0       0       0       0       0       0       0       0       0       0       0       0       
      +0       0       0       0       0       0       0       0       0       0       0       0       0       0       0
  7141 ;;      Temps:          0       0       0       0       0       0       0       0       0       0       0       0       
      +0       0       0       0       0       0       0       0       0       0       0       0       0       0       0
  7142 ;;      Totals:         0       0       0       0       0       0       0       0       0       0       0       0       
      +0       0       0       0       0       0       0       0       0       0       0       0       0       0       0
  7143 ;;Total ram usage:        0 bytes
  7144 ;; Hardware stack levels used: 1
  7145 ;; This function calls:
  7146 ;;		Nothing
  7147 ;; This function is called by:
  7148 ;;		_EUSART1_Initialize
  7149 ;;		_EUSART1_Receive_ISR
  7150 ;; This function uses a non-reentrant model
  7151 ;;
  7152                           
  7153     02CE                     _EUSART1_DefaultOverrunErrorHandler:	
  7154                           ;psect for function _EUSART1_DefaultOverrunErrorHandler
  7155                           
  7156     02CE                     i1l1657:	
  7157                           ;incstack = 0
  7158                           ; Regs used in _EUSART1_DefaultOverrunErrorHandler: []
  7159                           
  7160                           
  7161                           ;mcc_generated_files/eusart1.c: 255:     RC1STAbits.CREN = 0;
  7162     02CE  0142               	movlb	2	; select bank2
  7163     02CF  121D               	bcf	29,4	;volatile
  7164                           
  7165                           ;mcc_generated_files/eusart1.c: 256:     RC1STAbits.CREN = 1;
  7166     02D0  161D               	bsf	29,4	;volatile
  7167     02D1                     i1l268:
  7168     02D1  0008               	return
  7169     02D2                     __end_of_EUSART1_DefaultOverrunErrorHandler:
  7170                           
  7171                           	psect	text26
  7172     02E2                     __ptext26:	
  7173 ;; *************** function _EUSART1_DefaultFramingErrorHandler *****************
  7174 ;; Defined at:
  7175 ;;		line 250 in file "mcc_generated_files/eusart1.c"
  7176 ;; Parameters:    Size  Location     Type
  7177 ;;		None
  7178 ;; Auto vars:     Size  Location     Type
  7179 ;;		None
  7180 ;; Return value:  Size  Location     Type
  7181 ;;                  1    wreg      void 
  7182 ;; Registers used:
  7183 ;;		None
  7184 ;; Tracked objects:
  7185 ;;		On entry : 0/0
  7186 ;;		On exit  : 0/0
  7187 ;;		Unchanged: 0/0
  7188 ;; Data sizes:     COMMON   BANK0   BANK1   BANK2   BANK3   BANK4   BANK5   BANK6   BANK7   BANK8   BANK9  BANK10  BANK1
      +1  BANK12  BANK13  BANK14  BANK15  BANK16  BANK17  BANK18  BANK19  BANK20  BANK21  BANK22  BANK23  BANK24  BANK25
  7189 ;;      Params:         0       0       0       0       0       0       0       0       0       0       0       0       
      +0       0       0       0       0       0       0       0       0       0       0       0       0       0       0
  7190 ;;      Locals:         0       0       0       0       0       0       0       0       0       0       0       0       
      +0       0       0       0       0       0       0       0       0       0       0       0       0       0       0
  7191 ;;      Temps:          0       0       0       0       0       0       0       0       0       0       0       0       
      +0       0       0       0       0       0       0       0       0       0       0       0       0       0       0
  7192 ;;      Totals:         0       0       0       0       0       0       0       0       0       0       0       0       
      +0       0       0       0       0       0       0       0       0       0       0       0       0       0       0
  7193 ;;Total ram usage:        0 bytes
  7194 ;; Hardware stack levels used: 1
  7195 ;; This function calls:
  7196 ;;		Nothing
  7197 ;; This function is called by:
  7198 ;;		_EUSART1_Initialize
  7199 ;;		_EUSART1_Receive_ISR
  7200 ;; This function uses a non-reentrant model
  7201 ;;
  7202                           
  7203     02E2                     _EUSART1_DefaultFramingErrorHandler:	
  7204                           ;psect for function _EUSART1_DefaultFramingErrorHandler
  7205                           
  7206     02E2                     i1l265:	
  7207                           ;incstack = 0
  7208                           ; Regs used in _EUSART1_DefaultFramingErrorHandler: []
  7209                           
  7210     02E2  0008               	return
  7211     02E3                     __end_of_EUSART1_DefaultFramingErrorHandler:
  7212                           
  7213                           	psect	text27
  7214     02D2                     __ptext27:	
  7215 ;; *************** function _EUSART1_DefaultErrorHandler *****************
  7216 ;; Defined at:
  7217 ;;		line 260 in file "mcc_generated_files/eusart1.c"
  7218 ;; Parameters:    Size  Location     Type
  7219 ;;		None
  7220 ;; Auto vars:     Size  Location     Type
  7221 ;;		None
  7222 ;; Return value:  Size  Location     Type
  7223 ;;                  1    wreg      void 
  7224 ;; Registers used:
  7225 ;;		wreg, fsr1l, fsr1h, status,2, status,0, pclath, cstack
  7226 ;; Tracked objects:
  7227 ;;		On entry : 0/0
  7228 ;;		On exit  : 0/0
  7229 ;;		Unchanged: 0/0
  7230 ;; Data sizes:     COMMON   BANK0   BANK1   BANK2   BANK3   BANK4   BANK5   BANK6   BANK7   BANK8   BANK9  BANK10  BANK1
      +1  BANK12  BANK13  BANK14  BANK15  BANK16  BANK17  BANK18  BANK19  BANK20  BANK21  BANK22  BANK23  BANK24  BANK25
  7231 ;;      Params:         0       0       0       0       0       0       0       0       0       0       0       0       
      +0       0       0       0       0       0       0       0       0       0       0       0       0       0       0
  7232 ;;      Locals:         0       0       0       0       0       0       0       0       0       0       0       0       
      +0       0       0       0       0       0       0       0       0       0       0       0       0       0       0
  7233 ;;      Temps:          0       0       0       0       0       0       0       0       0       0       0       0       
      +0       0       0       0       0       0       0       0       0       0       0       0       0       0       0
  7234 ;;      Totals:         0       0       0       0       0       0       0       0       0       0       0       0       
      +0       0       0       0       0       0       0       0       0       0       0       0       0       0       0
  7235 ;;Total ram usage:        0 bytes
  7236 ;; Hardware stack levels used: 1
  7237 ;; Hardware stack levels required when called: 1
  7238 ;; This function calls:
  7239 ;;		_EUSART1_RxDataHandler
  7240 ;; This function is called by:
  7241 ;;		_EUSART1_Initialize
  7242 ;;		_EUSART1_Receive_ISR
  7243 ;; This function uses a non-reentrant model
  7244 ;;
  7245                           
  7246     02D2                     _EUSART1_DefaultErrorHandler:	
  7247                           ;psect for function _EUSART1_DefaultErrorHandler
  7248                           
  7249     02D2                     i1l1659:	
  7250                           ;incstack = 0
  7251                           ; Regs used in _EUSART1_DefaultErrorHandler: [wreg+fsr1l+fsr1h+status,2+status,0+pclath+
      +                          cstack]
  7252                           
  7253                           
  7254                           ;mcc_generated_files/eusart1.c: 261:     EUSART1_RxDataHandler();
  7255     02D2  3182  2237  3182   	fcall	_EUSART1_RxDataHandler
  7256     02D5                     i1l271:
  7257     02D5  0008               	return
  7258     02D6                     __end_of_EUSART1_DefaultErrorHandler:
  7259                           
  7260                           	psect	text28
  7261     0237                     __ptext28:	
  7262 ;; *************** function _EUSART1_RxDataHandler *****************
  7263 ;; Defined at:
  7264 ;;		line 240 in file "mcc_generated_files/eusart1.c"
  7265 ;; Parameters:    Size  Location     Type
  7266 ;;		None
  7267 ;; Auto vars:     Size  Location     Type
  7268 ;;		None
  7269 ;; Return value:  Size  Location     Type
  7270 ;;                  1    wreg      void 
  7271 ;; Registers used:
  7272 ;;		wreg, fsr1l, fsr1h, status,2, status,0
  7273 ;; Tracked objects:
  7274 ;;		On entry : 0/0
  7275 ;;		On exit  : 0/0
  7276 ;;		Unchanged: 0/0
  7277 ;; Data sizes:     COMMON   BANK0   BANK1   BANK2   BANK3   BANK4   BANK5   BANK6   BANK7   BANK8   BANK9  BANK10  BANK1
      +1  BANK12  BANK13  BANK14  BANK15  BANK16  BANK17  BANK18  BANK19  BANK20  BANK21  BANK22  BANK23  BANK24  BANK25
  7278 ;;      Params:         0       0       0       0       0       0       0       0       0       0       0       0       
      +0       0       0       0       0       0       0       0       0       0       0       0       0       0       0
  7279 ;;      Locals:         0       0       0       0       0       0       0       0       0       0       0       0       
      +0       0       0       0       0       0       0       0       0       0       0       0       0       0       0
  7280 ;;      Temps:          0       0       0       0       0       0       0       0       0       0       0       0       
      +0       0       0       0       0       0       0       0       0       0       0       0       0       0       0
  7281 ;;      Totals:         0       0       0       0       0       0       0       0       0       0       0       0       
      +0       0       0       0       0       0       0       0       0       0       0       0       0       0       0
  7282 ;;Total ram usage:        0 bytes
  7283 ;; Hardware stack levels used: 1
  7284 ;; This function calls:
  7285 ;;		Nothing
  7286 ;; This function is called by:
  7287 ;;		_EUSART1_Receive_ISR
  7288 ;;		_EUSART1_DefaultErrorHandler
  7289 ;; This function uses a non-reentrant model
  7290 ;;
  7291                           
  7292     0237                     _EUSART1_RxDataHandler:	
  7293                           ;psect for function _EUSART1_RxDataHandler
  7294                           
  7295     0237                     i1l1545:	
  7296                           ;incstack = 0
  7297                           ; Regs used in _EUSART1_RxDataHandler: [wreg+fsr1l+fsr1h+status,2+status,0]
  7298                           
  7299                           
  7300                           ;mcc_generated_files/eusart1.c: 242:     eusart1RxBuffer[eusart1RxHead++] = RC1REG;
  7301     0237  0874               	movf	_eusart1RxHead,w
  7302     0238  3E48               	addlw	(low (_eusart1RxBuffer| 0))& (0+255)
  7303     0239  0086               	movwf	6
  7304     023A  0187               	clrf	7
  7305     023B  0142               	movlb	2	; select bank2
  7306     023C  0819               	movf	25,w	;volatile
  7307     023D  0081               	movwf	1
  7308     023E                     i1l1547:
  7309     023E  3001               	movlw	1
  7310     023F  07F4               	addwf	_eusart1RxHead,f	;volatile
  7311     0240                     i1l1549:
  7312                           
  7313                           ;mcc_generated_files/eusart1.c: 243:     if(sizeof(eusart1RxBuffer) <= eusart1RxHead)
  7314     0240  3008               	movlw	8
  7315     0241  0274               	subwf	_eusart1RxHead,w	;volatile
  7316     0242  1C03               	skipc
  7317     0243  2A45               	goto	u51_21
  7318     0244  2A46               	goto	u51_20
  7319     0245                     u51_21:
  7320     0245  2A47               	goto	i1l1553
  7321     0246                     u51_20:
  7322     0246                     i1l1551:
  7323                           
  7324                           ;mcc_generated_files/eusart1.c: 244:     {;mcc_generated_files/eusart1.c: 245:         e
      +                          usart1RxHead = 0;
  7325     0246  01F4               	clrf	_eusart1RxHead	;volatile
  7326     0247                     i1l1553:
  7327                           
  7328                           ;mcc_generated_files/eusart1.c: 247:     eusart1RxCount++;
  7329     0247  3001               	movlw	1
  7330     0248  07F2               	addwf	_eusart1RxCount,f	;volatile
  7331     0249                     i1l262:
  7332     0249  0008               	return
  7333     024A                     __end_of_EUSART1_RxDataHandler:
  7334     0003                     ___latbits      equ	3
  7335     007E                     btemp           set	126	;btemp
  7336     007E                     int$flags       set	126
  7337     007E                     btemp0          set	126
  7338     007F                     btemp1          set	127
  7339     007E                     wtemp0          set	126
  7340     007F                     wtemp0a         set	127
  7341     007F                     ttemp0a         set	127
  7342     0080                     ltemp0a         set	128
  7343                           
  7344                           	psect	config
  7345                           
  7346                           ;Config register CONFIG1 @ 0x8007
  7347                           ;	External Oscillator mode selection bits
  7348                           ;	FEXTOSC = OFF, Oscillator not enabled
  7349                           ;	Power-up default value for COSC bits
  7350                           ;	RSTOSC = HFINT1, HFINTOSC (1MHz)
  7351                           ;	Clock Out Enable bit
  7352                           ;	CLKOUTEN = OFF, CLKOUT function is disabled; i/o or oscillator function on OSC2
  7353                           ;	Clock Switch Enable bit
  7354                           ;	CSWEN = ON, Writing to NOSC and NDIV is allowed
  7355                           ;	Fail-Safe Clock Monitor Enable bit
  7356                           ;	FCMEN = ON, FSCM timer enabled
  7357     8007                     	org	32775
  7358     8007  3FEC               	dw	16364
  7359                           
  7360                           ;Config register CONFIG2 @ 0x8008
  7361                           ;	Master Clear Enable bit
  7362                           ;	MCLRE = ON, MCLR pin is Master Clear function
  7363                           ;	Power-up Timer Enable bit
  7364                           ;	PWRTS = OFF, PWRT disabled
  7365                           ;	Low-Power BOR enable bit
  7366                           ;	LPBOREN = OFF, ULPBOR disabled
  7367                           ;	Brown-out reset enable bits
  7368                           ;	BOREN = ON, Brown-out Reset Enabled, SBOREN bit is ignored
  7369                           ;	Brown-out Reset Voltage Selection
  7370                           ;	BORV = LO, Brown-out Reset Voltage (VBOR) set to 2.45V
  7371                           ;	Zero-cross detect disable
  7372                           ;	ZCD = 0x1, unprogrammed default
  7373                           ;	Peripheral Pin Select one-way control
  7374                           ;	PPS1WAY = ON, The PPSLOCK bit can be cleared and set only once in software
  7375                           ;	Stack Overflow/Underflow Reset Enable bit
  7376                           ;	STVREN = ON, Stack Overflow or Underflow will cause a reset
  7377                           ;	Background Debugger
  7378                           ;	DEBUG = 0x1, unprogrammed default
  7379     8008                     	org	32776
  7380     8008  3FFF               	dw	16383
  7381                           
  7382                           ;Config register CONFIG3 @ 0x8009
  7383                           ;	WDT Period Select bits
  7384                           ;	WDTCPS = WDTCPS_31, Divider ratio 1:65536; software control of WDTPS
  7385                           ;	WDT operating mode
  7386                           ;	WDTE = OFF, WDT Disabled, SWDTEN is ignored
  7387                           ;	WDT Window Select bits
  7388                           ;	WDTCWS = WDTCWS_7, window always open (100%); software control; keyed access not requi
      +                          red
  7389                           ;	WDT input clock selector
  7390                           ;	WDTCCS = SC, Software Control
  7391     8009                     	org	32777
  7392     8009  3F9F               	dw	16287
  7393                           
  7394                           ;Config register CONFIG4 @ 0x800A
  7395                           ;	Boot Block Size Selection bits
  7396                           ;	BBSIZE = BB512, 512 words boot block size
  7397                           ;	Boot Block Enable bit
  7398                           ;	BBEN = OFF, Boot Block disabled
  7399                           ;	SAF Enable bit
  7400                           ;	SAFEN = OFF, SAF disabled
  7401                           ;	Application Block Write Protection bit
  7402                           ;	WRTAPP = OFF, Application Block not write protected
  7403                           ;	Boot Block Write Protection bit
  7404                           ;	WRTB = OFF, Boot Block not write protected
  7405                           ;	Configuration Register Write Protection bit
  7406                           ;	WRTC = OFF, Configuration Register not write protected
  7407                           ;	Data EEPROM write protection bit
  7408                           ;	WRTD = OFF, Data EEPROM NOT write protected
  7409                           ;	Storage Area Flash Write Protection bit
  7410                           ;	WRTSAF = OFF, SAF not write protected
  7411                           ;	Low Voltage Programming Enable bit
  7412                           ;	LVP = ON, Low Voltage programming enabled. MCLR/Vpp pin function is MCLR.
  7413     800A                     	org	32778
  7414     800A  3FFF               	dw	16383
  7415                           
  7416                           ;Config register CONFIG5 @ 0x800B
  7417                           ;	UserNVM Program memory code protection bit
  7418                           ;	CP = OFF, UserNVM code protection disabled
  7419     800B                     	org	32779
  7420     800B  3FFF               	dw	16383

Data Sizes:
    Strings     8
    Constant    0
    Data        1
    BSS         66
    Persistent  60
    Stack       0

Auto Spaces:
    Space          Size  Autos    Used
    COMMON           14      3      12
    BANK0            80     32      71
    BANK1            80      0      31
    BANK2            80      0       0
    BANK3            80      0       0
    BANK4            80      0       0
    BANK5            80      0       0
    BANK6            80      0       0
    BANK7            80      0       0
    BANK8            80      0       0
    BANK9            80      0       0
    BANK10           80      0       0
    BANK11           80      0       0
    BANK12           80      0       0
    BANK13           80      0       0
    BANK14           80      0       0
    BANK15           80      0       0
    BANK16           80      0       0
    BANK17           80      0       0
    BANK18           80      0       0
    BANK19           80      0       0
    BANK20           80      0       0
    BANK21           80      0       0
    BANK22           80      0       0
    BANK23           80      0       0
    BANK24           80      0       0
    BANK25           32      0       0

Pointer List with Targets:

    EUSART1_ErrorHandler	PTR FTN()void  size(2) Largest target is 1
		 -> EUSART1_DefaultErrorHandler(), NULL(), 

    EUSART1_FramingErrorHandler	PTR FTN()void  size(2) Largest target is 1
		 -> EUSART1_DefaultFramingErrorHandler(), NULL(), 

    EUSART1_OverrunErrorHandler	PTR FTN()void  size(2) Largest target is 1
		 -> EUSART1_DefaultOverrunErrorHandler(), NULL(), 

    EUSART1_RxDefaultInterruptHandler	PTR FTN()void  size(2) Largest target is 1
		 -> EUSART1_Receive_ISR(), NULL(), 

    EUSART1_SetErrorHandler@interruptHandler	PTR FTN()void  size(2) Largest target is 1
		 -> EUSART1_DefaultErrorHandler(), 

    EUSART1_SetFramingErrorHandler@interruptHandler	PTR FTN()void  size(2) Largest target is 1
		 -> EUSART1_DefaultFramingErrorHandler(), 

    EUSART1_SetOverrunErrorHandler@interruptHandler	PTR FTN()void  size(2) Largest target is 1
		 -> EUSART1_DefaultOverrunErrorHandler(), 

    EUSART1_SetRxInterruptHandler@interruptHandler	PTR FTN()void  size(2) Largest target is 1
		 -> EUSART1_Receive_ISR(), 

    EUSART1_SetTxInterruptHandler@interruptHandler	PTR FTN()void  size(2) Largest target is 1
		 -> EUSART1_Transmit_ISR(), 

    EUSART1_TxDefaultInterruptHandler	PTR FTN()void  size(2) Largest target is 1
		 -> EUSART1_Transmit_ISR(), NULL(), 

    motor	PTR volatile struct . size(1) Largest target is 31
		 -> motor_data(BANK1[31]), 

    MotorInit@motor	PTR volatile struct . size(1) Largest target is 1
		 -> motor(COMMON[1]), 

    TMR1_InterruptHandler	PTR FTN()void  size(2) Largest target is 1
		 -> TMR1_DefaultInterruptHandler(), NULL(), 

    TMR1_SetInterruptHandler@InterruptHandler	PTR FTN()void  size(2) Largest target is 1
		 -> TMR1_DefaultInterruptHandler(), 


Critical Paths under _main in COMMON

    None.

Critical Paths under _INTERRUPT_InterruptManager in COMMON

    _Serial_Timer100msISR->_SerialSendData
    _SerialSendData->_EUSART1_Write

Critical Paths under _main in BANK0

    _SYSTEM_Initialize->_MotorInit
    _TMR1_Initialize->_TMR1_SetInterruptHandler
    _EUSART1_Initialize->_EUSART1_SetErrorHandler
    _EUSART1_Initialize->_EUSART1_SetFramingErrorHandler
    _EUSART1_Initialize->_EUSART1_SetOverrunErrorHandler
    _EUSART1_Initialize->_EUSART1_SetRxInterruptHandler
    _EUSART1_Initialize->_EUSART1_SetTxInterruptHandler

Critical Paths under _INTERRUPT_InterruptManager in BANK0

    None.

Critical Paths under _main in BANK1

    None.

Critical Paths under _INTERRUPT_InterruptManager in BANK1

    None.

Critical Paths under _main in BANK2

    None.

Critical Paths under _INTERRUPT_InterruptManager in BANK2

    None.

Critical Paths under _main in BANK3

    None.

Critical Paths under _INTERRUPT_InterruptManager in BANK3

    None.

Critical Paths under _main in BANK4

    None.

Critical Paths under _INTERRUPT_InterruptManager in BANK4

    None.

Critical Paths under _main in BANK5

    None.

Critical Paths under _INTERRUPT_InterruptManager in BANK5

    None.

Critical Paths under _main in BANK6

    None.

Critical Paths under _INTERRUPT_InterruptManager in BANK6

    None.

Critical Paths under _main in BANK7

    None.

Critical Paths under _INTERRUPT_InterruptManager in BANK7

    None.

Critical Paths under _main in BANK8

    None.

Critical Paths under _INTERRUPT_InterruptManager in BANK8

    None.

Critical Paths under _main in BANK9

    None.

Critical Paths under _INTERRUPT_InterruptManager in BANK9

    None.

Critical Paths under _main in BANK10

    None.

Critical Paths under _INTERRUPT_InterruptManager in BANK10

    None.

Critical Paths under _main in BANK11

    None.

Critical Paths under _INTERRUPT_InterruptManager in BANK11

    None.

Critical Paths under _main in BANK12

    None.

Critical Paths under _INTERRUPT_InterruptManager in BANK12

    None.

Critical Paths under _main in BANK13

    None.

Critical Paths under _INTERRUPT_InterruptManager in BANK13

    None.

Critical Paths under _main in BANK14

    None.

Critical Paths under _INTERRUPT_InterruptManager in BANK14

    None.

Critical Paths under _main in BANK15

    None.

Critical Paths under _INTERRUPT_InterruptManager in BANK15

    None.

Critical Paths under _main in BANK16

    None.

Critical Paths under _INTERRUPT_InterruptManager in BANK16

    None.

Critical Paths under _main in BANK17

    None.

Critical Paths under _INTERRUPT_InterruptManager in BANK17

    None.

Critical Paths under _main in BANK18

    None.

Critical Paths under _INTERRUPT_InterruptManager in BANK18

    None.

Critical Paths under _main in BANK19

    None.

Critical Paths under _INTERRUPT_InterruptManager in BANK19

    None.

Critical Paths under _main in BANK20

    None.

Critical Paths under _INTERRUPT_InterruptManager in BANK20

    None.

Critical Paths under _main in BANK21

    None.

Critical Paths under _INTERRUPT_InterruptManager in BANK21

    None.

Critical Paths under _main in BANK22

    None.

Critical Paths under _INTERRUPT_InterruptManager in BANK22

    None.

Critical Paths under _main in BANK23

    None.

Critical Paths under _INTERRUPT_InterruptManager in BANK23

    None.

Critical Paths under _main in BANK24

    None.

Critical Paths under _INTERRUPT_InterruptManager in BANK24

    None.

Critical Paths under _main in BANK25

    None.

Critical Paths under _INTERRUPT_InterruptManager in BANK25

    None.

Call Graph Tables:

 ---------------------------------------------------------------------------------
 (Depth) Function   	        Calls       Base Space   Used Autos Params    Refs
 ---------------------------------------------------------------------------------
 (0) _main                                                 0     0      0     857
                  _SYSTEM_Initialize
 ---------------------------------------------------------------------------------
 (1) _SYSTEM_Initialize                                    0     0      0     857
                 _EUSART1_Initialize
                          _MotorInit
                    _NCO1_Initialize
              _OSCILLATOR_Initialize
             _PIN_MANAGER_Initialize
                     _PMD_Initialize
                    _TMR1_Initialize
 ---------------------------------------------------------------------------------
 (2) _TMR1_Initialize                                      0     0      0      34
           _TMR1_SetInterruptHandler
 ---------------------------------------------------------------------------------
 (3) _TMR1_SetInterruptHandler                             2     0      2      34
                                              0 BANK0      2     0      2
 ---------------------------------------------------------------------------------
 (2) _PMD_Initialize                                       0     0      0       0
 ---------------------------------------------------------------------------------
 (2) _PIN_MANAGER_Initialize                               0     0      0       0
 ---------------------------------------------------------------------------------
 (2) _OSCILLATOR_Initialize                                0     0      0       0
 ---------------------------------------------------------------------------------
 (2) _NCO1_Initialize                                      0     0      0       0
 ---------------------------------------------------------------------------------
 (2) _MotorInit                                           32     0     32     653
                                              0 BANK0     32     0     32
 ---------------------------------------------------------------------------------
 (2) _EUSART1_Initialize                                   0     0      0     170
            _EUSART1_SetErrorHandler
     _EUSART1_SetFramingErrorHandler
     _EUSART1_SetOverrunErrorHandler
      _EUSART1_SetRxInterruptHandler
      _EUSART1_SetTxInterruptHandler
 ---------------------------------------------------------------------------------
 (3) _EUSART1_SetTxInterruptHandler                        2     0      2      34
                                              0 BANK0      2     0      2
 ---------------------------------------------------------------------------------
 (3) _EUSART1_SetRxInterruptHandler                        2     0      2      34
                                              0 BANK0      2     0      2
 ---------------------------------------------------------------------------------
 (3) _EUSART1_SetOverrunErrorHandler                       2     0      2      34
                                              0 BANK0      2     0      2
 ---------------------------------------------------------------------------------
 (3) _EUSART1_SetFramingErrorHandler                       2     0      2      34
                                              0 BANK0      2     0      2
 ---------------------------------------------------------------------------------
 (3) _EUSART1_SetErrorHandler                              2     0      2      34
                                              0 BANK0      2     0      2
 ---------------------------------------------------------------------------------
 Estimated maximum stack depth 3
 ---------------------------------------------------------------------------------
 (Depth) Function   	        Calls       Base Space   Used Autos Params    Refs
 ---------------------------------------------------------------------------------
 (4) _INTERRUPT_InterruptManager                           0     0      0     193
                                NULL *
                _EUSART1_Receive_ISR *
               _EUSART1_Transmit_ISR *
                           _NCO1_ISR
                           _TMR1_ISR
 ---------------------------------------------------------------------------------
 (5) _TMR1_ISR                                             0     0      0     193
               _Serial_Timer100msISR
                    _TMR1_WriteTimer
 ---------------------------------------------------------------------------------
 (6) _TMR1_WriteTimer                                      2     0      2      90
                                              0 COMMON     2     0      2
 ---------------------------------------------------------------------------------
 (6) _Serial_Timer100msISR                                 0     0      0     103
                     _SerialSendData
 ---------------------------------------------------------------------------------
 (7) _SerialSendData                                       2     0      2     103
                                              1 COMMON     2     0      2
                      _EUSART1_Write
                _EUSART1_is_tx_ready
 ---------------------------------------------------------------------------------
 (8) _EUSART1_is_tx_ready                                  0     0      0       0
 ---------------------------------------------------------------------------------
 (8) _EUSART1_Write                                        1     1      0      58
                                              0 COMMON     1     1      0
 ---------------------------------------------------------------------------------
 (5) _NCO1_ISR                                             0     0      0       0
 ---------------------------------------------------------------------------------
 (5) _EUSART1_Transmit_ISR                                 0     0      0       0
 ---------------------------------------------------------------------------------
 (5) _EUSART1_Receive_ISR                                  0     0      0       0
                                NULL *
        _EUSART1_DefaultErrorHandler *
 _EUSART1_DefaultFramingErrorHandler *
 _EUSART1_DefaultOverrunErrorHandler *
              _EUSART1_RxDataHandler
 ---------------------------------------------------------------------------------
 (6) _EUSART1_DefaultOverrunErrorHandler                   0     0      0       0
 ---------------------------------------------------------------------------------
 (6) _EUSART1_DefaultFramingErrorHandler                   0     0      0       0
 ---------------------------------------------------------------------------------
 (6) _EUSART1_DefaultErrorHandler                          0     0      0       0
              _EUSART1_RxDataHandler
 ---------------------------------------------------------------------------------
 (7) _EUSART1_RxDataHandler                                0     0      0       0
 ---------------------------------------------------------------------------------
 (6) NULL(Fake)                                            0     0      0       0
 ---------------------------------------------------------------------------------
 Estimated maximum stack depth 8
 ---------------------------------------------------------------------------------

 Call Graph Graphs:

 _main (ROOT)
   _SYSTEM_Initialize
     _EUSART1_Initialize
       _EUSART1_SetErrorHandler
       _EUSART1_SetFramingErrorHandler
       _EUSART1_SetOverrunErrorHandler
       _EUSART1_SetRxInterruptHandler
       _EUSART1_SetTxInterruptHandler
     _MotorInit
     _NCO1_Initialize
     _OSCILLATOR_Initialize
     _PIN_MANAGER_Initialize
     _PMD_Initialize
     _TMR1_Initialize
       _TMR1_SetInterruptHandler

 _INTERRUPT_InterruptManager (ROOT)
   NULL(Fake) *
   _EUSART1_Receive_ISR *
     NULL(Fake) *
     _EUSART1_DefaultErrorHandler *
       _EUSART1_RxDataHandler
     _EUSART1_DefaultFramingErrorHandler *
     _EUSART1_DefaultOverrunErrorHandler *
     _EUSART1_RxDataHandler *
   _EUSART1_Transmit_ISR *
   _NCO1_ISR *
   _TMR1_ISR *
     _Serial_Timer100msISR
       _SerialSendData
         _EUSART1_Write
         _EUSART1_is_tx_ready
     _TMR1_WriteTimer

Address spaces:
Name               Size   Autos  Total    Usage
BITCOMMON           14      0       0      0.0%
BITBANK0            80      0       0      0.0%
BITBANK1            80      0       0      0.0%
BITBANK2            80      0       0      0.0%
BITBANK3            80      0       0      0.0%
BITBANK4            80      0       0      0.0%
BITBANK5            80      0       0      0.0%
BITBANK6            80      0       0      0.0%
BITBANK7            80      0       0      0.0%
BITBANK8            80      0       0      0.0%
BITBANK9            80      0       0      0.0%
BITBANK10           80      0       0      0.0%
BITBANK11           80      0       0      0.0%
BITBANK12           80      0       0      0.0%
BITBANK13           80      0       0      0.0%
BITBANK14           80      0       0      0.0%
BITBANK15           80      0       0      0.0%
BITBANK16           80      0       0      0.0%
BITBANK17           80      0       0      0.0%
BITBANK18           80      0       0      0.0%
BITBANK19           80      0       0      0.0%
BITBANK20           80      0       0      0.0%
BITBANK21           80      0       0      0.0%
BITBANK22           80      0       0      0.0%
BITBANK23           80      0       0      0.0%
BITBANK24           80      0       0      0.0%
BITBANK25           32      0       0      0.0%
BIGRAM            2032      0       0      0.0%
COMMON              14      3      12     85.7%
BANK0               80     32      71     88.8%
BANK1               80      0      31     38.8%
BANK2               80      0       0      0.0%
BANK3               80      0       0      0.0%
BANK4               80      0       0      0.0%
BANK5               80      0       0      0.0%
BANK6               80      0       0      0.0%
BANK7               80      0       0      0.0%
BANK8               80      0       0      0.0%
BANK9               80      0       0      0.0%
BANK10              80      0       0      0.0%
BANK11              80      0       0      0.0%
BANK12              80      0       0      0.0%
BANK13              80      0       0      0.0%
BANK14              80      0       0      0.0%
BANK15              80      0       0      0.0%
BANK16              80      0       0      0.0%
BANK17              80      0       0      0.0%
BANK18              80      0       0      0.0%
BANK19              80      0       0      0.0%
BANK20              80      0       0      0.0%
BANK21              80      0       0      0.0%
BANK22              80      0       0      0.0%
BANK23              80      0       0      0.0%
BANK24              80      0       0      0.0%
BANK25              32      0       0      0.0%
STACK                0      0       0      0.0%
DATA                 0      0     117      0.0%


Microchip Technology PIC Macro Assembler V3.10 build 20250813170317 
Symbol Table                                                                                   Tue Apr 14 01:22:03 2026

                      _eusart1TxBufferRemaining 0075                                              l70 0201  
                                            l99 02AF                          ??_Serial_Timer100msISR 007B  
                                           l311 025A                                             l217 0165  
                                           l139 01E3                                             l500 0291  
                                           l280 02CD                                             l274 02C7  
                                           l283 02B5                                             l277 02C1  
                                           l381 0282                                             l286 02BB  
                                           l375 0122                                             l378 028B  
                                           l398 00CE                                             l499 0291  
                               _timer1ReloadVal 0070                                             wreg 0009  
                                          l1601 01C6                                            l1611 01D4  
                                          l1603 01C8                                            l1621 01DE  
                                          l1613 01D6                                            l1605 01CA  
                                          l1623 01E0                                            l1615 01D8  
                                          l1607 01CD                                            l1617 01DA  
                                          l1609 01D0                                            l1619 01DC  
                                          l1901 0140                                            l1661 024A  
                                          l1911 0160                                            l1903 015A  
                                          l1671 0259                                            l1663 024F  
                                          l1913 0161                                            l1905 015C  
                                          l1921 0074                                            l1665 0254  
                                          l1673 0279                                            l1915 0162  
                                          l1907 015D                                            l1931 00A4  
                                          l1923 0080                                            l1667 0256  
                                          l1675 0283                                            l1861 02B0  
                                          l1917 0163                                            l1909 015E  
                                          l1933 00AA                                            l1925 008C  
                                          l1669 0257                                            l1677 0286  
                                          l1941 00DB                                            l1863 02C2  
                                          l1935 00B6                                            l1927 0098  
                                          l1919 0068                                            l1679 0288  
                                          l1599 01C3                                            l1871 01E7  
                                          l1943 00DE                                            l1951 0290  
                                          l1865 02BC                                            l1937 00C2  
                                          l1929 009E                                            l1857 02AA  
                                          l1881 01F4                                            l1873 01E9  
                                          l1945 00E1                                            l1867 02C8  
                                          l1859 02B6                                            l1891 012D  
                                          l1883 01F6                                            l1875 01EB  
                                          l1939 00CF                                            l1947 028C  
                                          l1893 0137                                            l1885 01FE  
                                          l1877 01ED                                            l1869 01E4  
                                          l1949 028F                                            l1895 013A  
                                          l1887 0123                                            l1879 01EF  
                                          l1897 013C                                            l1889 0125  
                                          l1899 013E                                            STR_1 02DF  
                                          STR_2 02DD                                            STR_3 02D9  
                                          STR_4 02DB                                            _LATA 0018  
                                          _LATC 001A                                            _PMD0 0796  
                                          _PMD1 0797                                            i1l30 002A  
                                          _PMD2 0798                                            _PMD3 0799  
                                          i1l32 0039                                            _PMD4 079A  
                                          _PMD5 079B                                            _PMD6 079C  
                                          _PMD7 079D                                            i1l28 001B  
                                          i1l37 0044                                            i1l84 026B  
                                          i1l96 0278                                            _WPUA 1F39  
                                          _WPUC 1F4F                                   _EUSART1_Write 019F  
                                          _main 028C                                            fsr0h 0005  
                                          fsr1h 0007                                            indf0 0000  
                                          fsr0l 0004                                            indf1 0001  
                                          fsr1l 0006                                            btemp 007E  
                                          start 0046                                ?_NCO1_Initialize 0078  
                    ??_TMR1_SetInterruptHandler 0022                                __end_of_NCO1_ISR 02D9  
                 __end_of_OSCILLATOR_Initialize 028C                           _eusart1RxStatusBuffer 0040  
                                         ?_main 0078                                           _T1CLK 0211  
                                         _T1CON 020E                                           i1l220 02A3  
                                         i1l241 01A5                                           i1l330 02D8  
                                         i1l242 01AE                                           i1l251 021D  
                                         i1l245 01C2                                           i1l262 0249  
                                         i1l271 02D5                                           i1l248 021B  
                                         i1l265 02E2                                           i1l258 019E  
                                         i1l268 02D1                                           i1l476 0236  
                                         i1l479 029B                                           _OSCEN 0891  
                                         _TMR1H 020D                                           _TMR1L 020C  
                                         u50_20 01BD                                           u50_21 01BC  
                                         u51_20 0246                                           u51_21 0245  
                                         u52_20 0226                                           u60_20 000E  
                                         u52_21 0225                                           u60_21 000D  
                                         u53_20 0232                                           u61_20 0013  
                                         u53_21 0231                                           u61_21 0012  
                                         u46_20 02A2                                           u54_20 0260  
                                         u62_20 0017                                           u46_21 02A0  
                                         u54_21 025F                                           u62_21 0016  
                                         u55_20 0208                                           u47_20 02A3  
                                         u63_20 001F                                           u55_21 0207  
                                         u63_21 001E                                           u56_20 0217  
                                         u48_20 01A5                                           u64_20 0023  
                                         u56_21 0216                                           u48_21 01A4  
                                         u64_21 0022                                           u57_20 0170  
                                         u49_20 01AA                                           u65_20 002E  
                                         u57_21 016F                                           u49_21 01A9  
                                         u65_21 002D                                           _TRISA 0012  
                                         _TRISC 0014                                           u58_20 0180  
                                         u66_20 0032                                           u58_21 017F  
                                         u66_21 0031                                           u59_20 0194  
                                         u67_20 003D                                           u59_21 0193  
                                         u67_21 003C                                           u68_20 0041  
                                         u68_21 0040                            _EUSART1_Transmit_ISR 0202  
                              __end_of_TMR1_ISR 0279                                           _motor 007B  
                                         btemp0 007E                                           btemp1 007F  
                                ?_EUSART1_Write 0078                         __end_of_TMR1_Initialize 0202  
                                _SerialSendData 021E                                           pclath 000A  
                                         status 0003                                           wtemp0 007E  
    __end_of_EUSART1_DefaultFramingErrorHandler 02E3            ??_EUSART1_DefaultFramingErrorHandler 0078  
           ?_EUSART1_DefaultFramingErrorHandler 0078              _EUSART1_DefaultFramingErrorHandler 02E2  
                               _TMR1_WriteTimer 025B                              MotorInit@direction 0031  
                               __initialization 0048                      __end_of_EUSART1_Initialize 0166  
                                  __end_of_main 0294                     ?_INTERRUPT_InterruptManager 0078  
                                        ??_main 0040                           ?_EUSART1_Transmit_ISR 0078  
                            MotorInit@reduction 0038                          __end_of_SerialSendData 0237  
                                        _ANSELA 1F38                                          _ANSELC 1F4E  
                                        _T1GATE 0210                                          _T1GCON 020F  
                                        _RC1REG 0119                                          _RC0PPS 1F20  
                                        _RC1STA 011D                         TMR1_WriteTimer@timerVal 0078  
                                        _RC4PPS 1F24                                          i1l1511 029C  
                                        i1l1521 01AF                                          _ODCONA 1F3A  
                                        i1l1523 01B5                                          i1l1531 01C0  
                                        i1l1515 01A0                                          _ODCONC 1F50  
                                        i1l1701 02D6                                          i1l1525 01B7  
                                        i1l1517 01A0                                          i1l1551 0246  
                                        i1l1711 0208                                          i1l1527 01BD  
                                        i1l1519 01AA                                          i1l1703 026C  
                                        i1l1553 0247                                          i1l1545 0237  
                                        i1l1721 0166                                          i1l1713 020F  
                                        i1l1529 01BE                                          i1l1561 022A  
                                        i1l1705 026E                                          i1l1547 023E  
                                        i1l1731 0180                                          i1l1723 016B  
                                        i1l1715 0211                                          i1l1563 0232  
                                        i1l1555 021E                                          i1l1707 0275  
                                        i1l1549 0240                                          i1l1733 0185  
                                        i1l1725 0170                                          i1l1717 0217  
                                        i1l1709 0202                                          i1l1557 021E  
                                        i1l1735 018B                                          i1l1727 0175  
                                        i1l1719 0218                                          i1l1559 0226  
                                        i1l1591 0265                                          i1l1583 025B  
                                        i1l1751 000E                                          i1l1657 02CE  
                                        i1l1737 0194                                          i1l1729 017B  
                                        i1l1585 0260                                          i1l1593 0267  
                                        i1l1761 002E                                          i1l1753 0013  
                                        i1l1659 02D2                                          i1l1739 019B  
                                        i1l1595 0269                                          i1l1587 0261  
                                        i1l1763 0032                                          i1l1755 0017  
                                        i1l1597 0294                                          i1l1589 0263  
                                        i1l1765 003D                                          i1l1757 001F  
                                        i1l1749 000A                                          i1l1767 0041  
                                        i1l1759 0023                                          _INLVLA 1F3C  
                                        _INLVLC 1F52                                          _OSCFRQ 0893  
                                        _RX1PPS 1ECB                                          _TX1REG 011A  
                                        _TX1STA 011E                    _TMR1_DefaultInterruptHandler 0000  
                            MotorInit@steps_rev 0034                        ?_EUSART1_SetErrorHandler 0020  
              ??_EUSART1_SetOverrunErrorHandler 0022                 ?_EUSART1_SetOverrunErrorHandler 0020  
                                _PMD_Initialize 0279                                    __pdataCOMMON 007B  
                                        ltemp0a 0080                                          ttemp0a 007F  
                               ??_EUSART1_Write 0078                                 ?_SerialSendData 0079  
      TMR1_SetInterruptHandler@InterruptHandler 0020                                          wtemp0a 007F  
                       __end_of_TMR1_WriteTimer 026C                                 _eusart1RxBuffer 0048  
                               _eusart1TxBuffer 0050                                ?_TMR1_Initialize 0078  
                             _SYSTEM_Initialize 00CF                                       ?_NCO1_ISR 0078  
                       __end_of__initialization 0064                         MotorInit@position_steps 0021  
                            ?_SYSTEM_Initialize 0078                   __end_of_EUSART1_RxDataHandler 024A  
                                __pcstackCOMMON 0078                             ??_SYSTEM_Initialize 0040  
                                     ?_TMR1_ISR 0078                          __end_of_PMD_Initialize 0283  
                        ??_EUSART1_Transmit_ISR 0078                     __end_of_EUSART1_Receive_ISR 019F  
                     __end_of_SYSTEM_Initialize 0123                                   _eusart1RxHead 0074  
                                 _eusart1TxHead 0077                                   _eusart1RxTail 0073  
                                    __pbssBANK0 0040                                      __pbssBANK1 00A0  
                                 _eusart1TxTail 0076               _EUSART1_TxDefaultInterruptHandler 0065  
               ??_EUSART1_SetRxInterruptHandler 0022                                      ??_NCO1_ISR 0078  
                             __end_of_MotorInit 00CF                 __end_of_EUSART1_SetErrorHandler 02CE  
                                    __pmaintext 028C                                      ??_TMR1_ISR 007B  
                                    __pintentry 0004                                 ?_PMD_Initialize 0078  
        __end_of_EUSART1_SetFramingErrorHandler 02C8                  _EUSART1_SetFramingErrorHandler 02C2  
                                       _NCO1CLK 0593                                         _NCO1CON 0592  
                  ?_EUSART1_DefaultErrorHandler 0078                                         _SP1BRGH 011C  
                                       _SP1BRGL 011B                                         _OSCCON1 088D  
                                       _OSCCON3 088F                                         _OSCTUNE 0892  
                                       _SLRCONA 1F3B                                         _SLRCONC 1F51  
                              ?_TMR1_WriteTimer 0078                             _EUSART1_is_tx_ready 029C  
                                       __ptext1 00CF                                         __ptext2 01E4  
                                       __ptext3 02AA                                         __ptext4 0279  
                                       __ptext5 01C3                                         __ptext6 0283  
                                       __ptext7 024A                                         __ptext8 0068  
                                       __ptext9 0123                           MotorInit@target_steps 0029  
                                     _T1CONbits 020E                           _OSCILLATOR_Initialize 0283  
                            _EUSART1_Initialize 0123                        ??_PIN_MANAGER_Initialize 0020  
                     ?_TMR1_SetInterruptHandler 0020                   ??_EUSART1_DefaultErrorHandler 0078  
                                       clrloop0 02A5                            end_of_initialization 0064  
                           ?_EUSART1_Initialize 0078                            ?_EUSART1_is_tx_ready 0078  
                   _EUSART1_OverrunErrorHandler 005D           __end_of_EUSART1_SetRxInterruptHandler 02BC  
                 _EUSART1_SetRxInterruptHandler 02B6                                      _motor_data 00A0  
                          ??_EUSART1_Initialize 0022                                       _PORTCbits 000E  
                              ??_SerialSendData 007B                             EUSART1_Write@txData 0078  
                           SerialSendData@value 0079                           ??_EUSART1_is_tx_ready 0078  
                        MotorInit@microstepping 003C                                   __pidataCOMMON 02E1  
                        ?_OSCILLATOR_Initialize 0078                             start_initialization 0048  
                             ??_NCO1_Initialize 0020   EUSART1_SetRxInterruptHandler@interruptHandler 0020  
 EUSART1_SetTxInterruptHandler@interruptHandler 0020                           __end_of_EUSART1_Write 01C3  
                    MotorInit@absolute_position 0025                                       _MotorInit 0068  
                              ??_PMD_Initialize 0020                           _EUSART1_RxDataHandler 0237  
                ?_EUSART1_SetRxInterruptHandler 0020                           MotorInit@step_rate_hz 002D  
                                _eusart1RxCount 0072                                     __pbssCOMMON 0070  
             _EUSART1_RxDefaultInterruptHandler 0063                                       ___latbits 0003  
                                 __pcstackBANK0 0020                                     _debug_value 0058  
               ??_EUSART1_SetTxInterruptHandler 0022                ??_EUSART1_SetFramingErrorHandler 0022  
               ?_EUSART1_SetFramingErrorHandler 0020                    __end_of_Serial_Timer100msISR 029C  
                                     __pnvBANK0 005B                          _PIN_MANAGER_Initialize 01C3  
                                    ?_MotorInit 0020                __end_of_TMR1_SetInterruptHandler 02B0  
                  ??_INTERRUPT_InterruptManager 007B                                        _BAUD1CON 011F  
    __end_of_EUSART1_DefaultOverrunErrorHandler 02D2            ??_EUSART1_DefaultOverrunErrorHandler 0078  
           ?_EUSART1_DefaultOverrunErrorHandler 0078              _EUSART1_DefaultOverrunErrorHandler 02CE  
                          _EUSART1_ErrorHandler 005B                         _EUSART1_SetErrorHandler 02C8  
                                   _NCO1CONbits 0592                                        _NCO1ACCH 058D  
                                      _NCO1ACCL 058C                                        _NCO1ACCU 058E  
                                      _NCO1INCH 0590                                        _NCO1INCL 058F  
                                      _NCO1INCU 0591                                        _NCO1_ISR 02D6  
       EUSART1_SetErrorHandler@interruptHandler 0020                                        _LATCbits 001A  
                                     clear_ram0 02A4                                        _PIE3bits 0719  
                                      _PIE4bits 071A                                        _PIE7bits 071D  
                                      _PIR3bits 070F                                        _PIR4bits 0710  
                                      _PIR7bits 0713                          ?_EUSART1_RxDataHandler 0078  
                                      _TMR1_ISR 026C                               ??_TMR1_Initialize 0022  
         __end_of_EUSART1_SetTxInterruptHandler 02B6                   _EUSART1_SetTxInterruptHandler 02B0  
                                   ??_MotorInit 0040                         ??_OSCILLATOR_Initialize 0020  
                               _NCO1_Initialize 024A                                        ___int_sp 0000  
                      _TMR1_SetInterruptHandler 02AA                           _TMR1_InterruptHandler 0061  
                     ??_EUSART1_SetErrorHandler 0022             __end_of_EUSART1_DefaultErrorHandler 02D6  
                   _EUSART1_DefaultErrorHandler 02D2                            _Serial_Timer100msISR 0294  
                   __end_of_EUSART1_is_tx_ready 02A4                                        __ptext10 02B0  
                                      __ptext11 02B6                                        __ptext20 029C  
                                      __ptext12 02BC                                        __ptext21 019F  
                                      __ptext13 02C2                                      _T1GCONbits 020F  
                                      __ptext22 02D6                                        __ptext14 02C8  
                                      __ptext23 0202                                        __ptext24 0166  
                                      __ptext16 026C                                        __ptext25 02CE  
                                      __ptext17 025B                                        __ptext26 02E2  
                                      __ptext18 0294                                        __ptext27 02D2  
                                      __ptext19 021E                                        __ptext28 0237  
                                    _RC1STAbits 011D  EUSART1_SetOverrunErrorHandler@interruptHandler 0020  
                                      int$flags 007E              __end_of_INTERRUPT_InterruptManager 0046  
                    _INTERRUPT_InterruptManager 0004                               ??_TMR1_WriteTimer 007A  
                   _EUSART1_FramingErrorHandler 005F                             _EUSART1_Receive_ISR 0166  
                         ?_Serial_Timer100msISR 0078                                      _INTCONbits 000B  
                               MotorInit@moving 0032                          MotorInit@movement_type 0033  
                                      intlevel1 0000                            ?_EUSART1_Receive_ISR 0078  
                       ?_PIN_MANAGER_Initialize 0078          __end_of_EUSART1_SetOverrunErrorHandler 02C2  
                _EUSART1_SetOverrunErrorHandler 02BC                    __end_of_EUSART1_Transmit_ISR 021E  
                       __end_of_NCO1_Initialize 025B  EUSART1_SetFramingErrorHandler@interruptHandler 0020  
                ?_EUSART1_SetTxInterruptHandler 0020                                  MotorInit@motor 0020  
                            _eusart1RxLastError 005A                                   __pstringtext1 02D9  
                                 __pstringtext2 02DB                                   __pstringtext3 02DD  
                                 __pstringtext4 02DF                                   __pstringtext5 0000  
                                    _TX1STAbits 011E                           ??_EUSART1_Receive_ISR 0078  
                __end_of_PIN_MANAGER_Initialize 01E4                         ??_EUSART1_RxDataHandler 0078  
                               _TMR1_Initialize 01E4  
